frame,timestamp,track_id,x1,y1,x2,y2,confidence
0,0.000,1,234.3,212.1,269.6,303.3,0.8634
0,0.000,2,735.9,208.4,774.7,296.3,0.8374
0,0.000,3,684.1,197.8,716.0,308.8,0.7758
0,0.000,4,318.0,215.0,339.6,288.7,0.6156
0,0.000,5,343.6,207.6,372.0,299.0,0.5826
0,0.000,6,367.5,207.1,393.2,300.7,0.5770
0,0.000,7,276.8,213.9,296.7,300.5,0.5019
0,0.000,8,588.1,205.2,606.1,257.5,0.4529
0,0.000,9,592.4,204.3,612.4,256.6,0.4227
0,0.000,10,300.9,214.3,321.4,297.5,0.4144
0,0.000,11,283.1,216.8,309.0,299.7,0.3859
0,0.000,12,554.0,206.0,570.2,247.1,0.3760
0,0.000,13,477.7,196.0,498.1,261.6,0.3678
0,0.000,14,475.2,197.6,493.1,260.0,0.2804
1,0.033,1,231.8,209.8,267.7,302.7,0.8528
1,0.033,2,732.4,210.2,770.5,296.5,0.8303
1,0.033,3,682.3,198.6,713.8,308.4,0.7898
1,0.033,4,315.1,211.2,337.9,289.2,0.4768
1,0.033,5,339.1,205.2,368.6,300.2,0.5877
1,0.033,6,364.5,207.9,389.1,297.7,0.5070
1,0.033,7,277.9,215.8,297.2,299.1,0.6527
1,0.033,8,586.0,206.1,603.3,256.7,0.3333
1,0.033,10,297.9,212.6,318.8,297.5,0.4321
1,0.033,12,552.1,206.7,567.5,245.8,0.3023
1,0.033,13,479.1,195.0,499.8,261.7,0.2764
2,0.067,1,228.7,212.7,263.3,302.2,0.8279
2,0.067,2,728.8,209.7,767.2,296.8,0.8426
2,0.067,3,681.1,199.6,712.5,308.6,0.8449
2,0.067,4,312.4,210.1,333.6,282.5,0.3384
2,0.067,5,335.4,204.9,364.5,298.9,0.5081
2,0.067,6,359.9,209.2,384.1,297.7,0.4060
2,0.067,7,274.5,215.2,294.3,299.5,0.6525
2,0.067,8,583.8,206.7,600.5,255.4,0.5051
2,0.067,10,293.8,209.5,315.5,297.5,0.3722
2,0.067,12,549.1,207.0,564.7,246.5,0.3562
3,0.100,1,224.5,214.1,258.9,303.2,0.7902
3,0.100,2,725.3,208.2,765.0,298.4,0.8261
3,0.100,3,679.6,200.1,711.2,309.3,0.8611
3,0.100,4,307.6,213.3,329.3,287.3,0.5948
3,0.100,5,332.9,206.3,361.6,298.4,0.5549
3,0.100,6,358.2,212.6,380.4,293.6,0.3811
3,0.100,7,272.2,215.2,292.6,300.9,0.5708
3,0.100,12,546.3,207.9,562.0,247.9,0.3011
3,0.100,14,474.3,197.5,492.8,261.4,0.3278
3,0.100,16,789.5,211.5,806.6,269.4,0.4321
4,0.133,1,218.7,214.8,253.2,304.3,0.8538
4,0.133,2,721.1,211.4,759.5,298.7,0.7894
4,0.133,3,677.7,202.3,709.5,312.0,0.8192
4,0.133,4,303.1,214.0,325.4,290.0,0.5401
4,0.133,5,331.1,205.5,362.1,303.4,0.6363
4,0.133,7,265.5,215.5,286.3,301.4,0.6559
4,0.133,11,278.5,208.9,307.0,300.0,0.3863
4,0.133,16,786.5,213.7,803.4,270.5,0.3425
5,0.167,1,216.3,216.1,250.4,304.4,0.8351
5,0.167,2,719.0,212.7,756.5,298.5,0.7915
5,0.167,3,677.6,202.9,709.9,313.7,0.7804
5,0.167,4,300.7,212.9,324.3,293.5,0.5951
5,0.167,5,329.7,206.7,361.2,304.7,0.5825
5,0.167,7,262.2,216.3,283.0,301.0,0.6105
5,0.167,11,275.1,208.5,303.7,299.7,0.4758
5,0.167,16,785.3,215.6,801.7,270.5,0.3875
6,0.200,1,213.7,216.7,248.1,305.7,0.8643
6,0.200,2,716.2,214.0,753.8,300.8,0.7974
6,0.200,3,677.7,203.1,710.7,316.3,0.7192
6,0.200,4,297.8,211.5,323.7,299.7,0.5933
6,0.200,5,330.1,210.1,361.0,304.9,0.5230
6,0.200,7,261.4,217.2,283.2,303.5,0.5839
6,0.200,8,574.5,208.9,591.4,257.0,0.3583
6,0.200,11,272.6,211.5,301.0,301.7,0.5187
6,0.200,16,783.7,217.9,800.4,273.6,0.4270
6,0.200,22,338.4,213.0,367.9,304.0,0.4333
7,0.233,1,211.9,217.5,246.4,306.5,0.8607
7,0.233,2,714.8,215.2,752.2,301.9,0.7953
7,0.233,3,677.2,203.6,710.8,318.9,0.8127
7,0.233,4,296.4,212.4,322.5,301.4,0.5624
7,0.233,5,326.7,210.4,358.8,306.8,0.6349
7,0.233,7,258.8,219.3,280.6,303.8,0.7012
7,0.233,11,271.8,213.1,299.9,301.9,0.4428
7,0.233,16,782.8,218.9,799.1,272.5,0.3339
7,0.233,22,335.9,213.7,365.7,305.4,0.4019
8,0.267,1,211.1,217.4,245.4,305.9,0.8344
8,0.267,2,713.6,215.8,750.6,302.1,0.7621
8,0.267,3,678.6,203.4,712.6,319.4,0.8132
8,0.267,4,295.8,211.4,322.6,303.0,0.5757
8,0.267,5,325.0,210.7,358.0,307.6,0.6669
8,0.267,7,257.4,220.4,279.2,302.8,0.6481
8,0.267,11,271.3,213.4,299.4,301.9,0.5104
8,0.267,16,783.3,218.5,799.7,271.9,0.3986
8,0.267,9,591.6,210.4,611.7,263.6,0.3876
8,0.267,8,569.7,212.8,587.1,262.1,0.4171
9,0.300,1,209.5,217.0,244.0,306.2,0.8111
9,0.300,2,712.7,215.2,748.8,300.1,0.8115
9,0.300,3,680.2,201.1,715.7,322.0,0.7897
9,0.300,4,295.0,211.6,322.1,303.7,0.5970
9,0.300,5,322.2,210.8,356.5,310.1,0.6845
9,0.300,7,255.6,220.9,277.6,302.6,0.5241
9,0.300,11,271.4,215.9,299.1,303.0,0.4385
9,0.300,16,783.8,218.3,800.5,272.0,0.4102
9,0.300,9,591.5,210.4,610.6,261.4,0.5003
9,0.300,8,568.5,213.8,585.8,262.9,0.3753
10,0.333,1,207.9,216.7,243.0,307.2,0.8348
10,0.333,2,712.0,215.8,747.4,299.8,0.7669
10,0.333,3,681.4,200.7,717.2,321.6,0.8161
10,0.333,4,294.2,212.0,321.5,304.2,0.6536
10,0.333,5,320.2,210.8,355.9,313.3,0.7183
10,0.333,7,253.6,221.3,276.1,303.6,0.6112
10,0.333,11,271.3,217.6,298.6,303.9,0.4609
10,0.333,12,536.2,212.1,552.4,254.3,0.3312
10,0.333,16,783.3,219.1,800.3,272.9,0.3439
10,0.333,9,590.9,211.3,609.5,260.9,0.4579
11,0.367,1,206.8,215.9,242.2,306.8,0.8401
11,0.367,2,712.3,215.6,747.0,299.2,0.6091
11,0.367,3,682.9,200.7,718.9,321.8,0.8222
11,0.367,4,293.3,211.1,320.8,304.1,0.6077
11,0.367,5,318.7,210.0,355.1,313.3,0.6528
11,0.367,7,252.1,220.8,275.0,303.5,0.6437
11,0.367,11,270.9,217.9,297.9,304.2,0.4778
11,0.367,16,783.2,218.7,800.6,273.3,0.3436
12,0.400,1,205.4,217.0,240.7,307.3,0.8277
12,0.400,2,716.0,216.2,743.9,282.9,0.4277
12,0.400,3,684.0,201.3,720.6,324.2,0.7827
12,0.400,4,290.8,210.6,318.7,304.6,0.5725
12,0.400,5,316.3,209.3,353.2,313.6,0.7094
12,0.400,7,249.4,219.8,272.6,303.6,0.6418
12,0.400,11,270.3,215.7,297.7,304.0,0.5363
12,0.400,12,536.2,212.6,551.7,253.4,0.2852
12,0.400,16,783.2,219.1,800.6,273.3,0.2604
12,0.400,9,589.8,211.2,608.3,260.3,0.2905
12,0.400,8,564.2,215.8,580.9,264.0,0.2995
13,0.433,1,203.6,217.4,238.6,306.8,0.8159
13,0.433,2,717.4,216.6,742.2,276.2,0.3061
13,0.433,3,685.0,202.0,721.4,323.5,0.7521
13,0.433,4,290.7,211.3,318.4,303.9,0.5615
13,0.433,5,314.1,209.3,351.4,314.1,0.7145
13,0.433,7,248.0,220.7,271.1,303.6,0.6736
13,0.433,11,269.4,214.1,297.2,303.8,0.5343
13,0.433,12,535.2,212.1,550.7,252.9,0.2837
13,0.433,16,782.4,219.6,799.5,272.3,0.3311
14,0.467,1,199.9,217.7,234.6,306.3,0.8042
14,0.467,3,689.3,203.4,727.2,325.5,0.7907
14,0.467,4,286.0,211.1,313.8,303.1,0.5837
14,0.467,5,308.7,206.7,347.1,315.4,0.7671
14,0.467,7,244.6,221.5,267.6,303.0,0.5220
14,0.467,11,267.9,213.0,295.4,302.1,0.3768
14,0.467,16,780.1,218.5,797.2,271.0,0.5568
15,0.500,1,195.9,217.9,230.8,306.8,0.8412
15,0.500,3,689.8,204.2,728.7,326.6,0.8385
15,0.500,4,281.7,211.6,309.8,304.0,0.6465
15,0.500,5,303.9,206.6,342.7,317.0,0.7760
15,0.500,7,240.6,218.7,264.9,303.8,0.6924
15,0.500,11,262.7,215.0,289.8,303.7,0.4009
15,0.500,12,529.4,210.3,545.5,252.4,0.3465
15,0.500,16,778.3,219.0,795.3,270.4,0.2780
15,0.500,9,583.5,210.3,602.1,259.5,0.4141
15,0.500,8,558.3,213.7,574.7,262.2,0.3590
16,0.533,1,192.9,219.2,227.4,307.1,0.8279
16,0.533,3,688.9,204.8,728.3,326.9,0.8349
16,0.533,4,279.0,212.5,307.1,304.3,0.6281
16,0.533,5,300.3,207.6,339.4,318.9,0.7750
16,0.533,7,237.1,219.9,261.6,304.6,0.7050
16,0.533,11,259.6,215.6,286.7,304.4,0.6119
16,0.533,16,775.9,218.7,793.3,271.1,0.5310
16,0.533,9,580.7,210.3,599.5,260.0,0.5974
16,0.533,8,556.8,212.9,573.5,261.7,0.4230
17,0.567,1,188.9,217.8,224.2,308.3,0.8487
17,0.567,3,687.3,205.4,727.4,328.2,0.8446
17,0.567,4,276.2,212.9,304.3,303.7,0.5842
17,0.567,5,297.4,209.0,335.2,316.1,0.7332
17,0.567,7,233.5,219.9,258.4,305.0,0.6888
17,0.567,11,256.8,217.0,283.6,304.7,0.4244
17,0.567,12,525.1,212.1,540.2,251.8,0.3275
17,0.567,16,773.0,219.4,790.8,273.2,0.3166
17,0.567,9,577.9,210.8,596.2,259.0,0.5979
17,0.567,8,555.9,212.0,572.4,260.0,0.3173
18,0.600,1,184.9,216.9,221.1,310.3,0.8408
18,0.600,3,685.5,206.0,725.9,329.0,0.8108
18,0.600,4,273.4,214.2,301.6,304.8,0.6459
18,0.600,5,293.8,209.6,330.2,313.2,0.7529
18,0.600,7,231.2,220.2,256.6,305.6,0.6821
18,0.600,11,253.1,220.1,279.3,304.8,0.3204
18,0.600,12,523.2,213.4,538.1,252.8,0.2708
18,0.600,16,770.5,220.7,788.1,273.7,0.3087
18,0.600,9,575.0,210.5,593.9,259.7,0.4519
19,0.633,1,178.0,219.3,214.1,313.0,0.7624
19,0.633,3,681.1,207.9,723.4,336.7,0.8331
19,0.633,4,266.9,215.0,295.6,307.9,0.5229
19,0.633,5,286.1,213.4,324.0,321.9,0.7927
19,0.633,7,223.0,222.8,248.8,309.4,0.6920
19,0.633,10,247.2,216.1,271.5,310.7,0.5103
20,0.667,1,173.0,220.3,208.7,313.0,0.8412
20,0.667,3,678.3,207.3,721.4,338.3,0.7767
20,0.667,4,263.2,217.0,291.6,309.7,0.5256
20,0.667,5,281.1,215.1,318.6,322.7,0.8148
20,0.667,7,218.4,225.3,243.8,309.6,0.5815
20,0.667,8,548.6,214.3,565.9,264.9,0.3947
21,0.700,1,167.5,221.2,203.4,314.4,0.8054
21,0.700,3,677.1,207.8,716.8,326.6,0.6724
21,0.700,4,260.6,217.7,284.3,294.5,0.4066
21,0.700,5,275.0,215.3,312.9,324.5,0.7244
21,0.700,7,213.6,226.2,239.0,310.6,0.6465
22,0.733,1,161.6,219.7,198.4,315.5,0.8299
22,0.733,3,672.9,207.8,713.8,328.8,0.7049
22,0.733,4,253.5,216.0,282.2,309.8,0.5128
22,0.733,5,270.1,216.0,308.7,327.5,0.7453
22,0.733,7,207.8,227.4,233.3,311.7,0.5930
23,0.767,1,155.5,222.2,191.5,316.1,0.7390
23,0.767,3,667.8,208.5,711.2,336.9,0.8175
23,0.767,4,247.9,217.6,277.0,314.2,0.4134
23,0.767,5,264.1,218.8,302.6,330.8,0.7584
23,0.767,7,204.1,228.6,230.4,313.0,0.6454
23,0.767,58,552.5,218.8,571.8,268.7,0.6813
23,0.767,59,535.8,219.6,553.3,267.5,0.4818
24,0.800,1,142.7,223.9,179.1,318.0,0.7543
24,0.800,3,662.1,210.2,705.6,340.0,0.7898
24,0.800,4,246.9,219.0,280.5,329.1,0.7088
24,0.800,59,534.6,219.4,552.5,268.1,0.2905
24,0.800,8,539.7,219.3,556.6,268.2,0.5124
24,0.800,10,234.6,219.4,258.3,312.2,0.3408
25,0.833,1,132.5,223.1,169.3,317.9,0.7513
25,0.833,3,656.0,209.3,700.3,342.0,0.7790
25,0.833,4,241.4,219.2,277.2,335.4,0.7196
25,0.833,59,531.1,219.0,549.3,268.2,0.4013
25,0.833,64,637.8,223.6,667.3,310.3,0.4827
25,0.833,10,228.6,220.0,252.7,315.1,0.4672
26,0.867,1,118.5,222.8,155.8,318.1,0.7888
26,0.867,3,646.1,209.1,690.4,342.6,0.7182
26,0.867,4,230.0,218.2,266.9,336.0,0.6804
27,0.900,1,107.9,222.9,145.6,319.0,0.7607
27,0.900,3,640.3,210.3,685.0,345.6,0.8335
27,0.900,4,217.4,216.5,256.9,339.7,0.7771
27,0.900,69,619.6,223.7,647.0,309.4,0.6390
28,0.933,1,100.5,222.6,138.4,319.5,0.7923
28,0.933,3,635.9,209.8,680.4,345.8,0.8421
28,0.933,4,208.4,215.4,249.2,340.6,0.7709
28,0.933,69,614.7,223.3,642.7,310.9,0.7197
28,0.933,71,148.3,226.4,177.3,315.1,0.6745
28,0.933,12,503.9,218.8,523.3,270.0,0.5277
29,0.967,1,88.1,222.6,126.4,320.3,0.7981
29,0.967,3,629.8,210.7,674.1,346.6,0.7909
29,0.967,4,194.7,215.1,237.0,342.7,0.7851
29,0.967,69,603.9,223.1,631.8,309.7,0.8078
29,0.967,71,137.4,225.9,166.7,315.1,0.7707
30,1.000,1,78.1,223.3,117.1,322.6,0.7485
30,1.000,3,624.8,213.1,669.1,350.1,0.7973
30,1.000,4,182.5,214.2,227.0,345.8,0.7728
30,1.000,69,595.3,224.3,623.2,310.2,0.8100
30,1.000,71,127.4,226.7,156.9,317.1,0.6960
30,1.000,85,487.4,219.6,509.6,272.0,0.5417
30,1.000,14,469.5,222.6,484.7,272.9,0.3986
31,1.033,1,70.3,223.7,109.2,322.8,0.7563
31,1.033,3,621.2,214.8,665.8,353.7,0.7828
31,1.033,4,173.6,213.3,219.7,347.7,0.7392
31,1.033,69,588.1,225.8,615.5,309.0,0.8132
31,1.033,71,120.4,228.2,149.5,317.4,0.7177
31,1.033,85,484.1,220.3,506.5,273.0,0.3877
32,1.067,1,62.8,224.6,102.2,324.9,0.8080
32,1.067,3,617.2,215.2,661.6,353.9,0.7928
32,1.067,4,164.6,216.0,211.0,349.9,0.7904
32,1.067,69,581.2,227.1,609.2,310.4,0.8029
32,1.067,71,112.2,229.6,141.1,318.4,0.7216
32,1.067,85,478.2,221.6,500.4,274.2,0.5779
33,1.100,1,55.3,224.6,95.3,326.4,0.8357
33,1.100,3,613.9,215.5,659.1,357.1,0.7906
33,1.100,4,155.4,216.6,203.3,352.8,0.7634
33,1.100,69,575.8,227.9,603.8,310.2,0.8114
33,1.100,71,105.5,230.3,134.6,320.3,0.8138
33,1.100,85,472.3,222.0,495.0,276.2,0.4738
34,1.133,1,46.6,227.5,85.8,327.3,0.8569
34,1.133,3,610.0,216.5,656.2,362.7,0.8145
34,1.133,4,145.3,221.0,194.2,357.9,0.7681
34,1.133,69,568.7,231.4,596.2,310.6,0.8095
34,1.133,71,96.5,231.8,125.5,322.2,0.7401
34,1.133,14,466.9,223.9,484.1,278.3,0.4587
35,1.167,1,41.4,228.1,80.5,328.1,0.8152
35,1.167,3,608.3,216.1,655.2,365.6,0.7899
35,1.167,4,137.8,221.8,187.2,359.6,0.7368
35,1.167,69,564.4,231.8,592.7,311.9,0.7841
35,1.167,71,90.3,232.6,119.4,323.8,0.7363
35,1.167,14,465.7,222.9,483.3,277.8,0.5857
36,1.200,1,36.9,227.9,76.5,329.1,0.8672
36,1.200,3,607.9,215.2,655.0,366.4,0.7962
36,1.200,4,131.2,223.4,179.0,356.2,0.5645
36,1.200,69,561.1,232.8,589.9,313.2,0.7930
36,1.200,71,86.0,233.1,114.3,322.5,0.6257
36,1.200,85,460.7,223.2,482.6,275.7,0.5020
37,1.233,1,32.8,228.7,72.4,329.8,0.8402
37,1.233,3,608.3,214.0,655.6,366.6,0.7983
37,1.233,4,124.8,224.8,173.9,360.4,0.6753
37,1.233,69,558.2,233.6,587.8,315.1,0.8242
37,1.233,71,82.4,234.1,110.2,322.5,0.6972
37,1.233,113,159.7,228.2,186.4,315.3,0.4119
37,1.233,85,456.9,223.8,478.9,276.6,0.3947
38,1.267,1,29.9,228.2,69.2,328.7,0.8399
38,1.267,3,608.6,212.7,656.6,368.4,0.8369
38,1.267,4,119.7,224.3,169.8,361.3,0.6853
38,1.267,69,554.2,232.1,584.6,314.8,0.8395
38,1.267,71,78.8,233.4,107.1,324.2,0.5758
38,1.267,113,155.1,227.4,183.3,319.8,0.4786
38,1.267,85,455.4,223.1,477.9,277.9,0.4043
38,1.267,14,462.7,223.0,479.6,276.1,0.3619
39,1.300,1,23.3,228.9,62.7,329.1,0.8125
39,1.300,3,609.4,209.8,658.3,368.3,0.8111
39,1.300,4,106.9,220.9,159.7,363.5,0.7378
39,1.300,69,549.6,229.9,579.9,311.4,0.8344
39,1.300,71,71.9,233.4,99.3,321.7,0.5622
39,1.300,113,148.3,225.0,177.7,321.5,0.5760
39,1.300,85,451.3,221.1,473.8,276.5,0.2955
39,1.300,122,905.7,179.9,952.2,322.7,0.4295
39,1.300,14,459.2,221.4,476.6,276.4,0.3873
40,1.333,1,18.4,228.1,58.0,328.6,0.8499
40,1.333,3,610.7,208.3,660.2,367.6,0.8298
40,1.333,4,97.6,219.8,152.3,365.3,0.7690
40,1.333,69,546.2,226.5,576.8,307.8,0.8583
40,1.333,71,67.1,232.6,93.8,318.6,0.6336
40,1.333,113,143.8,225.2,172.8,320.6,0.5563
40,1.333,122,903.7,179.9,949.7,321.0,0.4648
40,1.333,14,456.7,219.9,474.4,275.5,0.4667
41,1.367,1,13.8,228.3,53.4,328.3,0.8063
41,1.367,3,612.6,207.4,663.2,367.5,0.8625
41,1.367,4,90.7,216.3,147.2,365.0,0.8077
41,1.367,69,543.0,224.0,574.1,306.3,0.8326
41,1.367,71,63.2,231.1,90.2,318.2,0.6217
41,1.367,113,139.9,226.2,168.1,318.6,0.6207
41,1.367,14,455.9,219.0,472.9,272.4,0.5280
42,1.400,1,9.9,227.6,49.9,328.6,0.8052
42,1.400,3,613.2,207.3,664.6,367.8,0.8552
42,1.400,4,85.8,216.4,142.9,366.9,0.8151
42,1.400,69,539.7,222.5,570.7,304.1,0.8117
42,1.400,71,59.4,230.9,85.8,315.4,0.7863
42,1.400,113,135.5,224.8,164.5,319.4,0.5879
42,1.400,14,455.5,218.3,471.7,270.8,0.5684
43,1.433,1,6.1,227.0,46.5,328.7,0.8332
43,1.433,3,612.9,207.3,665.5,370.3,0.8404
43,1.433,4,82.2,215.7,138.4,365.9,0.7850
43,1.433,69,536.3,221.1,567.4,302.8,0.7850
43,1.433,71,55.1,231.2,82.0,316.4,0.7744
43,1.433,113,129.9,224.6,159.3,320.0,0.5576
43,1.433,14,454.1,218.3,470.3,270.7,0.4915
44,1.467,1,0.0,227.7,40.1,328.6,0.7790
44,1.467,3,612.1,205.5,666.0,372.5,0.8576
44,1.467,4,71.5,214.5,128.2,367.9,0.6994
44,1.467,69,531.3,219.2,563.6,304.0,0.7752
44,1.467,71,49.0,230.9,75.2,312.8,0.6975
44,1.467,113,124.1,224.6,153.9,320.2,0.6113
44,1.467,122,897.3,169.9,944.6,314.1,0.4840
44,1.467,14,452.9,217.9,468.9,270.5,0.5340
45,1.500,1,0.0,226.3,37.1,330.8,0.8076
45,1.500,3,611.6,203.8,666.6,374.9,0.8507
45,1.500,4,64.2,213.3,122.6,371.3,0.8142
45,1.500,69,527.8,219.5,559.9,303.6,0.8443
45,1.500,71,44.6,231.1,70.5,310.6,0.5886
45,1.500,113,119.6,224.1,150.3,321.4,0.7123
45,1.500,122,895.8,166.9,943.9,313.4,0.2831
45,1.500,14,450.5,218.8,466.2,270.4,0.4021
45,1.500,141,429.1,219.2,443.1,272.2,0.3779
46,1.533,1,0.0,223.1,35.3,330.1,0.7541
46,1.533,3,611.3,202.8,666.8,376.1,0.8464
46,1.533,4,60.0,211.4,119.0,372.1,0.8428
46,1.533,69,524.8,218.3,557.2,302.8,0.8004
46,1.533,71,40.3,230.1,67.0,311.3,0.6678
46,1.533,113,114.7,223.9,145.6,320.9,0.7285
46,1.533,122,895.2,166.3,944.1,314.9,0.4724
46,1.533,14,449.1,217.8,464.7,269.5,0.4728
46,1.533,85,425.7,218.8,447.5,273.4,0.3573
47,1.567,1,0.0,222.9,32.2,330.4,0.6733
47,1.567,3,611.0,201.5,666.7,376.1,0.8366
47,1.567,4,53.8,212.6,114.0,376.0,0.8109
47,1.567,69,521.2,217.5,554.6,304.4,0.8206
47,1.567,71,35.8,231.1,63.0,313.8,0.6935
47,1.567,113,110.6,223.4,142.4,322.2,0.7432
47,1.567,122,894.3,166.1,943.5,316.0,0.5958
47,1.567,14,447.1,217.6,462.7,270.1,0.5070
47,1.567,85,419.3,219.2,439.3,270.8,0.4487
47,1.567,141,432.4,217.1,447.5,273.4,0.4779
48,1.600,1,0.0,224.8,28.1,327.3,0.6259
48,1.600,3,611.5,199.9,667.7,377.1,0.8605
48,1.600,4,46.5,217.0,106.2,377.3,0.8049
48,1.600,69,518.5,219.2,551.5,305.0,0.7967
48,1.600,71,31.6,231.7,58.2,312.2,0.5322
48,1.600,113,107.6,225.1,138.6,321.0,0.6732
48,1.600,122,893.7,170.9,941.9,316.6,0.5242
48,1.600,14,445.0,219.2,460.6,270.6,0.6266
48,1.600,85,416.8,219.6,435.1,268.3,0.4892
48,1.600,141,437.3,218.0,452.4,273.1,0.3568
49,1.633,3,612.0,197.9,669.0,379.6,0.8587
49,1.633,4,35.2,216.4,96.5,380.1,0.7893
49,1.633,69,514.9,220.0,547.4,305.4,0.8028
49,1.633,113,101.5,225.5,132.6,321.0,0.6701
49,1.633,122,892.4,169.1,941.3,316.8,0.6084
49,1.633,14,442.5,220.3,457.9,270.5,0.6484
49,1.633,85,414.0,219.5,432.6,270.5,0.4019
49,1.633,152,383.4,219.0,398.0,261.6,0.5084
49,1.633,155,419.2,219.6,437.3,271.8,0.3453
50,1.667,3,613.2,197.5,670.2,381.0,0.8233
50,1.667,4,26.2,217.1,88.7,383.0,0.8186
50,1.667,69,511.5,221.4,543.7,306.1,0.7478
50,1.667,71,17.5,231.3,45.3,317.0,0.3487
50,1.667,113,97.0,225.7,128.9,322.3,0.7041
50,1.667,122,892.2,169.8,942.1,319.3,0.5517
50,1.667,14,439.8,220.8,455.2,270.8,0.6076
50,1.667,152,381.4,220.1,396.2,263.4,0.4030
50,1.667,155,420.0,220.5,438.5,273.9,0.2633
51,1.700,3,613.6,196.5,671.2,384.1,0.8390
51,1.700,4,17.2,215.4,80.8,383.4,0.7996
51,1.700,69,507.8,221.0,539.6,305.0,0.7943
51,1.700,113,91.7,223.3,124.0,319.9,0.6889
51,1.700,122,891.5,169.1,941.7,319.0,0.6700
51,1.700,14,437.8,219.0,453.5,269.8,0.6339
51,1.700,152,379.2,219.6,394.0,263.0,0.3584
51,1.700,155,420.2,217.9,439.0,272.4,0.3454
52,1.733,3,614.8,195.5,672.7,386.0,0.8439
52,1.733,4,11.5,212.5,77.5,385.7,0.8221
52,1.733,69,504.9,221.0,536.1,303.4,0.8308
52,1.733,113,86.5,222.2,119.1,319.1,0.7045
52,1.733,122,890.9,167.9,941.6,317.7,0.6863
52,1.733,14,435.9,217.4,451.8,268.7,0.6050
52,1.733,152,377.4,218.7,392.4,262.9,0.3405
52,1.733,155,419.0,216.4,438.0,271.7,0.4264
52,1.733,85,406.1,219.5,424.0,271.0,0.3996
53,1.767,3,615.6,194.5,673.8,387.7,0.8555
53,1.767,4,2.5,211.8,68.8,387.1,0.7708
53,1.767,69,502.0,219.1,533.2,301.6,0.8016
53,1.767,113,82.0,220.6,115.5,318.1,0.6565
53,1.767,122,888.8,167.1,939.4,315.4,0.5117
53,1.767,14,434.1,218.6,449.5,267.7,0.5399
53,1.767,155,416.8,214.2,436.1,270.7,0.3403
53,1.767,85,403.8,218.6,420.8,268.1,0.2930
54,1.800,3,616.7,192.8,675.3,388.7,0.8393
54,1.800,4,0.0,208.5,58.5,387.8,0.8211
54,1.800,69,496.1,216.7,527.8,299.6,0.7904
54,1.800,113,73.1,219.9,107.2,317.6,0.7168
54,1.800,122,887.2,164.8,937.8,312.7,0.5203
54,1.800,14,430.3,214.6,446.4,265.3,0.6398
54,1.800,166,41.9,220.3,75.3,318.7,0.5954
54,1.800,167,408.7,214.5,428.6,268.7,0.4189
55,1.833,3,618.4,192.7,677.4,389.3,0.8547
55,1.833,4,0.0,206.2,51.9,389.9,0.7422
55,1.833,69,492.6,216.3,524.2,299.0,0.7383
55,1.833,113,66.0,217.6,101.3,318.4,0.7762
55,1.833,122,885.1,163.7,935.8,311.1,0.5655
55,1.833,14,426.9,213.4,443.3,265.2,0.6307
55,1.833,166,38.1,222.0,71.2,319.5,0.4798
55,1.833,85,397.5,215.9,414.9,266.7,0.2614
56,1.867,3,620.2,192.3,680.5,392.0,0.8809
56,1.867,4,0.0,204.5,51.1,389.3,0.7135
56,1.867,69,488.0,216.2,519.7,298.6,0.7979
56,1.867,113,61.0,218.5,95.6,317.0,0.7298
56,1.867,122,883.5,163.6,934.9,312.2,0.5760
56,1.867,14,423.8,212.3,440.9,265.7,0.7412
56,1.867,166,33.2,224.9,65.3,319.2,0.4883
56,1.867,167,402.2,213.0,421.8,266.7,0.3853
56,1.867,85,396.0,214.1,413.6,266.0,0.3749
57,1.900,3,620.9,191.7,682.5,395.4,0.8725
57,1.900,4,0.0,199.3,54.8,393.0,0.6189
57,1.900,69,484.5,215.8,516.6,298.6,0.7842
57,1.900,113,55.4,218.8,90.2,317.7,0.7364
57,1.900,122,882.0,163.4,934.1,313.2,0.4137
57,1.900,14,422.0,211.7,439.2,265.0,0.5837
57,1.900,167,400.0,211.8,419.9,266.3,0.3788
57,1.900,85,395.4,213.3,413.0,265.9,0.4030
57,1.900,175,87.3,217.2,108.1,302.3,0.5250
58,1.933,3,621.8,191.5,684.7,397.5,0.8581
58,1.933,69,482.0,215.8,513.6,296.8,0.8029
58,1.933,113,51.7,217.5,87.0,317.8,0.6658
58,1.933,122,881.9,164.4,933.6,312.3,0.3640
58,1.933,14,420.4,211.8,437.8,264.7,0.6566
58,1.933,166,20.0,224.1,53.1,321.1,0.4541
58,1.933,167,399.0,212.7,418.6,266.4,0.4816
58,1.933,85,395.4,213.1,413.1,266.2,0.3558
58,1.933,175,83.5,219.1,104.1,303.4,0.5126
59,1.967,3,623.3,191.8,687.2,401.2,0.8315
59,1.967,69,478.4,217.6,510.0,297.8,0.7864
59,1.967,113,45.2,220.4,80.6,320.0,0.7214
59,1.967,14,418.1,212.5,436.1,266.5,0.7017
59,1.967,166,13.2,222.5,47.2,322.0,0.5446
59,1.967,85,394.3,213.8,412.1,267.6,0.3617
59,1.967,175,78.1,220.9,98.5,304.0,0.5015
60,2.000,3,625.2,191.4,689.7,404.1,0.8032
60,2.000,69,475.6,218.4,507.0,297.6,0.7575
60,2.000,113,40.7,219.8,77.2,322.1,0.7129
60,2.000,14,416.3,212.2,434.5,266.6,0.5348
60,2.000,166,7.9,224.1,41.5,321.8,0.4440
60,2.000,175,75.5,219.2,96.8,305.5,0.5172
60,2.000,167,394.6,212.5,412.3,260.8,0.3622
61,2.033,3,627.3,192.0,691.3,405.1,0.8125
61,2.033,69,474.1,218.6,505.5,296.9,0.7697
61,2.033,113,38.2,221.7,74.7,323.1,0.6958
61,2.033,14,415.7,214.6,433.7,267.6,0.6485
61,2.033,166,2.1,226.2,35.2,321.7,0.4974
61,2.033,85,391.5,214.0,410.2,269.3,0.4510
61,2.033,175,72.8,222.7,93.6,306.5,0.5589
62,2.067,3,630.9,190.3,695.6,409.1,0.8617
62,2.067,69,472.7,217.8,504.8,297.5,0.7491
62,2.067,113,35.6,222.3,72.2,323.6,0.7255
62,2.067,14,416.0,215.5,434.0,267.9,0.6540
62,2.067,166,0.0,226.3,32.9,321.8,0.5861
62,2.067,85,391.6,214.3,409.8,268.2,0.4448
62,2.067,175,71.1,222.6,92.2,307.4,0.5215
62,2.067,122,883.0,161.8,936.0,312.3,0.4768
63,2.100,3,635.1,188.1,700.4,411.1,0.8358
63,2.100,69,471.3,216.8,503.9,297.8,0.7592
63,2.100,113,34.1,222.4,70.8,323.9,0.7089
63,2.100,14,416.4,215.3,434.6,268.1,0.6487
63,2.100,166,0.0,227.2,32.3,322.4,0.6112
63,2.100,85,391.7,214.1,409.6,267.1,0.5486
63,2.100,175,69.8,220.4,92.3,310.1,0.5781
63,2.100,122,883.9,162.5,937.8,314.6,0.4077
64,2.133,3,641.3,186.1,707.9,413.4,0.8282
64,2.133,69,469.9,216.2,503.0,298.8,0.8034
64,2.133,113,30.5,221.7,67.4,323.6,0.6701
64,2.133,14,416.8,215.5,435.0,267.9,0.6368
64,2.133,166,0.0,234.1,29.3,323.0,0.5007
64,2.133,85,391.0,213.4,409.6,267.8,0.2778
64,2.133,175,68.4,221.5,90.7,310.0,0.5506
64,2.133,122,887.5,161.9,942.6,316.5,0.5059
65,2.167,3,646.6,184.5,714.4,415.8,0.8287
65,2.167,69,468.8,215.6,501.5,297.5,0.8044
65,2.167,113,27.9,222.1,64.9,323.8,0.7044
65,2.167,14,416.9,213.9,435.6,267.3,0.6708
65,2.167,166,0.0,228.9,29.6,322.5,0.5758
65,2.167,85,389.5,212.4,408.7,268.7,0.5158
65,2.167,175,66.6,221.9,88.5,307.1,0.5825
65,2.167,122,887.5,159.6,943.8,316.4,0.4235
66,2.200,3,653.2,183.5,722.9,417.9,0.8784
66,2.200,69,466.6,215.2,499.4,297.6,0.8030
66,2.200,113,25.4,218.6,63.3,323.5,0.7182
66,2.200,14,416.7,212.4,435.7,266.7,0.6758
66,2.200,166,0.0,224.5,29.4,322.9,0.5985
66,2.200,85,387.3,210.5,406.8,268.7,0.5085
66,2.200,175,65.6,222.1,88.1,308.1,0.6670
66,2.200,122,887.2,157.4,944.4,315.7,0.4309
67,2.233,3,659.8,183.2,732.0,420.1,0.8739
67,2.233,69,465.2,214.6,497.8,296.6,0.8084
67,2.233,113,24.2,219.0,61.6,322.6,0.7453
67,2.233,14,416.1,210.9,435.4,266.2,0.6622
67,2.233,166,0.0,223.7,27.7,322.5,0.6086
67,2.233,85,386.3,209.7,405.6,266.9,0.5121
67,2.233,175,63.0,220.9,85.9,306.7,0.6523
67,2.233,122,887.7,155.5,945.2,314.6,0.5534
68,2.267,3,667.3,182.9,742.4,422.1,0.8953
68,2.267,69,463.6,213.0,496.2,295.4,0.7940
68,2.267,113,23.7,218.4,60.4,319.9,0.7206
68,2.267,14,416.1,209.2,435.6,265.1,0.6694
68,2.267,166,0.0,222.1,26.6,320.1,0.6770
68,2.267,85,385.2,209.0,403.5,263.2,0.5171
68,2.267,175,61.7,219.9,84.6,303.9,0.6921
68,2.267,122,891.5,154.8,949.3,315.0,0.4848
69,2.300,3,674.9,181.9,755.6,429.4,0.8641
69,2.300,69,460.9,211.9,493.7,294.6,0.7850
69,2.300,113,17.9,218.7,54.2,319.8,0.7024
69,2.300,14,415.6,208.1,435.2,263.9,0.6361
69,2.300,166,0.0,220.4,24.3,320.4,0.5277
69,2.300,85,384.1,208.7,401.7,261.1,0.6370
69,2.300,175,59.7,220.8,81.9,300.7,0.6686
69,2.300,122,893.2,153.1,951.0,313.6,0.5702
70,2.333,3,677.8,182.3,762.8,435.5,0.8726
70,2.333,69,458.8,211.1,491.7,294.1,0.7973
70,2.333,113,15.6,219.4,51.2,318.6,0.7293
70,2.333,14,414.9,206.6,435.0,263.3,0.6457
70,2.333,85,383.1,208.6,400.4,260.2,0.7049
70,2.333,175,58.0,220.2,80.1,298.5,0.7125
70,2.333,122,894.6,152.0,952.3,313.2,0.4988
71,2.367,3,679.2,180.5,768.7,440.8,0.8713
71,2.367,69,457.7,211.1,490.5,294.0,0.8003
71,2.367,113,13.5,219.1,49.0,318.2,0.6915
71,2.367,14,414.7,206.7,434.8,263.1,0.6497
71,2.367,85,382.5,208.7,399.7,259.9,0.6786
71,2.367,175,56.3,219.8,79.4,299.3,0.7209
71,2.367,122,895.7,151.1,953.6,312.5,0.4594
72,2.400,3,680.2,179.5,773.1,445.4,0.8425
72,2.400,69,456.9,211.5,489.5,294.0,0.7999
72,2.400,113,11.6,219.0,47.3,318.6,0.6396
72,2.400,14,414.8,207.2,434.9,263.4,0.6573
72,2.400,85,382.1,209.0,399.4,260.4,0.6740
72,2.400,175,55.1,218.8,79.3,300.5,0.7159
72,2.400,122,898.3,149.4,957.2,312.7,0.5477
73,2.433,3,681.9,176.7,779.1,450.8,0.8350
73,2.433,69,455.8,211.9,488.3,294.1,0.8427
73,2.433,113,8.6,217.9,44.7,318.2,0.7031
73,2.433,14,414.8,207.9,434.7,263.5,0.6990
73,2.433,85,382.1,209.2,399.2,260.6,0.7154
73,2.433,175,53.4,217.1,78.2,299.3,0.6819
73,2.433,122,899.1,148.3,958.9,314.1,0.6300
73,2.433,190,244.8,211.2,275.0,271.1,0.4178
74,2.467,3,686.4,174.8,786.7,457.2,0.8417
74,2.467,69,453.0,212.8,485.7,295.4,0.8269
74,2.467,113,3.5,223.1,38.9,320.3,0.5240
74,2.467,14,414.4,208.8,434.7,265.1,0.7142
74,2.467,85,380.8,209.5,398.3,262.5,0.4561
74,2.467,175,51.9,218.5,75.8,295.9,0.5623
74,2.467,122,900.7,148.7,960.0,319.3,0.4768
75,2.500,3,691.0,173.7,792.9,462.2,0.8605
75,2.500,69,450.9,212.9,483.6,295.4,0.8491
75,2.500,113,1.1,224.4,36.0,319.3,0.6028
75,2.500,14,414.2,208.9,434.8,265.7,0.7224
75,2.500,85,379.6,209.4,397.3,263.2,0.3765
75,2.500,175,50.0,218.1,74.4,295.3,0.5740
75,2.500,122,902.0,149.9,960.0,321.6,0.6853
75,2.500,192,26.0,214.8,59.2,306.2,0.4446
76,2.533,3,696.3,173.3,798.3,465.8,0.8348
76,2.533,69,448.8,213.1,481.7,296.4,0.8446
76,2.533,113,0.0,226.0,33.6,319.0,0.6142
76,2.533,14,414.2,209.1,434.9,266.3,0.7170
76,2.533,85,378.9,209.8,396.9,265.0,0.4189
76,2.533,175,48.2,217.3,72.6,292.4,0.5272
76,2.533,122,903.5,150.9,960.0,325.2,0.7762
76,2.533,192,28.3,215.7,61.4,306.7,0.3640
77,2.567,3,701.2,171.7,802.8,469.6,0.8351
77,2.567,69,446.8,213.3,479.9,296.4,0.8123
77,2.567,113,0.0,223.1,31.7,320.2,0.6142
77,2.567,14,413.2,210.0,434.0,266.9,0.6537
77,2.567,85,377.9,209.8,396.2,266.1,0.4292
77,2.567,175,46.8,216.9,71.5,291.8,0.6173
77,2.567,122,905.1,152.5,960.0,325.2,0.7343
77,2.567,192,22.3,212.7,56.7,307.2,0.6188
78,2.600,3,707.1,171.1,807.7,472.7,0.8630
78,2.600,69,444.8,214.2,477.8,296.8,0.8021
78,2.600,113,0.0,218.9,30.5,320.2,0.6619
78,2.600,14,412.1,211.3,432.5,267.6,0.6512
78,2.600,85,376.9,210.1,395.5,267.4,0.5194
78,2.600,175,44.8,216.8,69.5,290.1,0.6704
78,2.600,122,906.7,154.6,960.0,325.4,0.5440
78,2.600,192,18.2,213.5,52.2,307.1,0.5242
79,2.633,3,716.0,173.1,816.6,480.2,0.8543
79,2.633,69,441.8,214.9,475.0,298.0,0.7523
79,2.633,113,0.0,216.7,27.8,317.6,0.6550
79,2.633,14,410.9,210.9,431.3,267.3,0.6255
79,2.633,85,375.4,209.8,394.0,267.2,0.5388
79,2.633,175,42.6,215.4,67.9,288.7,0.6684
79,2.633,192,15.0,212.8,49.2,306.2,0.5953
80,2.667,3,721.6,172.0,824.1,491.4,0.8569
80,2.667,69,440.2,215.1,473.0,297.3,0.7778
80,2.667,113,0.0,214.1,25.3,315.7,0.5383
80,2.667,14,410.5,210.5,430.9,266.9,0.6608
80,2.667,85,374.3,209.6,392.8,266.3,0.4695
80,2.667,175,39.4,212.1,66.1,287.4,0.5739
80,2.667,192,11.0,211.9,45.2,304.6,0.4716
81,2.700,3,729.2,172.0,832.2,498.0,0.8281
81,2.700,69,438.5,214.4,471.2,296.0,0.7768
81,2.700,14,409.8,208.9,430.6,266.4,0.6825
81,2.700,85,373.6,209.2,391.6,264.6,0.3916
81,2.700,175,36.1,209.6,64.3,287.4,0.6507
81,2.700,122,893.8,152.2,960.0,448.5,0.4857
81,2.700,192,6.8,208.2,42.9,305.0,0.5494
82,2.733,3,738.2,172.4,842.5,504.8,0.8114
82,2.733,69,436.6,213.3,469.6,295.4,0.8039
82,2.733,14,409.0,207.6,430.1,265.7,0.6765
82,2.733,85,373.3,208.9,389.7,260.0,0.3693
82,2.733,175,36.6,208.6,64.7,286.2,0.6298
82,2.733,192,4.4,207.5,40.9,304.4,0.5152
82,2.733,204,913.4,155.9,958.4,328.2,0.3681
82,2.733,205,607.9,215.6,626.5,276.5,0.4191
83,2.767,3,750.5,172.7,858.3,512.5,0.8657
83,2.767,69,435.1,212.4,468.3,294.7,0.8185
83,2.767,14,408.7,206.5,429.9,265.2,0.6691
83,2.767,85,372.2,208.8,388.5,259.4,0.4025
83,2.767,175,36.2,209.1,63.8,285.0,0.6929
83,2.767,192,2.0,206.7,38.9,304.0,0.6886
83,2.767,204,913.3,155.3,958.3,327.5,0.3025
83,2.767,205,607.6,215.4,625.7,274.7,0.4501
83,2.767,207,922.5,276.2,959.6,451.5,0.5238
84,2.800,3,761.4,172.2,875.0,524.6,0.8701
84,2.800,69,433.4,212.0,466.4,293.6,0.8308
84,2.800,14,407.7,205.6,429.5,265.6,0.6757
84,2.800,85,370.5,208.6,387.4,261.4,0.5589
84,2.800,175,34.4,209.6,61.5,283.9,0.6383
84,2.800,192,0.0,203.4,37.3,302.8,0.5469
84,2.800,205,607.2,214.5,625.1,272.5,0.5166
84,2.800,207,911.6,189.4,960.0,454.8,0.6132
85,2.833,3,768.7,171.5,887.6,535.1,0.8669
85,2.833,69,432.3,211.1,464.9,292.0,0.8105
85,2.833,14,407.6,205.0,429.6,265.2,0.6865
85,2.833,85,370.0,207.9,387.1,261.8,0.5922
85,2.833,175,33.0,209.1,60.5,284.4,0.6769
85,2.833,192,0.0,202.8,36.5,302.6,0.6151
85,2.833,204,918.0,153.4,960.0,330.8,0.2756
85,2.833,205,607.8,214.7,625.3,271.5,0.3808
85,2.833,207,910.2,166.6,960.0,457.0,0.3981
85,2.833,210,341.3,207.6,361.7,263.0,0.3708
86,2.867,3,770.7,169.0,892.5,538.3,0.8678
86,2.867,69,430.7,209.9,463.2,290.7,0.8133
86,2.867,14,407.3,204.4,429.7,265.1,0.7126
86,2.867,85,369.0,207.0,386.8,262.6,0.5541
86,2.867,175,32.6,209.9,60.1,285.5,0.6568
86,2.867,192,0.0,207.1,34.9,302.4,0.5059
86,2.867,204,918.1,151.3,960.0,330.9,0.3372
86,2.867,205,607.6,213.0,625.6,271.2,0.4631
86,2.867,207,907.7,149.3,960.0,456.7,0.3734
86,2.867,210,340.2,207.9,360.8,263.6,0.5045
87,2.900,3,772.9,166.7,895.8,539.2,0.8671
87,2.900,69,429.7,208.9,462.5,290.8,0.8081
87,2.900,14,406.9,204.3,429.2,264.8,0.6846
87,2.900,85,367.7,206.8,385.7,262.7,0.5358
87,2.900,175,33.9,209.9,57.6,274.1,0.6128
87,2.900,192,0.0,206.6,34.0,303.8,0.4549
87,2.900,204,907.9,153.2,960.0,419.6,0.5412
87,2.900,205,607.6,213.1,625.5,270.9,0.4168
87,2.900,210,339.4,208.5,359.4,262.7,0.4879
87,2.900,214,0.1,206.4,23.5,301.6,0.5119
88,2.933,3,781.1,162.7,905.3,540.0,0.8589
88,2.933,69,428.7,208.6,461.2,289.9,0.8022
88,2.933,14,407.2,205.5,428.3,262.1,0.5919
88,2.933,85,367.2,206.6,382.8,251.7,0.3688
88,2.933,192,0.0,203.1,34.8,302.0,0.3192
88,2.933,204,909.0,169.4,960.0,447.3,0.6507
88,2.933,214,0.3,204.0,24.1,300.6,0.3356
89,2.967,3,797.9,158.4,921.5,537.1,0.8275
89,2.967,69,427.6,208.8,460.2,291.0,0.8324
89,2.967,14,407.8,205.7,429.4,264.1,0.6478
89,2.967,85,365.2,206.7,382.8,257.3,0.5715
89,2.967,192,0.0,205.6,33.8,302.9,0.5919
89,2.967,204,908.1,157.9,960.0,462.3,0.5296
89,2.967,205,607.8,214.2,627.2,276.4,0.4553
89,2.967,214,0.0,205.5,24.2,304.8,0.3300
90,3.000,3,811.5,153.6,935.7,537.4,0.8569
90,3.000,69,427.4,208.7,460.1,291.5,0.8325
90,3.000,14,408.7,205.6,430.2,263.3,0.6593
90,3.000,85,365.3,206.5,383.8,258.9,0.5711
90,3.000,192,0.0,203.3,33.4,303.8,0.3750
91,3.033,3,826.5,150.9,952.0,537.6,0.8583
91,3.033,69,427.0,208.4,459.8,292.1,0.8234
91,3.033,14,409.2,205.2,431.0,263.5,0.6981
91,3.033,85,365.9,206.3,385.4,260.8,0.5842
91,3.033,205,610.3,213.3,629.1,273.2,0.3198
91,3.033,217,930.4,193.7,960.0,435.6,0.4727
92,3.067,3,836.6,148.3,960.0,537.9,0.9003
92,3.067,69,426.7,208.6,459.4,292.3,0.8206
92,3.067,14,410.2,205.2,431.9,263.9,0.5822
92,3.067,85,365.8,206.1,384.9,258.7,0.5021
92,3.067,205,611.3,212.2,631.2,274.7,0.2997
93,3.100,3,844.7,146.3,960.0,537.4,0.9217
93,3.100,69,427.1,207.5,459.5,290.8,0.7826
93,3.100,14,412.3,203.5,434.0,262.9,0.5763
93,3.100,85,365.0,205.3,384.5,259.1,0.5731
93,3.100,205,613.1,211.5,632.7,272.8,0.3248
94,3.133,3,856.5,143.7,960.0,537.7,0.8718
94,3.133,69,427.0,206.5,458.7,288.5,0.6916
94,3.133,14,412.5,199.8,434.3,260.6,0.5219
94,3.133,85,364.1,202.6,384.1,258.7,0.5037
94,3.133,205,614.2,209.3,634.0,271.0,0.4071
95,3.167,3,866.0,142.4,960.0,537.6,0.8444
95,3.167,69,425.7,203.7,457.5,286.6,0.6449
95,3.167,14,413.7,197.7,434.8,257.8,0.4207
95,3.167,85,362.7,199.7,383.1,257.6,0.4612
95,3.167,205,614.7,207.1,634.8,269.9,0.4323
95,3.167,221,369.9,200.1,390.6,257.7,0.4264
96,3.200,69,425.6,200.3,457.7,284.9,0.7141
96,3.200,14,414.0,196.8,434.3,255.8,0.3548
96,3.200,85,362.9,198.1,383.3,256.1,0.4809
96,3.200,205,615.7,205.4,636.1,268.7,0.5016
96,3.200,221,369.1,198.9,389.8,256.5,0.4511
96,3.200,228,343.1,198.3,358.8,254.7,0.4073
96,3.200,204,890.3,197.9,960.0,535.7,0.7890
97,3.233,69,423.6,198.2,456.1,283.8,0.7069
97,3.233,85,363.6,197.2,384.2,255.3,0.4607
97,3.233,205,616.8,204.2,637.3,267.3,0.5074
97,3.233,221,368.5,198.3,389.2,255.6,0.4399
97,3.233,228,342.9,197.8,358.7,254.4,0.3108
97,3.233,204,892.0,197.2,960.0,538.4,0.5110
98,3.267,69,421.3,196.6,454.2,282.9,0.7116
98,3.267,85,363.2,196.4,383.7,255.0,0.4533
98,3.267,205,617.3,202.9,638.0,266.1,0.5438
98,3.267,221,368.8,198.0,389.2,254.3,0.4238
98,3.267,228,342.7,198.0,358.3,254.0,0.3373
98,3.267,204,897.5,198.5,960.0,479.9,0.7508
99,3.300,69,419.7,195.0,452.9,282.1,0.7368
99,3.300,85,363.3,195.8,383.4,253.5,0.4083
99,3.300,205,618.5,202.6,638.9,264.6,0.5591
99,3.300,221,373.6,197.7,393.2,251.9,0.4541
99,3.300,204,900.0,195.5,959.0,457.2,0.7923
100,3.333,69,418.1,193.9,451.5,281.3,0.7260
100,3.333,85,363.2,195.1,383.2,252.9,0.4135
100,3.333,205,618.7,202.1,639.0,263.7,0.5189
100,3.333,221,374.9,197.5,394.1,250.9,0.3180
100,3.333,204,898.8,192.6,957.6,450.6,0.8213
100,3.333,237,371.4,197.1,391.4,253.1,0.3893
101,3.367,69,416.6,192.5,450.1,280.2,0.7170
101,3.367,85,363.8,194.5,384.4,253.4,0.3155
101,3.367,205,618.2,201.9,638.8,263.8,0.5221
101,3.367,221,376.7,197.4,393.9,245.5,0.3077
101,3.367,228,341.9,197.9,357.2,251.5,0.2907
101,3.367,204,897.1,191.1,956.4,447.5,0.7787
101,3.367,237,373.2,197.1,393.1,253.0,0.3367
102,3.400,69,414.9,191.4,448.5,279.0,0.7713
102,3.400,85,363.2,193.8,383.9,252.4,0.4076
102,3.400,205,618.2,200.6,638.9,262.7,0.3831
102,3.400,221,377.6,196.7,393.6,241.6,0.3050
102,3.400,228,340.9,196.9,356.5,251.2,0.3988
102,3.400,204,892.9,188.6,954.5,449.5,0.8454
102,3.400,237,373.6,195.8,393.6,252.0,0.3964
102,3.400,238,361.1,194.7,378.6,250.4,0.4106
103,3.433,69,413.3,191.5,447.3,279.8,0.7626
103,3.433,85,362.8,194.1,383.8,253.0,0.4141
103,3.433,205,617.6,199.8,638.7,262.7,0.5184
103,3.433,228,339.8,195.6,355.9,251.7,0.4303
103,3.433,204,885.5,188.5,950.1,450.9,0.8171
103,3.433,237,373.4,195.6,392.9,251.0,0.4105
103,3.433,238,359.9,195.8,377.4,251.2,0.4284
104,3.467,69,411.8,190.8,446.5,280.6,0.7868
104,3.467,85,362.0,194.0,383.0,252.4,0.4316
104,3.467,205,617.7,199.4,639.2,262.6,0.5741
104,3.467,228,339.3,195.4,355.4,251.4,0.4640
104,3.467,204,873.8,189.7,943.5,456.0,0.8673
104,3.467,237,373.1,195.4,392.5,250.3,0.4529
104,3.467,238,358.7,195.6,376.2,250.9,0.5304
105,3.500,69,410.7,190.7,445.4,281.1,0.7644
105,3.500,85,361.6,194.6,382.2,252.7,0.3301
105,3.500,205,617.4,199.7,639.0,262.7,0.5575
105,3.500,228,338.3,194.8,355.0,252.8,0.3509
105,3.500,204,866.4,191.2,940.6,458.3,0.8773
105,3.500,237,372.7,195.8,391.1,248.3,0.4691
105,3.500,238,357.1,195.7,374.6,251.0,0.5086
106,3.533,69,410.0,191.3,444.6,281.5,0.7716
106,3.533,85,360.6,194.8,381.1,252.9,0.3117
106,3.533,205,617.3,200.6,638.7,262.6,0.5419
106,3.533,228,338.0,195.1,354.6,252.8,0.3920
106,3.533,204,861.6,193.5,940.0,460.3,0.8729
106,3.533,237,372.8,196.5,389.9,245.0,0.4610
106,3.533,238,356.7,195.1,374.2,250.8,0.5276
107,3.567,69,409.5,190.7,444.0,281.0,0.7883
107,3.567,85,360.8,195.0,381.3,252.8,0.2961
107,3.567,205,617.3,199.7,639.0,262.2,0.5611
107,3.567,228,337.6,194.9,354.1,252.1,0.3728
107,3.567,204,858.9,194.9,940.9,461.1,0.8820
107,3.567,237,372.4,196.8,389.6,246.0,0.4869
107,3.567,238,356.2,194.7,373.9,250.6,0.5297
108,3.600,69,408.3,190.0,443.0,281.3,0.8085
108,3.600,85,361.1,194.9,382.0,253.1,0.3467
108,3.600,205,617.3,199.1,639.4,262.2,0.5869
108,3.600,228,337.0,195.4,353.5,252.3,0.4663
108,3.600,204,857.1,194.9,942.6,461.7,0.8715
108,3.600,237,371.3,196.1,389.7,248.5,0.5242
108,3.600,238,355.9,195.1,373.8,251.3,0.5605
109,3.633,69,407.3,190.0,440.9,279.3,0.7671
109,3.633,205,617.5,198.4,639.8,261.7,0.5890
109,3.633,228,335.9,197.2,352.2,252.5,0.2816
109,3.633,204,856.3,192.9,945.3,462.4,0.8593
109,3.633,237,370.2,195.2,389.1,249.2,0.5755
109,3.633,238,355.5,194.8,373.3,250.6,0.4882
110,3.667,69,406.3,190.2,439.6,279.0,0.7568
110,3.667,205,617.6,198.7,640.0,262.2,0.4911
110,3.667,204,855.2,190.8,946.4,459.3,0.8521
110,3.667,237,369.3,194.2,388.7,249.3,0.5830
110,3.667,238,354.1,194.5,372.0,249.9,0.4525
111,3.700,69,405.5,190.3,438.8,279.0,0.7773
111,3.700,205,617.8,198.9,640.3,262.5,0.4432
111,3.700,204,856.6,188.5,948.8,454.9,0.8272
111,3.700,237,368.8,193.7,388.5,249.5,0.6274
111,3.700,238,352.9,194.3,371.1,249.7,0.4597
112,3.733,69,404.9,190.5,438.3,279.3,0.7559
112,3.733,205,618.0,198.3,640.7,262.8,0.4977
112,3.733,204,858.6,186.8,951.7,452.4,0.8615
112,3.733,237,368.8,194.2,388.6,250.3,0.5578
112,3.733,238,352.6,194.4,371.4,251.7,0.4875
113,3.767,69,405.2,190.8,438.3,278.8,0.7274
113,3.767,205,619.8,198.0,643.0,264.3,0.5165
113,3.767,204,861.0,185.9,954.1,449.8,0.8651
113,3.767,237,370.2,195.0,389.7,250.4,0.6142
113,3.767,238,353.0,194.3,371.8,251.5,0.4744
114,3.800,69,406.5,192.0,439.8,279.3,0.7668
114,3.800,205,621.0,198.7,643.8,264.1,0.4957
114,3.800,204,863.8,183.5,957.7,450.2,0.8346
114,3.800,237,371.9,196.0,391.6,251.7,0.6011
114,3.800,238,354.0,195.2,372.8,252.6,0.5200
114,3.800,228,337.5,197.0,354.3,251.3,0.3821
115,3.833,69,407.8,195.9,440.0,279.3,0.7158
115,3.833,205,623.4,199.0,646.5,265.4,0.3055
115,3.833,204,865.2,182.6,959.5,451.5,0.7846
115,3.833,237,373.4,196.4,393.2,251.6,0.4879
115,3.833,238,355.4,195.1,372.8,248.3,0.3647
115,3.833,240,26.2,198.6,50.9,270.8,0.5300
116,3.867,69,408.8,198.1,441.1,280.2,0.7086
116,3.867,204,860.4,182.8,952.8,453.4,0.7748
116,3.867,238,355.3,195.7,373.6,250.6,0.2736
117,3.900,69,409.8,199.9,441.8,281.3,0.5583
117,3.900,204,857.0,183.3,948.2,456.9,0.7816
117,3.900,237,378.2,197.0,396.9,248.1,0.4905
117,3.900,85,357.1,196.9,377.4,254.0,0.4221
117,3.900,240,31.4,201.9,56.1,273.9,0.7116
118,3.933,69,411.0,201.2,442.1,281.2,0.6074
118,3.933,204,855.4,183.6,947.6,461.7,0.7956
118,3.933,237,382.1,197.3,399.7,245.2,0.5504
118,3.933,85,359.0,196.0,379.4,254.9,0.3850
118,3.933,240,36.4,201.8,60.8,273.1,0.6925
119,3.967,69,414.6,200.0,446.1,281.1,0.5879
119,3.967,204,853.9,184.0,946.9,464.8,0.8449
119,3.967,237,387.2,197.7,403.4,240.9,0.4865
119,3.967,240,42.4,203.7,66.3,273.4,0.5712
119,3.967,245,437.1,190.5,457.8,262.8,0.4819
120,4.000,204,858.3,186.3,952.2,467.0,0.8646
120,4.000,245,432.1,199.5,454.4,276.8,0.7334
121,4.033,204,860.4,187.4,955.1,469.0,0.8704
121,4.033,245,431.5,198.8,455.3,281.0,0.7709
121,4.033,247,452.2,190.0,475.9,263.3,0.7571
121,4.033,249,62.7,204.1,85.7,273.1,0.6579
121,4.033,250,656.1,197.9,679.7,264.4,0.5522
122,4.067,204,860.2,187.6,956.2,471.4,0.8800
122,4.067,245,433.4,196.1,458.3,281.6,0.7467
122,4.067,247,455.6,187.7,479.7,261.9,0.7851
122,4.067,249,65.8,201.3,89.2,271.7,0.7510
122,4.067,250,659.1,197.5,683.0,265.1,0.5220
122,4.067,252,407.7,196.9,426.0,249.1,0.5885
123,4.100,204,861.7,187.5,958.3,472.4,0.8714
123,4.100,245,435.1,196.3,459.8,280.6,0.7479
123,4.100,247,458.7,186.7,482.5,260.1,0.7389
123,4.100,249,69.8,199.4,93.3,270.0,0.7357
123,4.100,250,663.4,196.2,686.9,262.5,0.4792
123,4.100,252,411.1,196.3,429.7,249.0,0.6298
123,4.100,256,385.6,192.8,402.0,249.2,0.4816
124,4.133,204,867.0,186.4,959.4,458.9,0.8495
124,4.133,245,438.4,193.7,463.5,278.8,0.7966
124,4.133,247,463.3,186.8,486.8,258.8,0.7765
124,4.133,249,74.1,199.0,96.5,266.2,0.6452
124,4.133,250,667.9,194.9,691.0,260.3,0.4213
124,4.133,252,414.9,193.6,433.2,245.9,0.5635
124,4.133,256,388.3,191.2,405.1,249.1,0.4427
124,4.133,257,1.6,206.6,25.9,303.2,0.5009
125,4.167,204,874.0,181.8,960.0,451.2,0.8483
125,4.167,245,444.3,192.8,469.1,276.2,0.7764
125,4.167,247,469.6,185.8,493.0,257.3,0.7701
125,4.167,249,81.0,197.3,103.5,264.4,0.7713
125,4.167,252,421.2,192.3,439.2,243.4,0.5093
125,4.167,256,391.8,188.7,409.3,249.1,0.5852
125,4.167,257,3.7,203.5,28.9,302.7,0.4708
126,4.200,204,880.0,178.9,960.0,448.8,0.8154
126,4.200,245,448.2,192.8,473.4,276.3,0.7423
126,4.200,247,474.2,185.9,497.4,256.8,0.6676
126,4.200,249,86.6,195.8,109.1,262.8,0.7242
126,4.200,252,425.5,191.1,444.6,245.2,0.6006
126,4.200,256,395.1,189.4,412.3,248.6,0.5977
126,4.200,257,0.7,195.6,27.3,300.6,0.4851
127,4.233,204,883.4,176.5,960.0,450.2,0.7959
127,4.233,245,451.3,192.2,476.5,274.8,0.8077
127,4.233,247,478.5,185.1,501.7,255.7,0.8102
127,4.233,249,90.5,194.4,113.9,263.7,0.7630
127,4.233,250,685.2,191.8,708.4,258.0,0.3096
127,4.233,252,429.8,190.6,449.1,245.5,0.6575
127,4.233,256,398.3,188.7,415.7,248.2,0.6855
127,4.233,257,4.1,194.7,31.2,300.1,0.4782
127,4.233,261,16.2,192.8,41.9,303.2,0.4267
128,4.267,204,884.9,173.7,960.0,452.0,0.7499
128,4.267,245,455.3,192.2,480.4,273.7,0.8315
128,4.267,247,482.2,183.8,506.1,256.8,0.8025
128,4.267,249,95.1,194.1,118.9,264.1,0.7664
128,4.267,250,689.6,191.7,712.5,257.1,0.3366
128,4.267,252,433.8,190.6,453.2,245.7,0.6038
128,4.267,256,401.2,187.9,418.8,247.5,0.6001
128,4.267,257,8.0,195.7,36.3,302.6,0.4861
128,4.267,261,20.9,200.6,44.1,300.2,0.3817
129,4.300,204,886.1,171.6,960.0,452.5,0.7590
129,4.300,245,458.9,192.2,484.0,272.8,0.7826
129,4.300,247,485.3,181.9,509.5,255.9,0.7519
129,4.300,249,99.3,194.2,122.9,263.4,0.7091
129,4.300,250,694.2,190.6,717.2,256.0,0.3704
129,4.300,252,437.0,189.9,456.6,245.4,0.6475
129,4.300,256,403.3,187.7,420.7,246.0,0.6036
129,4.300,257,9.1,190.0,39.9,302.7,0.6783
130,4.333,204,888.5,167.7,960.0,451.3,0.6438
130,4.333,245,464.6,190.5,490.2,272.5,0.8509
130,4.333,247,491.9,180.3,516.8,256.6,0.7942
130,4.333,249,106.7,193.6,130.6,262.5,0.8045
130,4.333,252,443.9,189.5,463.3,244.2,0.4326
130,4.333,256,408.1,187.2,425.6,245.0,0.6261
130,4.333,257,12.2,185.0,45.4,302.0,0.6334
131,4.367,204,890.3,166.3,960.0,448.9,0.3704
131,4.367,245,468.5,190.3,494.2,272.2,0.8421
131,4.367,247,496.1,179.6,521.1,256.2,0.7511
131,4.367,249,112.0,193.9,136.0,262.4,0.7294
131,4.367,250,707.3,188.6,731.0,256.3,0.3157
131,4.367,252,449.0,189.3,468.2,243.5,0.6539
131,4.367,256,412.4,187.3,429.7,243.9,0.6435
131,4.367,257,15.2,184.8,48.7,299.0,0.6842
131,4.367,273,5.0,186.6,38.7,296.7,0.3714
132,4.400,204,884.3,165.7,960.0,444.6,0.5703
132,4.400,245,472.3,188.8,498.1,270.2,0.7728
132,4.400,247,500.8,179.8,525.5,255.1,0.8058
132,4.400,249,116.8,192.9,141.5,262.3,0.7917
132,4.400,250,712.3,187.6,736.2,255.5,0.5668
132,4.400,252,454.2,188.3,471.5,237.4,0.5294
132,4.400,256,415.3,186.7,433.1,244.3,0.6634
132,4.400,257,19.2,185.0,53.8,298.9,0.6463
132,4.400,273,8.7,186.9,38.2,283.1,0.2873
132,4.400,275,227.8,189.8,243.8,239.0,0.4601
132,4.400,276,248.0,191.1,265.3,223.7,0.4027
133,4.433,204,880.1,166.0,959.4,442.2,0.6763
133,4.433,245,475.6,188.9,501.0,268.1,0.8196
133,4.433,247,504.9,178.7,530.0,255.2,0.8154
133,4.433,249,120.5,192.4,145.1,260.7,0.7568
133,4.433,250,717.1,186.8,741.4,255.4,0.5781
133,4.433,252,457.9,187.3,475.1,236.7,0.3400
133,4.433,256,419.5,186.4,437.0,242.8,0.6003
133,4.433,257,21.1,183.8,56.9,297.8,0.6833
133,4.433,276,250.4,190.2,267.9,223.1,0.3203
133,4.433,261,42.7,187.7,67.6,292.1,0.2502
134,4.467,204,877.8,168.7,956.3,438.3,0.5849
134,4.467,245,478.2,186.8,503.9,266.6,0.8061
134,4.467,247,508.0,177.0,533.4,254.5,0.7969
134,4.467,249,123.9,191.9,148.2,259.2,0.7485
134,4.467,250,721.2,186.8,745.2,254.3,0.3323
134,4.467,252,461.6,186.5,479.4,237.5,0.4874
134,4.467,256,422.0,185.7,439.7,241.9,0.6762
134,4.467,257,23.4,183.4,60.2,296.7,0.7293
134,4.467,275,228.3,183.9,246.1,238.3,0.2581
135,4.500,204,877.6,166.5,957.1,438.0,0.7149
135,4.500,245,481.7,184.1,508.0,264.9,0.7577
135,4.500,247,512.2,175.0,537.9,253.0,0.7770
135,4.500,249,128.7,189.0,153.5,257.9,0.8083
135,4.500,252,465.5,185.3,483.2,236.4,0.6569
135,4.500,256,425.8,183.8,443.6,239.8,0.6318
135,4.500,257,24.9,180.6,63.0,295.3,0.6793
135,4.500,280,17.6,181.9,52.9,293.7,0.4891
136,4.533,204,879.9,169.8,958.9,439.9,0.8341
136,4.533,245,484.4,181.7,511.2,263.2,0.7320
136,4.533,247,515.2,173.1,541.5,252.0,0.7427
136,4.533,249,131.8,185.9,157.2,256.4,0.7727
136,4.533,250,731.2,184.7,756.3,254.2,0.3134
136,4.533,252,467.7,182.2,485.1,233.2,0.5619
136,4.533,256,428.5,182.3,446.6,238.7,0.6659
136,4.533,257,25.3,178.0,63.9,292.7,0.6121
136,4.533,280,18.7,179.2,53.7,290.2,0.5219
137,4.567,204,881.6,168.1,960.0,441.5,0.8186
137,4.567,245,485.9,178.3,513.5,261.3,0.6381
137,4.567,247,518.1,171.7,544.5,251.0,0.7100
137,4.567,249,134.6,183.6,159.8,253.7,0.7863
137,4.567,250,734.1,183.4,759.8,254.4,0.4727
137,4.567,252,470.7,181.3,487.7,231.3,0.4367
137,4.567,256,430.5,181.5,448.7,237.7,0.5263
137,4.567,257,25.0,174.8,64.3,290.5,0.6025
137,4.567,280,19.5,176.4,54.5,287.6,0.3727
138,4.600,204,883.0,163.5,960.0,444.4,0.7998
138,4.600,245,486.7,179.3,514.2,260.4,0.7202
138,4.600,247,520.2,170.8,546.8,250.4,0.7124
138,4.600,249,136.6,182.4,161.5,251.8,0.7656
138,4.600,250,736.7,181.5,762.1,252.0,0.5692
138,4.600,252,472.5,179.4,490.3,231.8,0.5138
138,4.600,256,431.6,181.0,450.0,236.8,0.6188
138,4.600,257,25.2,173.2,65.2,290.0,0.6057
138,4.600,280,19.6,174.9,53.8,284.3,0.2913
139,4.633,204,885.5,163.4,960.0,446.9,0.8071
139,4.633,245,487.6,179.2,515.2,259.8,0.7269
139,4.633,247,522.7,170.9,549.2,249.8,0.7544
139,4.633,249,139.0,181.5,163.7,250.7,0.7682
139,4.633,250,739.0,181.3,764.5,251.5,0.5106
139,4.633,252,474.1,179.6,491.5,230.6,0.4825
139,4.633,256,432.3,179.1,451.3,235.9,0.5605
139,4.633,257,25.6,172.5,65.9,289.4,0.6129
139,4.633,280,20.5,174.2,52.4,276.9,0.2966
140,4.667,204,890.7,162.7,960.0,450.5,0.8142
140,4.667,245,489.9,180.1,517.2,259.0,0.7805
140,4.667,247,525.6,169.4,552.7,249.5,0.7917
140,4.667,249,142.4,181.0,166.9,249.8,0.7893
140,4.667,250,742.0,180.4,767.6,251.0,0.5933
140,4.667,252,476.0,179.2,493.1,229.7,0.4795
140,4.667,256,435.2,178.1,453.8,233.1,0.4869
140,4.667,257,25.0,172.7,65.4,289.3,0.6399
140,4.667,276,273.6,177.9,292.7,214.1,0.3462
140,4.667,280,20.6,174.7,52.3,277.2,0.2693
141,4.700,204,893.7,161.2,960.0,454.6,0.7922
141,4.700,245,491.3,180.2,518.5,258.4,0.6923
141,4.700,247,528.1,168.9,555.9,250.0,0.8009
141,4.700,249,145.1,180.4,169.5,248.5,0.7659
141,4.700,250,744.9,178.0,770.8,249.9,0.4790
141,4.700,252,477.8,177.9,495.3,230.4,0.4518
141,4.700,256,437.4,175.9,456.7,232.8,0.4854
141,4.700,257,26.0,173.2,66.3,289.2,0.6413
142,4.733,204,897.3,157.3,960.0,456.8,0.8062
142,4.733,245,491.9,179.7,519.5,258.3,0.7123
142,4.733,247,529.8,169.6,557.7,250.3,0.7803
142,4.733,249,147.4,181.0,171.4,248.1,0.7825
142,4.733,250,747.7,177.0,774.1,250.1,0.5182
142,4.733,252,479.7,178.6,496.8,230.3,0.4519
142,4.733,256,440.6,176.3,459.7,233.4,0.4580
142,4.733,257,27.1,173.9,67.4,289.7,0.5938
142,4.733,276,279.1,177.4,298.5,214.4,0.3244
142,4.733,280,22.1,175.3,50.7,269.3,0.2763
143,4.767,204,900.5,156.1,960.0,458.7,0.8008
143,4.767,245,493.0,179.6,520.7,258.2,0.6144
143,4.767,247,532.2,169.4,560.4,250.6,0.7390
143,4.767,249,149.2,182.1,172.9,248.6,0.7450
143,4.767,250,750.2,176.4,777.1,250.7,0.5618
143,4.767,252,481.9,178.9,498.5,229.5,0.4080
143,4.767,256,440.6,175.3,460.4,233.9,0.5828
143,4.767,257,26.6,175.2,66.3,289.7,0.5825
143,4.767,276,280.8,177.5,300.2,214.6,0.3372
143,4.767,280,22.6,177.1,52.3,275.4,0.2899
144,4.800,204,903.4,157.0,960.0,461.3,0.7667
144,4.800,245,493.8,179.5,521.8,258.2,0.6281
144,4.800,247,534.6,169.4,563.2,251.1,0.7787
144,4.800,249,151.0,181.5,175.3,249.3,0.7273
144,4.800,250,753.4,178.4,779.8,251.6,0.5248
144,4.800,256,441.2,177.1,460.9,235.0,0.4330
144,4.800,257,25.6,176.4,64.6,290.6,0.4883
144,4.800,276,282.5,177.5,302.1,214.7,0.3792
144,4.800,280,23.6,178.2,53.0,275.9,0.2705
145,4.833,204,905.6,159.1,960.0,461.7,0.7429
145,4.833,245,494.5,179.6,523.7,261.2,0.7090
145,4.833,247,537.9,169.4,567.1,252.3,0.8003
145,4.833,249,154.5,184.6,178.2,251.0,0.7643
145,4.833,250,756.5,180.1,782.9,253.8,0.4440
145,4.833,257,25.4,179.7,63.4,292.5,0.4770
145,4.833,276,286.5,178.9,306.3,216.2,0.3546
146,4.867,204,903.0,161.4,960.0,463.3,0.7640
146,4.867,245,495.6,180.3,525.2,262.2,0.7164
146,4.867,247,540.7,169.5,570.0,252.8,0.7574
146,4.867,249,157.7,185.5,181.1,251.3,0.7854
146,4.867,250,760.4,179.4,787.0,253.6,0.5847
146,4.867,257,27.3,181.1,64.7,294.2,0.4346
146,4.867,276,290.1,180.7,309.4,216.9,0.3610
146,4.867,308,34.5,182.5,75.8,297.0,0.5498
147,4.900,204,901.0,162.8,960.0,454.1,0.7592
147,4.900,245,497.6,180.5,527.2,261.2,0.7355
147,4.900,247,544.2,169.1,573.8,252.9,0.7326
147,4.900,249,160.5,186.0,183.9,251.2,0.7450
147,4.900,250,764.0,179.7,790.4,253.5,0.4427
147,4.900,256,452.3,180.0,471.6,235.9,0.3285
147,4.900,257,29.3,181.4,66.2,294.0,0.4591
147,4.900,276,293.4,181.4,312.7,217.1,0.3005
147,4.900,308,34.4,182.1,75.7,296.3,0.5979
147,4.900,312,0.0,199.5,19.4,289.1,0.5346
148,4.933,204,900.0,163.7,960.0,442.5,0.7669
148,4.933,245,499.6,181.6,529.1,261.4,0.7165
148,4.933,247,547.0,168.9,576.8,253.3,0.8236
148,4.933,249,164.4,186.5,187.3,250.5,0.7217
148,4.933,250,766.8,180.5,793.1,254.8,0.4729
148,4.933,257,30.1,181.9,67.0,295.6,0.4958
148,4.933,276,296.2,181.0,316.2,217.6,0.4924
148,4.933,308,34.6,183.3,75.8,297.1,0.5561
148,4.933,312,0.0,198.7,20.0,292.0,0.6044
148,4.933,315,443.5,179.7,463.1,238.0,0.3555
148,4.933,317,400.2,173.3,419.6,233.0,0.4688
149,4.967,204,899.2,164.5,959.7,440.3,0.7741
149,4.967,245,501.9,180.9,531.6,260.6,0.6857
149,4.967,247,550.2,168.3,580.1,252.7,0.8122
149,4.967,249,167.1,186.3,190.1,250.4,0.7419
149,4.967,250,771.2,177.9,798.1,253.7,0.5401
149,4.967,257,31.5,181.2,67.1,292.3,0.2638
149,4.967,276,299.4,180.3,319.5,216.7,0.3503
149,4.967,308,35.6,183.2,76.6,296.0,0.6221
149,4.967,312,0.0,195.1,21.4,291.9,0.6718
149,4.967,317,402.7,174.3,422.1,233.9,0.3549
150,5.000,204,898.2,164.8,959.2,441.7,0.7800
150,5.000,245,504.8,180.5,534.7,260.2,0.6050
150,5.000,247,554.3,167.2,584.5,252.3,0.7689
150,5.000,249,170.9,185.2,194.0,249.9,0.7717
150,5.000,250,776.6,176.8,803.5,252.9,0.5101
150,5.000,308,37.3,182.7,78.7,295.9,0.6020
150,5.000,312,2.7,195.2,24.8,291.3,0.6884
150,5.000,315,450.1,178.7,469.8,237.6,0.4095
150,5.000,317,406.1,175.5,425.0,233.4,0.4752
150,5.000,256,465.6,180.9,482.8,232.6,0.4493
151,5.033,204,898.1,164.4,959.5,443.0,0.8014
151,5.033,245,506.0,179.9,535.8,259.1,0.6478
151,5.033,247,556.2,165.8,586.8,251.7,0.7596
151,5.033,249,172.2,183.5,195.2,248.2,0.7657
151,5.033,250,779.3,175.6,806.1,252.0,0.4169
151,5.033,276,306.5,177.8,327.4,215.0,0.3597
151,5.033,308,37.7,178.0,80.7,295.9,0.5403
151,5.033,312,3.7,194.8,26.1,290.2,0.6843
151,5.033,315,451.8,178.0,470.8,234.8,0.4183
151,5.033,317,409.0,174.9,428.3,234.0,0.4315
151,5.033,256,468.1,179.9,484.9,230.6,0.4943
151,5.033,280,34.7,177.5,60.2,260.4,0.3699
152,5.067,204,898.8,163.3,960.0,445.4,0.7977
152,5.067,245,506.8,178.7,536.9,258.2,0.6759
152,5.067,247,557.5,164.5,588.4,251.2,0.8004
152,5.067,249,173.9,183.4,196.3,246.1,0.7459
152,5.067,250,782.8,174.6,809.3,249.6,0.3119
152,5.067,276,307.9,175.4,329.5,213.6,0.5327
152,5.067,308,36.1,174.7,79.6,293.4,0.5771
152,5.067,312,3.7,193.5,26.4,288.6,0.7089
152,5.067,315,452.4,174.4,471.8,232.6,0.5018
152,5.067,317,409.8,173.1,428.7,230.4,0.3685
152,5.067,256,470.0,177.7,486.8,229.0,0.5156
153,5.100,204,900.2,162.3,960.0,447.4,0.7748
153,5.100,245,507.7,177.3,537.8,257.0,0.6732
153,5.100,247,559.3,163.9,590.2,250.7,0.8355
153,5.100,249,175.1,181.4,197.5,243.7,0.7395
153,5.100,250,784.9,173.2,811.5,247.8,0.4899
153,5.100,276,310.0,173.7,332.0,212.3,0.5449
153,5.100,308,35.8,173.3,79.7,292.5,0.6187
153,5.100,312,2.9,191.3,25.7,285.9,0.7432
153,5.100,315,452.5,171.7,472.4,231.6,0.4284
153,5.100,317,411.5,168.2,431.8,229.7,0.4844
153,5.100,256,471.7,177.1,487.8,226.8,0.3921
154,5.133,204,901.6,159.3,960.0,450.0,0.7865
154,5.133,245,508.3,176.1,538.5,256.2,0.6819
154,5.133,247,560.6,163.1,591.5,249.9,0.8325
154,5.133,249,175.9,179.7,198.7,242.8,0.7530
154,5.133,250,786.5,172.1,813.7,247.5,0.5549
154,5.133,276,312.0,172.0,334.3,211.1,0.5180
154,5.133,308,35.7,172.9,80.2,292.7,0.6959
154,5.133,312,2.9,189.8,25.6,282.7,0.7130
154,5.133,315,452.6,170.1,473.0,231.9,0.4401
154,5.133,317,412.3,167.4,432.8,229.4,0.5528
154,5.133,256,472.0,175.8,488.3,226.2,0.4339
155,5.167,204,901.9,154.9,960.0,454.1,0.7887
155,5.167,245,508.8,173.0,539.2,253.8,0.6996
155,5.167,247,562.0,162.6,592.7,249.0,0.7923
155,5.167,249,176.6,178.9,199.3,241.3,0.7006
155,5.167,250,789.1,171.5,816.0,245.9,0.5773
155,5.167,276,313.8,170.8,336.4,210.1,0.4780
155,5.167,308,34.9,173.5,79.1,291.2,0.7210
155,5.167,312,2.8,187.4,26.3,282.0,0.6604
155,5.167,315,453.5,170.1,473.4,230.6,0.5065
155,5.167,317,413.0,167.0,433.4,228.2,0.5047
155,5.167,256,472.7,174.3,488.8,223.7,0.3890
156,5.200,204,900.2,144.6,960.0,453.8,0.7672
156,5.200,245,509.0,171.0,539.7,253.1,0.7093
156,5.200,247,562.4,162.3,593.5,249.9,0.7943
156,5.200,249,177.3,179.1,200.0,241.2,0.6937
156,5.200,250,789.9,171.0,817.2,246.6,0.6062
156,5.200,276,315.5,169.8,338.5,209.4,0.4016
156,5.200,308,32.6,173.1,77.7,292.0,0.7238
156,5.200,312,2.7,186.5,27.5,284.9,0.6440
156,5.200,315,454.2,170.5,473.6,229.9,0.4056
156,5.200,317,412.5,163.2,434.2,227.9,0.5037
156,5.200,256,473.5,173.7,489.3,222.4,0.4392
157,5.233,204,898.6,146.5,960.0,454.7,0.8182
157,5.233,245,508.6,170.5,539.4,252.8,0.7065
157,5.233,247,562.4,161.5,593.8,250.4,0.7840
157,5.233,249,177.3,179.9,200.3,241.7,0.6859
157,5.233,250,790.6,171.3,817.7,247.0,0.5879
157,5.233,276,316.2,170.3,339.1,209.1,0.3966
157,5.233,308,30.4,173.0,76.3,292.7,0.7190
157,5.233,312,1.1,185.6,26.4,285.3,0.6056
157,5.233,315,453.9,170.6,473.2,230.3,0.2682
157,5.233,317,412.7,165.8,434.1,229.2,0.4316
157,5.233,256,472.4,173.8,489.1,224.4,0.4826
158,5.267,204,896.2,150.0,959.5,455.5,0.8166
158,5.267,245,508.0,170.3,538.7,252.5,0.6826
158,5.267,247,562.3,161.6,593.6,250.8,0.7809
158,5.267,249,176.5,180.1,199.7,241.7,0.6690
158,5.267,250,790.7,172.2,817.9,248.4,0.3886
158,5.267,276,316.1,169.6,339.7,208.9,0.3411
158,5.267,308,26.8,173.3,72.7,291.6,0.5795
158,5.267,312,1.8,185.8,27.6,286.4,0.5003
158,5.267,317,412.9,167.5,434.0,230.1,0.3661
158,5.267,256,471.3,173.8,488.5,225.3,0.5021
159,5.300,204,889.8,149.8,955.5,459.4,0.8390
159,5.300,245,506.7,170.7,537.3,253.2,0.6855
159,5.300,247,562.1,161.1,593.6,250.9,0.7836
159,5.300,249,175.8,180.3,199.6,242.9,0.7078
159,5.300,250,790.7,172.3,817.9,249.2,0.5224
159,5.300,276,316.2,169.0,340.4,209.0,0.4222
159,5.300,308,25.8,173.1,72.1,292.7,0.6582
159,5.300,312,0.9,185.9,26.8,286.4,0.6404
159,5.300,315,451.8,169.2,471.0,227.5,0.5080
159,5.300,317,412.8,167.8,434.0,230.0,0.5139
159,5.300,256,470.0,173.6,487.7,225.9,0.4793
160,5.333,204,877.9,153.3,947.5,465.3,0.8875
160,5.333,245,504.1,172.3,534.7,254.4,0.7361
160,5.333,247,560.0,161.0,591.7,252.1,0.8322
160,5.333,249,171.8,181.1,196.4,245.5,0.8097
160,5.333,250,788.9,172.6,816.5,250.3,0.4963
160,5.333,308,18.0,173.4,65.7,294.5,0.7310
160,5.333,315,448.7,169.2,468.6,230.3,0.4556
160,5.333,317,409.0,167.0,431.2,231.5,0.4396
160,5.333,256,467.6,174.1,485.6,226.6,0.6045
161,5.367,204,869.8,155.7,943.6,468.9,0.8853
161,5.367,245,502.0,172.8,532.7,254.9,0.7686
161,5.367,247,559.1,161.0,591.0,252.7,0.8539
161,5.367,249,170.1,182.5,194.6,246.0,0.8369
161,5.367,250,787.5,172.6,815.5,251.3,0.5566
161,5.367,308,12.3,172.8,61.2,295.7,0.7031
161,5.367,315,446.7,169.2,466.8,231.5,0.5611
161,5.367,317,407.3,167.1,430.1,232.7,0.5109
161,5.367,256,466.6,174.5,484.5,226.5,0.6650
162,5.400,204,863.2,157.2,941.5,471.9,0.8850
162,5.400,245,499.4,173.2,530.1,255.2,0.7481
162,5.400,247,557.6,161.6,589.5,253.2,0.8302
162,5.400,249,168.4,183.5,192.8,246.6,0.7633
162,5.400,250,785.8,172.8,814.3,252.3,0.5138
162,5.400,308,6.5,172.7,56.4,296.7,0.7709
162,5.400,315,444.3,168.7,464.5,231.5,0.5188
162,5.400,317,404.6,167.6,427.3,232.8,0.4059
162,5.400,256,465.6,175.1,483.0,225.5,0.5418
163,5.433,204,858.9,158.3,941.5,474.9,0.8935
163,5.433,245,496.4,173.1,527.4,255.7,0.7214
163,5.433,247,555.9,162.2,588.0,254.2,0.8596
163,5.433,249,165.6,183.5,190.5,248.5,0.7868
163,5.433,250,783.9,172.7,812.0,251.5,0.3183
163,5.433,308,2.3,172.8,52.6,297.0,0.7930
163,5.433,315,441.8,170.4,461.3,231.4,0.4126
163,5.433,317,402.8,168.8,425.2,232.9,0.4555
163,5.433,256,463.2,177.0,480.4,226.4,0.4059
163,5.433,328,308.6,172.5,336.3,241.3,0.5285
164,5.467,204,855.8,159.4,941.5,473.7,0.9078
164,5.467,245,492.6,173.0,523.8,255.8,0.7387
164,5.467,247,553.7,162.3,586.0,254.6,0.8642
164,5.467,249,161.3,182.2,186.8,249.1,0.7628
164,5.467,250,781.0,173.5,808.9,251.8,0.5118
164,5.467,308,0.0,173.4,49.5,298.1,0.8226
164,5.467,315,439.0,171.1,458.4,232.0,0.3514
164,5.467,317,401.1,169.7,423.2,232.6,0.3783
164,5.467,328,306.1,169.9,334.6,240.9,0.4607
165,5.500,204,852.0,160.5,941.2,473.3,0.8892
165,5.500,245,487.5,173.5,518.7,255.3,0.7711
165,5.500,247,550.1,162.2,582.6,254.6,0.8677
165,5.500,249,156.8,182.4,181.4,247.3,0.6980
165,5.500,250,777.1,173.2,805.0,251.3,0.5457
165,5.500,308,0.0,174.9,44.6,298.7,0.6692
165,5.500,315,434.9,169.7,454.3,231.0,0.3772
165,5.500,328,300.5,167.8,330.5,242.8,0.5454
165,5.500,329,452.7,175.8,471.5,225.4,0.5354
166,5.533,204,847.9,159.3,941.2,474.4,0.8857
166,5.533,245,482.8,172.9,514.0,254.6,0.7498
166,5.533,247,546.6,161.8,579.5,255.2,0.8280
166,5.533,249,152.6,182.2,177.2,247.4,0.6064
166,5.533,250,773.9,172.7,802.3,251.4,0.5178
166,5.533,308,0.0,184.1,38.7,300.2,0.7391
166,5.533,328,298.1,170.6,326.9,243.2,0.6012
166,5.533,329,450.9,177.0,469.4,225.9,0.4600
167,5.567,204,843.3,158.2,939.2,472.1,0.8720
167,5.567,245,477.9,170.9,509.9,254.6,0.8028
167,5.567,247,543.9,162.3,576.9,255.4,0.8385
167,5.567,249,148.5,180.0,173.4,246.4,0.6764
167,5.567,250,770.4,171.5,799.7,252.4,0.4443
167,5.567,308,0.0,186.7,33.9,300.8,0.6584
167,5.567,328,295.2,169.8,324.4,243.7,0.6262
167,5.567,329,446.0,176.2,464.8,225.7,0.4439
167,5.567,332,388.5,167.0,409.7,232.2,0.4035
167,5.567,315,427.1,171.4,446.8,233.4,0.5314
168,5.600,204,835.7,157.4,931.4,466.4,0.8745
168,5.600,245,473.0,171.4,505.0,255.0,0.8098
168,5.600,247,540.7,162.8,573.7,255.4,0.8165
168,5.600,249,144.5,179.0,169.0,244.9,0.7024
168,5.600,250,765.9,172.0,794.3,251.3,0.4086
168,5.600,328,291.2,170.6,319.5,242.6,0.5345
168,5.600,329,442.1,175.8,461.2,225.8,0.4800
168,5.600,332,384.1,163.6,406.6,232.4,0.4398
168,5.600,335,941.6,195.0,957.2,443.7,0.5307
168,5.600,315,423.8,169.3,443.5,232.1,0.3617
168,5.600,312,0.0,187.6,23.5,304.0,0.3670
169,5.633,204,828.7,156.2,923.3,458.8,0.8469
169,5.633,245,468.9,172.0,500.0,253.4,0.7274
169,5.633,247,537.3,161.5,570.6,255.1,0.7823
169,5.633,249,139.7,178.2,164.0,243.9,0.6142
169,5.633,328,287.5,171.7,314.9,241.9,0.6208
169,5.633,329,439.1,174.9,458.5,225.4,0.4882
169,5.633,332,378.9,162.6,401.5,232.2,0.4193
169,5.633,335,937.0,164.7,954.8,445.7,0.5744
169,5.633,315,420.5,169.6,439.7,231.0,0.5326
170,5.667,204,818.5,152.4,912.8,454.9,0.8499
170,5.667,245,462.0,171.8,493.2,253.4,0.7869
170,5.667,247,531.8,160.9,565.6,255.8,0.8477
170,5.667,249,132.1,181.2,155.1,243.8,0.5772
170,5.667,328,280.2,170.0,308.1,241.8,0.6100
170,5.667,329,432.1,175.4,451.2,225.1,0.4959
170,5.667,332,372.5,162.5,395.2,232.2,0.4380
170,5.667,335,929.0,141.1,949.1,446.6,0.8544
171,5.700,204,810.0,150.2,904.5,453.6,0.8549
171,5.700,245,456.9,172.6,487.9,253.0,0.7404
171,5.700,247,527.5,160.5,561.6,256.1,0.8613
171,5.700,249,125.4,184.7,147.2,244.6,0.4487
171,5.700,328,274.6,170.7,302.7,242.9,0.6222
171,5.700,329,429.1,175.8,448.2,225.7,0.5423
171,5.700,332,366.8,166.5,388.6,233.1,0.3731
171,5.700,335,923.4,131.8,945.4,448.3,0.8244
171,5.700,317,406.0,169.7,427.0,230.5,0.5704
172,5.733,204,803.2,150.3,897.6,455.6,0.8588
172,5.733,245,452.6,171.3,484.0,253.0,0.7449
172,5.733,247,524.7,159.6,558.9,256.1,0.8392
172,5.733,328,271.1,170.5,299.8,244.4,0.6224
172,5.733,329,426.1,177.4,444.9,226.4,0.3040
172,5.733,332,362.5,164.2,385.2,233.4,0.4656
172,5.733,335,918.2,132.2,942.1,451.1,0.8673
172,5.733,317,404.2,171.3,424.7,231.9,0.3078
173,5.767,204,797.6,150.0,892.5,458.0,0.8555
173,5.767,245,450.4,172.5,481.5,253.4,0.7065
173,5.767,247,522.7,158.1,556.9,255.0,0.7670
173,5.767,328,267.3,170.3,295.8,243.3,0.2678
173,5.767,335,914.8,131.9,941.0,453.9,0.8660
174,5.800,204,791.4,151.5,886.5,460.0,0.8805
174,5.800,245,447.3,172.8,478.5,253.9,0.7296
174,5.800,247,520.2,159.0,554.6,257.0,0.8360
174,5.800,328,264.2,171.5,292.7,245.1,0.4445
174,5.800,329,418.0,176.2,437.4,227.5,0.4886
174,5.800,335,909.2,133.5,938.3,457.5,0.8882
174,5.800,332,356.5,161.2,381.2,236.5,0.5886
175,5.833,204,785.8,151.9,881.9,463.0,0.8685
175,5.833,245,445.4,172.3,477.1,254.9,0.6873
175,5.833,247,519.7,158.2,554.7,257.8,0.8697
175,5.833,328,262.7,170.3,292.2,246.4,0.5210
175,5.833,329,415.9,175.0,435.9,227.9,0.4811
175,5.833,335,900.9,136.6,933.9,461.7,0.8866
175,5.833,332,354.6,166.1,377.8,237.1,0.4716
176,5.867,204,780.7,153.6,877.6,464.2,0.8575
176,5.867,245,444.6,172.9,476.1,255.3,0.6505
176,5.867,247,519.7,158.5,555.1,259.4,0.8812
176,5.867,328,261.9,170.8,292.1,248.7,0.5513
176,5.867,329,415.0,175.7,435.0,228.3,0.4728
176,5.867,335,895.2,139.7,932.2,463.8,0.8884
176,5.867,332,353.6,169.0,376.0,237.5,0.4336
176,5.867,249,112.8,184.5,136.4,250.4,0.5549
177,5.900,204,775.0,154.5,872.4,464.2,0.8460
177,5.900,245,443.8,173.0,474.6,253.5,0.6022
177,5.900,247,519.5,158.4,555.0,260.1,0.8838
177,5.900,328,260.6,170.4,291.4,249.8,0.5353
177,5.900,329,415.0,174.7,435.1,227.6,0.4489
177,5.900,335,890.2,141.4,931.5,464.1,0.8971
177,5.900,332,352.4,170.7,374.1,237.3,0.3248
177,5.900,249,111.3,183.3,134.7,249.7,0.7267
178,5.933,204,770.5,155.4,868.4,465.2,0.8507
178,5.933,245,443.5,171.3,474.6,252.1,0.6175
178,5.933,247,519.6,157.4,555.4,259.7,0.8826
178,5.933,328,261.4,170.7,291.2,247.2,0.4928
178,5.933,329,414.9,173.0,435.2,226.5,0.4215
178,5.933,335,886.5,142.8,932.2,464.8,0.8925
178,5.933,332,351.7,167.6,374.1,237.0,0.4027
178,5.933,249,109.8,181.3,132.8,246.7,0.6721
179,5.967,204,767.4,154.4,866.0,466.3,0.8709
179,5.967,245,443.1,169.9,473.9,250.2,0.6201
179,5.967,247,519.9,156.2,555.7,258.8,0.8672
179,5.967,328,262.2,169.0,291.4,244.1,0.5719
179,5.967,329,415.3,172.3,435.2,224.6,0.4074
179,5.967,335,884.2,143.0,933.9,463.8,0.9016
179,5.967,332,351.4,163.7,374.3,235.3,0.3629
179,5.967,249,109.6,179.6,132.2,243.2,0.6541
179,5.967,315,395.8,168.4,415.4,230.5,0.3375
180,6.000,204,762.9,150.8,861.3,463.0,0.7987
180,6.000,245,440.7,168.9,470.2,246.7,0.7078
180,6.000,247,519.7,154.0,555.2,255.9,0.8365
180,6.000,328,261.9,165.6,290.6,240.0,0.6649
180,6.000,329,413.3,169.8,433.1,222.9,0.3161
180,6.000,335,881.9,139.0,935.7,458.9,0.8599
180,6.000,332,351.5,163.2,373.4,231.4,0.4473
180,6.000,249,108.1,175.7,131.2,239.7,0.7728
180,6.000,347,46.0,180.5,63.0,232.6,0.4454
180,6.000,315,393.7,166.8,412.9,228.2,0.4426
181,6.033,204,758.9,147.8,856.8,459.7,0.7863
181,6.033,245,439.5,167.7,468.5,245.0,0.7432
181,6.033,247,519.6,151.4,555.5,254.3,0.8502
181,6.033,328,260.8,161.6,289.6,236.2,0.6684
181,6.033,329,412.9,166.9,432.8,220.7,0.3454
181,6.033,335,879.9,135.7,936.8,451.4,0.8235
181,6.033,332,351.0,161.9,372.5,228.9,0.4316
181,6.033,249,107.4,170.8,131.3,236.2,0.7682
181,6.033,347,45.3,176.6,62.5,229.4,0.5915
181,6.033,315,392.8,163.5,412.4,226.5,0.4679
182,6.067,204,755.8,145.3,852.3,453.2,0.8172
182,6.067,245,438.9,166.8,467.8,244.1,0.7344
182,6.067,247,519.5,149.3,555.8,253.9,0.8457
182,6.067,328,260.1,160.5,288.8,235.0,0.6667
182,6.067,329,412.1,165.0,431.9,219.1,0.3654
182,6.067,335,876.5,134.2,936.0,443.8,0.7576
182,6.067,332,351.2,160.7,372.6,227.5,0.4466
182,6.067,249,106.8,168.6,131.2,235.1,0.7595
182,6.067,347,44.1,174.8,61.2,227.4,0.5143
182,6.067,315,391.7,161.5,411.4,225.4,0.3774
183,6.100,204,752.3,143.7,847.9,448.3,0.8379
183,6.100,245,438.1,166.3,466.8,243.3,0.7244
183,6.100,247,519.6,148.1,556.0,253.8,0.8485
183,6.100,328,259.5,159.3,288.3,233.9,0.6415
183,6.100,329,413.0,164.9,432.1,217.6,0.3388
183,6.100,335,871.5,131.9,934.7,441.9,0.7552
183,6.100,332,351.0,159.9,372.5,227.0,0.5071
183,6.100,249,106.6,168.0,131.5,235.5,0.8101
183,6.100,347,43.2,173.9,60.3,226.6,0.4402
183,6.100,315,390.9,160.5,410.5,224.1,0.5092
184,6.133,204,748.5,142.4,843.3,444.5,0.8366
184,6.133,245,437.6,165.8,465.9,242.0,0.6709
184,6.133,247,519.9,147.1,556.5,253.9,0.8526
184,6.133,328,259.0,157.5,288.2,233.1,0.6498
184,6.133,329,412.9,163.2,432.2,216.8,0.3843
184,6.133,335,868.5,129.1,935.9,440.0,0.8068
184,6.133,332,350.8,157.8,372.7,225.9,0.5285
184,6.133,249,106.9,167.6,131.6,233.8,0.8062
184,6.133,347,42.8,172.5,60.2,225.8,0.5636
184,6.133,315,390.5,159.7,409.9,222.9,0.5113
185,6.167,204,741.8,141.7,837.2,446.3,0.8590
185,6.167,245,437.0,165.5,465.5,242.7,0.6028
185,6.167,247,520.8,145.7,557.9,254.5,0.8378
185,6.167,328,258.9,156.6,288.0,231.7,0.6294
185,6.167,329,412.5,161.7,432.2,216.8,0.4262
185,6.167,335,864.6,126.8,937.0,442.4,0.8376
185,6.167,332,351.1,158.0,373.0,225.5,0.5417
185,6.167,249,107.3,167.2,131.9,232.7,0.7737
185,6.167,347,42.0,171.3,59.3,224.1,0.5613
185,6.167,315,390.1,159.7,409.5,222.7,0.3549
186,6.200,204,736.2,140.7,833.3,450.1,0.8452
186,6.200,245,436.3,166.5,464.3,243.1,0.5977
186,6.200,247,521.5,145.8,558.7,255.0,0.8548
186,6.200,328,258.3,156.1,287.9,232.6,0.6387
186,6.200,329,411.9,162.3,431.5,218.1,0.3932
186,6.200,335,856.7,125.3,934.7,445.8,0.7788
186,6.200,332,350.9,157.7,373.0,226.1,0.5562
186,6.200,249,107.2,167.9,131.7,232.7,0.7679
186,6.200,347,41.2,170.9,58.5,223.6,0.5507
186,6.200,315,389.2,159.0,408.8,222.6,0.4476
187,6.233,204,728.5,141.2,828.0,454.3,0.8723
187,6.233,245,435.8,166.8,463.7,243.8,0.6508
187,6.233,247,522.4,145.7,559.5,255.2,0.8584
187,6.233,328,257.5,155.5,288.0,233.4,0.6123
187,6.233,329,413.3,163.7,432.3,217.9,0.3226
187,6.233,335,846.0,126.4,930.4,450.5,0.8208
187,6.233,332,350.6,157.1,373.0,226.3,0.4653
187,6.233,249,106.7,167.5,131.4,232.7,0.7642
187,6.233,347,40.9,170.9,58.1,222.8,0.4692
187,6.233,315,388.3,159.2,408.3,223.7,0.3844
187,6.233,353,457.7,163.7,474.8,212.9,0.3741
188,6.267,204,720.8,143.5,822.5,459.0,0.8690
188,6.267,245,435.0,167.3,462.8,245.0,0.6600
188,6.267,247,522.8,147.0,560.1,258.0,0.8742
188,6.267,328,256.7,155.5,288.4,235.7,0.6150
188,6.267,329,413.5,164.0,432.5,219.2,0.4145
188,6.267,335,840.8,129.1,931.1,456.2,0.8136
188,6.267,332,350.4,160.2,372.2,227.5,0.5617
188,6.267,249,106.8,167.4,132.2,234.4,0.7661
188,6.267,347,40.3,171.0,57.6,223.3,0.4749
188,6.267,353,457.7,165.1,475.2,215.2,0.4828
189,6.300,204,714.7,146.0,818.6,463.1,0.8782
189,6.300,245,434.8,168.6,462.2,246.1,0.6530
189,6.300,247,524.0,148.1,561.2,258.9,0.8511
189,6.300,328,256.5,155.6,289.0,236.9,0.6675
189,6.300,329,413.1,164.0,432.1,219.9,0.4734
189,6.300,335,836.8,132.8,932.2,460.5,0.8490
189,6.300,332,350.7,162.5,372.0,228.4,0.5230
189,6.300,249,106.9,167.5,132.4,234.9,0.7945
189,6.300,347,40.2,170.7,57.6,222.8,0.5295
189,6.300,315,387.7,160.6,408.1,226.1,0.4444
189,6.300,353,458.1,165.2,477.0,219.6,0.5022
190,6.333,204,707.3,150.5,812.9,468.4,0.8638
190,6.333,245,434.2,168.9,461.7,247.2,0.6631
190,6.333,247,524.9,149.5,562.3,261.1,0.8312
190,6.333,328,255.6,156.0,287.9,236.6,0.5964
190,6.333,329,414.0,164.7,432.7,220.1,0.5124
190,6.333,335,829.0,139.9,926.6,466.2,0.8317
190,6.333,332,351.2,163.7,372.3,229.2,0.5472
190,6.333,249,107.1,166.8,133.1,235.4,0.7640
190,6.333,347,40.1,170.7,57.5,222.9,0.3216
190,6.333,315,387.9,162.2,407.7,226.5,0.2815
190,6.333,353,458.8,165.4,478.3,221.3,0.5590
191,6.367,204,703.5,155.5,810.2,472.4,0.8799
191,6.367,245,434.1,170.0,461.4,248.3,0.6784
191,6.367,247,525.6,151.0,563.3,263.6,0.8111
191,6.367,328,254.9,156.7,286.7,236.4,0.5993
191,6.367,329,415.1,166.9,433.2,220.5,0.4993
191,6.367,335,824.0,144.6,923.4,469.9,0.8588
191,6.367,332,351.4,162.8,373.2,230.6,0.5301
191,6.367,249,107.2,166.4,133.1,235.2,0.7432
191,6.367,315,388.6,163.7,408.1,227.3,0.3481
191,6.367,353,459.5,166.0,479.0,222.3,0.5985
192,6.400,204,700.1,156.5,808.3,475.2,0.8868
192,6.400,245,433.9,170.2,461.1,248.2,0.6776
192,6.400,247,526.6,152.4,564.4,265.1,0.7847
192,6.400,328,255.2,157.1,286.6,235.8,0.6027
192,6.400,329,415.7,166.9,434.0,221.0,0.5719
192,6.400,335,822.0,149.0,923.4,474.1,0.8740
192,6.400,332,352.4,164.0,373.7,230.8,0.4689
192,6.400,249,107.3,165.1,133.2,234.4,0.7522
192,6.400,315,389.9,165.1,408.6,226.3,0.2933
192,6.400,353,459.7,166.4,479.5,223.0,0.5941
193,6.433,204,698.9,158.8,808.4,478.2,0.8588
193,6.433,245,433.7,169.6,460.6,246.9,0.6779
193,6.433,247,527.4,153.5,565.3,266.6,0.7999
193,6.433,328,253.5,155.1,285.4,235.6,0.6483
193,6.433,329,416.0,166.1,434.6,221.1,0.5356
193,6.433,335,818.8,150.6,922.1,476.2,0.8456
193,6.433,332,352.6,163.8,373.8,231.0,0.4971
193,6.433,249,107.8,163.6,133.5,232.5,0.7243
193,6.433,315,389.2,163.1,408.2,225.6,0.2809
193,6.433,353,459.6,165.9,479.8,223.3,0.6082
194,6.467,204,697.3,160.1,807.5,480.6,0.8320
194,6.467,245,433.7,170.5,460.3,246.9,0.6770
194,6.467,247,528.2,155.1,565.9,267.2,0.8011
194,6.467,328,253.3,154.7,285.1,235.6,0.5886
194,6.467,329,416.1,166.1,434.6,221.0,0.5476
194,6.467,335,816.1,151.3,920.7,476.9,0.8294
194,6.467,332,352.7,161.5,374.6,231.5,0.5421
194,6.467,249,108.2,162.7,133.5,230.9,0.7305
194,6.467,315,389.4,164.5,408.3,226.6,0.3418
194,6.467,353,459.9,166.3,480.1,223.4,0.6272
195,6.500,204,695.3,158.2,803.6,475.3,0.8649
195,6.500,245,434.7,170.5,461.3,247.3,0.6288
195,6.500,247,530.4,155.2,568.9,268.7,0.8121
195,6.500,328,253.6,153.4,285.7,235.5,0.5972
195,6.500,329,415.7,162.9,435.3,221.2,0.5543
195,6.500,335,812.7,150.0,917.0,474.5,0.8492
195,6.500,332,354.2,162.3,376.1,231.5,0.5231
195,6.500,249,110.5,164.1,134.8,229.0,0.6990
195,6.500,315,391.1,165.1,409.9,227.1,0.5030
195,6.500,353,460.8,165.5,481.2,222.7,0.5739
196,6.533,204,694.6,157.6,800.8,470.9,0.8695
196,6.533,245,435.3,171.4,461.9,248.4,0.6529
196,6.533,247,532.0,155.2,571.3,270.1,0.8317
196,6.533,328,254.8,156.3,285.8,236.1,0.6099
196,6.533,329,416.4,164.2,435.8,222.6,0.4808
196,6.533,335,809.9,148.2,913.3,470.0,0.8238
196,6.533,332,355.2,164.4,376.8,232.5,0.5276
196,6.533,249,112.4,166.6,135.9,229.2,0.5955
196,6.533,315,392.8,166.7,411.2,228.3,0.4762
196,6.533,353,462.0,165.8,482.1,222.2,0.5356
197,6.567,204,694.5,157.2,799.0,468.0,0.8797
197,6.567,245,437.0,172.4,463.5,249.1,0.6475
197,6.567,247,533.5,155.3,573.3,271.2,0.8198
197,6.567,328,255.2,157.0,286.1,237.1,0.5650
197,6.567,329,417.7,166.3,436.5,223.0,0.4704
197,6.567,335,809.5,146.4,912.4,465.8,0.8410
197,6.567,332,355.9,161.7,378.8,233.2,0.5397
197,6.567,249,113.3,166.6,137.2,230.4,0.5604
197,6.567,315,392.8,166.7,411.5,229.2,0.4357
197,6.567,353,464.1,167.1,483.5,221.0,0.5439
198,6.600,204,694.3,157.0,798.2,469.0,0.8791
198,6.600,245,438.7,173.6,465.0,249.7,0.6916
198,6.600,247,535.2,155.5,575.4,271.9,0.8242
198,6.600,328,255.2,156.5,286.9,239.3,0.5928
198,6.600,329,419.3,168.5,437.3,223.3,0.4036
198,6.600,335,807.4,145.0,910.5,466.3,0.8474
198,6.600,332,357.8,163.0,380.5,233.6,0.5250
198,6.600,249,114.8,167.8,138.5,231.4,0.6211
198,6.600,315,391.7,165.6,411.3,231.0,0.4155
198,6.600,353,466.4,168.2,484.0,216.6,0.5308
199,6.633,204,694.2,157.1,798.0,470.7,0.8885
199,6.633,245,439.5,175.7,465.7,251.2,0.7406
199,6.633,247,537.4,155.9,578.0,273.6,0.8401
199,6.633,328,255.0,154.1,288.0,241.1,0.5895
199,6.633,329,420.4,170.5,438.1,224.7,0.4270
199,6.633,335,808.5,145.1,913.2,470.4,0.8216
199,6.633,332,359.2,164.3,381.8,235.0,0.6090
199,6.633,249,116.9,170.9,140.1,233.2,0.7362
199,6.633,315,391.2,166.5,411.6,233.9,0.3568
199,6.633,353,467.2,169.9,485.1,219.0,0.6145
200,6.667,204,693.7,158.2,798.9,478.3,0.8768
200,6.667,245,443.4,178.1,469.5,252.6,0.7839
200,6.667,247,542.8,157.8,583.8,277.6,0.8194
200,6.667,328,260.4,168.4,289.3,245.2,0.4776
200,6.667,335,812.3,148.5,919.6,479.4,0.8633
200,6.667,332,361.9,172.9,382.8,237.7,0.3909
200,6.667,249,120.2,173.0,143.5,234.4,0.6101
200,6.667,353,471.1,172.2,488.4,218.7,0.3938
201,6.700,204,691.4,160.5,796.9,484.8,0.8707
201,6.700,245,445.4,179.3,472.4,255.2,0.6736
201,6.700,247,546.5,159.7,586.4,277.3,0.7560
201,6.700,335,812.6,152.4,920.6,484.3,0.8450
201,6.700,353,473.6,176.9,489.5,219.0,0.2922
202,6.733,204,693.4,164.0,799.0,491.1,0.8691
202,6.733,245,448.6,181.3,475.9,257.7,0.7916
202,6.733,247,551.2,162.1,591.7,281.9,0.8445
202,6.733,335,811.3,156.2,920.8,492.3,0.8262
202,6.733,332,368.1,176.9,389.6,243.0,0.5565
202,6.733,353,476.9,178.9,494.8,225.9,0.6291
202,6.733,317,401.1,174.6,423.8,241.7,0.4973
202,6.733,328,266.7,171.1,295.4,248.6,0.5680
202,6.733,249,128.7,179.2,151.8,240.3,0.6760
203,6.767,204,697.1,168.3,803.5,498.9,0.8681
203,6.767,245,453.3,182.7,481.0,259.6,0.7828
203,6.767,247,557.8,163.8,598.8,285.9,0.8528
203,6.767,335,816.0,160.4,926.5,498.8,0.8535
203,6.767,332,373.1,178.1,394.8,244.6,0.6081
203,6.767,353,481.6,180.1,501.1,231.2,0.5605
203,6.767,317,404.4,177.1,426.0,242.3,0.4758
203,6.767,328,271.0,169.5,300.0,249.2,0.4336
203,6.767,249,135.0,178.9,158.4,241.5,0.6132
204,6.800,204,698.2,170.9,805.1,505.3,0.8584
204,6.800,245,457.9,184.1,485.4,260.4,0.6876
204,6.800,247,563.0,165.4,604.3,288.4,0.8364
204,6.800,335,818.1,162.9,928.7,501.5,0.8514
204,6.800,332,376.3,177.3,399.2,246.6,0.3078
204,6.800,353,485.8,182.8,505.5,233.9,0.4335
204,6.800,249,140.6,178.4,164.5,241.9,0.6913
205,6.833,204,699.9,174.4,806.3,509.0,0.8263
205,6.833,245,463.9,185.1,491.8,262.5,0.7674
205,6.833,247,571.1,167.8,612.8,292.3,0.8408
205,6.833,335,820.7,167.3,931.0,506.3,0.8155
205,6.833,332,382.4,177.5,405.6,247.4,0.6149
205,6.833,353,492.0,183.5,512.9,238.2,0.5358
205,6.833,328,279.1,173.4,307.8,251.5,0.4797
205,6.833,249,148.0,180.1,171.8,243.0,0.7000
206,6.867,204,700.5,176.2,806.4,511.7,0.8333
206,6.867,245,468.5,187.0,495.9,263.2,0.6486
206,6.867,247,577.7,169.0,619.3,292.5,0.8566
206,6.867,335,825.8,169.0,936.6,511.7,0.8109
206,6.867,332,386.7,175.9,411.0,249.1,0.3747
206,6.867,353,497.1,183.0,518.7,239.9,0.5440
206,6.867,328,276.3,171.0,308.1,254.4,0.5586
206,6.867,249,153.9,181.9,177.0,242.7,0.6785
206,6.867,372,452.8,181.3,470.4,237.7,0.5809
206,6.867,329,419.9,174.3,442.9,245.7,0.4894
207,6.900,204,701.7,176.9,807.5,513.8,0.8205
207,6.900,245,471.4,186.6,499.4,264.3,0.6337
207,6.900,247,582.1,169.8,623.7,293.3,0.8652
207,6.900,335,829.4,169.3,936.5,500.8,0.8158
207,6.900,332,390.4,171.5,416.1,249.0,0.3601
207,6.900,353,500.8,184.0,522.0,240.2,0.5638
207,6.900,328,279.6,173.1,310.8,253.6,0.3277
207,6.900,249,158.1,181.3,181.6,243.1,0.6688
207,6.900,372,455.8,180.5,473.5,237.2,0.4916
207,6.900,329,420.4,174.9,443.6,247.0,0.3094
208,6.933,204,701.9,176.7,806.4,512.8,0.8170
208,6.933,245,473.4,187.3,501.6,264.8,0.6550
208,6.933,247,585.7,170.1,627.9,295.3,0.8636
208,6.933,335,830.8,168.1,938.6,503.0,0.8132
208,6.933,332,394.4,176.4,418.6,249.1,0.5103
208,6.933,353,504.0,185.0,524.8,240.3,0.5908
208,6.933,328,279.8,175.0,311.6,254.1,0.3596
208,6.933,249,162.4,181.6,185.7,243.0,0.7229
208,6.933,372,458.4,179.7,476.1,236.5,0.3068
208,6.933,329,424.8,176.5,447.2,246.9,0.4599
209,6.967,204,704.9,175.5,806.4,504.5,0.8381
209,6.967,245,476.7,186.7,504.6,263.8,0.7066
209,6.967,247,589.3,169.3,632.2,296.3,0.8545
209,6.967,335,834.8,165.6,942.6,498.1,0.8006
209,6.967,332,397.2,178.1,420.3,248.0,0.4259
209,6.967,353,507.5,183.1,528.8,239.7,0.5806
209,6.967,328,283.7,175.4,315.6,253.7,0.2793
209,6.967,249,165.7,181.5,188.9,242.9,0.7573
209,6.967,372,461.6,180.8,479.2,236.7,0.5123
209,6.967,329,428.6,176.8,450.6,246.1,0.5489
210,7.000,204,708.4,172.7,808.8,498.9,0.8392
210,7.000,245,480.6,185.6,508.4,262.3,0.6639
210,7.000,247,595.1,167.8,638.8,297.6,0.8473
210,7.000,335,835.8,160.9,942.8,492.3,0.8130
210,7.000,332,402.0,176.8,425.6,248.4,0.4786
210,7.000,353,512.5,182.7,533.4,238.7,0.6243
210,7.000,249,171.2,182.2,194.5,243.4,0.7055
210,7.000,372,464.7,180.6,482.5,236.7,0.5950
210,7.000,329,432.9,177.1,454.8,245.5,0.5780
211,7.033,204,708.9,170.8,808.7,494.7,0.8345
211,7.033,245,483.3,185.2,511.2,261.4,0.6527
211,7.033,247,599.3,166.6,643.6,298.5,0.8470
211,7.033,335,839.0,157.5,947.1,490.9,0.8277
211,7.033,332,405.5,177.3,428.8,247.7,0.4942
211,7.033,353,515.7,183.2,536.0,237.9,0.6107
211,7.033,328,294.3,176.4,325.1,253.2,0.4289
211,7.033,249,175.7,182.0,198.9,242.6,0.7470
211,7.033,372,467.9,179.2,485.6,234.3,0.5156
211,7.033,329,436.9,177.5,458.6,244.7,0.5389
212,7.067,204,709.6,168.2,809.5,491.3,0.8387
212,7.067,245,485.8,184.6,513.9,261.1,0.6426
212,7.067,247,603.0,164.9,647.7,298.3,0.8505
212,7.067,335,840.1,156.4,949.6,493.5,0.8271
212,7.067,332,408.2,178.0,430.9,247.2,0.5435
212,7.067,353,518.5,182.4,539.2,238.7,0.5713
212,7.067,328,298.2,175.4,328.2,252.1,0.4184
212,7.067,249,178.3,182.0,201.5,242.8,0.7744
212,7.067,372,470.5,178.6,488.7,234.3,0.5373
212,7.067,329,439.6,178.3,461.0,244.5,0.5360
213,7.100,204,710.1,166.4,811.2,491.3,0.8581
213,7.100,245,487.8,184.6,516.0,261.9,0.6855
213,7.100,247,605.4,163.7,650.8,299.6,0.8092
213,7.100,335,837.6,156.2,947.9,496.1,0.7986
213,7.100,332,410.0,177.8,432.8,247.6,0.5928
213,7.100,353,520.4,181.8,541.4,238.4,0.6249
213,7.100,328,300.5,174.7,330.1,252.3,0.4192
213,7.100,249,180.7,183.1,203.6,243.3,0.7590
213,7.100,372,472.9,178.8,491.3,234.7,0.5176
213,7.100,329,441.0,178.0,462.6,244.6,0.6106
214,7.133,204,709.4,165.6,811.5,493.2,0.8509
214,7.133,245,489.9,184.2,518.1,262.0,0.7429
214,7.133,247,609.6,162.5,655.5,300.5,0.8467
214,7.133,335,832.1,155.7,946.2,501.4,0.8381
214,7.133,332,412.2,177.9,434.9,247.3,0.4474
214,7.133,353,523.4,181.7,544.3,238.1,0.5975
214,7.133,328,303.6,178.0,331.5,252.3,0.3385
214,7.133,249,183.2,181.4,206.8,243.4,0.7331
214,7.133,372,474.6,179.3,493.3,235.4,0.6606
214,7.133,329,442.9,177.4,465.0,244.7,0.6086
215,7.167,204,706.2,166.5,812.0,502.1,0.8537
215,7.167,245,493.7,185.0,522.3,263.1,0.5817
215,7.167,247,615.5,162.2,661.3,300.7,0.8301
215,7.167,335,825.1,156.5,944.2,508.8,0.8771
215,7.167,332,416.5,179.3,438.7,247.2,0.4498
215,7.167,353,527.6,184.1,547.8,238.7,0.6795
215,7.167,249,187.2,183.3,210.8,245.5,0.6056
215,7.167,372,477.7,179.5,496.8,236.0,0.5141
215,7.167,329,445.4,177.0,468.0,245.6,0.6011
216,7.200,204,701.7,167.6,810.6,508.5,0.8527
216,7.200,245,496.0,185.5,524.4,263.8,0.5306
216,7.200,247,619.9,162.0,666.6,303.3,0.8480
216,7.200,335,820.5,157.9,943.5,514.7,0.8738
216,7.200,332,418.6,179.7,440.8,247.4,0.3872
216,7.200,353,530.0,184.9,550.2,239.6,0.5901
216,7.200,328,309.4,182.7,334.7,252.3,0.4006
216,7.200,249,190.5,183.3,213.9,245.2,0.7524
216,7.200,372,479.6,179.3,499.4,237.9,0.4055
216,7.200,329,447.5,178.7,469.6,245.9,0.4481
217,7.233,204,699.4,169.1,810.3,512.5,0.8610
217,7.233,245,497.6,185.2,526.1,264.1,0.5848
217,7.233,247,624.2,163.3,671.2,305.4,0.8601
217,7.233,335,820.9,159.6,946.6,519.2,0.8692
217,7.233,332,420.8,179.3,443.1,247.7,0.5411
217,7.233,353,532.5,185.0,552.8,239.8,0.7141
217,7.233,328,311.2,184.3,335.4,251.6,0.3012
217,7.233,249,192.9,182.4,216.5,244.7,0.8153
217,7.233,372,482.4,180.8,501.8,238.3,0.3929
217,7.233,329,448.9,179.0,471.2,246.6,0.4844
218,7.267,204,698.9,170.8,811.7,515.0,0.8640
218,7.267,245,498.0,184.8,526.7,264.5,0.5966
218,7.267,247,627.5,164.0,675.3,308.1,0.8718
218,7.267,335,821.9,163.0,948.1,519.9,0.8666
218,7.267,332,421.9,179.6,444.0,247.8,0.6031
218,7.267,353,534.3,184.6,555.0,240.7,0.6409
218,7.267,249,195.0,181.1,218.5,243.4,0.7697
218,7.267,372,484.3,181.7,502.9,237.8,0.3345
218,7.267,329,450.0,178.7,472.8,246.9,0.5155
219,7.300,204,698.0,172.6,813.0,519.3,0.8837
219,7.300,245,499.8,186.6,528.1,265.3,0.6988
219,7.300,247,630.2,165.0,678.2,310.2,0.8739
219,7.300,335,822.5,166.1,949.4,520.3,0.8809
219,7.300,332,422.2,179.5,444.6,248.8,0.6079
219,7.300,353,536.7,185.5,557.3,241.7,0.6357
219,7.300,249,197.2,182.1,220.2,243.8,0.5776
219,7.300,372,485.9,181.6,504.5,238.2,0.5099
219,7.300,329,451.2,179.5,473.9,247.6,0.5435
219,7.300,328,312.0,181.4,337.4,253.2,0.3458
220,7.333,204,692.4,175.9,808.1,523.0,0.8577
220,7.333,245,501.3,185.4,529.8,265.3,0.6779
220,7.333,247,632.7,166.3,681.1,312.7,0.8265
220,7.333,335,819.4,167.4,947.7,524.1,0.8685
220,7.333,332,422.6,179.0,445.3,249.4,0.4839
220,7.333,353,538.2,185.8,558.6,241.8,0.6470
220,7.333,249,200.5,182.8,222.4,242.5,0.5018
220,7.333,372,487.2,182.5,506.0,239.7,0.4781
220,7.333,329,451.9,178.5,475.1,248.4,0.5105
220,7.333,328,311.5,179.2,337.5,253.5,0.4036
221,7.367,204,688.5,177.4,804.1,523.6,0.8647
221,7.367,245,502.0,185.5,530.4,265.1,0.7129
221,7.367,247,635.4,167.3,684.2,314.9,0.8153
221,7.367,335,819.0,169.3,946.9,524.5,0.8654
221,7.367,332,422.9,178.5,445.6,249.3,0.5112
221,7.367,353,538.8,186.5,559.0,242.1,0.6947
221,7.367,249,201.4,181.6,223.1,241.1,0.5432
221,7.367,372,487.4,183.6,506.1,240.5,0.5287
221,7.367,329,452.4,177.9,475.9,248.6,0.4772
221,7.367,328,309.8,177.3,336.8,253.9,0.4848
222,7.400,204,686.2,177.2,802.8,524.4,0.8537
222,7.400,245,502.6,185.1,530.8,264.3,0.6759
222,7.400,247,637.6,166.6,686.8,316.2,0.8274
222,7.400,335,816.6,168.3,944.4,524.2,0.8623
222,7.400,332,423.1,176.2,446.3,249.6,0.4449
222,7.400,353,539.7,186.1,559.7,241.5,0.7169
222,7.400,249,202.1,180.3,224.0,240.5,0.6707
222,7.400,372,488.5,183.6,507.3,240.6,0.5196
222,7.400,329,452.8,175.6,477.0,248.2,0.4695
222,7.400,328,308.3,176.1,336.2,254.4,0.5418
223,7.433,204,682.9,175.9,798.9,520.1,0.8513
223,7.433,245,503.9,184.7,532.1,264.2,0.6301
223,7.433,247,640.6,165.7,689.9,316.1,0.7770
223,7.433,335,817.1,166.7,942.7,517.3,0.8429
223,7.433,332,423.9,175.8,446.9,248.4,0.5482
223,7.433,353,541.0,184.6,561.3,240.8,0.6644
223,7.433,249,203.2,179.5,225.1,239.7,0.6594
223,7.433,372,490.2,182.6,508.9,238.9,0.4655
223,7.433,329,452.6,173.7,477.0,247.5,0.4700
223,7.433,328,308.5,174.4,337.4,254.3,0.5415
223,7.433,397,110.0,173.2,138.3,232.7,0.3908
224,7.467,204,680.4,174.0,796.1,515.5,0.8443
224,7.467,245,504.1,183.7,532.5,263.7,0.6026
224,7.467,247,642.1,164.4,691.8,316.3,0.7617
224,7.467,335,818.5,164.6,942.4,511.1,0.8539
224,7.467,332,424.2,175.9,446.9,247.9,0.5179
224,7.467,353,541.9,183.7,562.3,240.4,0.6265
224,7.467,249,203.6,178.3,225.8,239.6,0.6994
224,7.467,372,490.5,182.2,509.0,237.8,0.3003
224,7.467,329,452.8,174.0,476.8,246.2,0.4677
224,7.467,328,310.8,176.3,338.6,253.8,0.4530
224,7.467,397,109.9,172.4,138.5,232.7,0.4242
224,7.467,398,236.7,184.3,252.9,247.6,0.3956
225,7.500,204,675.2,170.9,789.9,507.6,0.8581
225,7.500,245,506.1,183.3,534.4,263.2,0.6001
225,7.500,247,645.6,161.7,696.9,317.5,0.7600
225,7.500,335,817.8,161.8,942.0,510.8,0.8677
225,7.500,332,425.0,174.9,447.7,247.4,0.4647
225,7.500,353,543.4,183.2,563.9,239.7,0.6568
225,7.500,249,204.5,178.0,226.4,238.2,0.6335
225,7.500,372,490.1,180.6,508.8,236.8,0.3695
225,7.500,329,453.1,176.4,476.1,246.1,0.4714
225,7.500,328,312.1,179.1,338.6,252.9,0.4004
225,7.500,397,109.7,169.9,139.1,232.2,0.5031
225,7.500,398,235.9,182.8,252.8,248.9,0.3548
226,7.533,204,674.8,168.3,790.2,503.8,0.8800
226,7.533,245,507.2,183.2,535.2,262.4,0.6152
226,7.533,247,648.6,159.4,700.4,317.2,0.6921
226,7.533,335,814.5,159.0,939.2,513.9,0.8819
226,7.533,332,427.1,177.7,448.8,246.9,0.3786
226,7.533,353,544.2,182.4,565.1,239.7,0.6477
226,7.533,249,206.3,177.3,228.3,237.1,0.5392
226,7.533,329,453.0,176.5,475.8,245.9,0.4218
226,7.533,397,110.7,165.5,141.5,231.2,0.5295
226,7.533,400,758.3,255.8,808.4,424.0,0.3721
227,7.567,204,672.4,166.7,788.4,504.4,0.8704
227,7.567,245,507.7,184.5,535.3,262.4,0.6212
227,7.567,247,652.7,159.0,704.6,317.5,0.6905
227,7.567,335,813.6,158.2,938.6,518.4,0.8822
227,7.567,332,428.6,178.0,450.3,247.4,0.3478
227,7.567,353,546.0,181.5,567.7,240.7,0.5729
227,7.567,249,208.1,179.2,229.8,238.3,0.6214
227,7.567,329,453.6,178.7,475.6,246.1,0.4101
227,7.567,328,314.5,177.1,341.1,252.4,0.3005
227,7.567,397,112.9,169.4,141.6,231.3,0.4056
228,7.600,204,672.1,166.0,788.2,506.0,0.8529
228,7.600,245,506.5,184.3,534.7,262.2,0.6351
228,7.600,247,656.2,159.1,707.9,316.7,0.6513
228,7.600,335,813.8,158.3,938.6,522.6,0.8925
228,7.600,332,430.2,175.9,452.5,247.0,0.4769
228,7.600,353,547.6,182.4,569.7,242.2,0.5485
228,7.600,249,210.4,179.8,231.6,238.3,0.6050
228,7.600,329,454.7,179.1,476.6,246.4,0.3886
228,7.600,328,315.0,177.2,342.0,253.1,0.3964
228,7.600,397,114.5,169.7,143.0,231.5,0.2662
228,7.600,398,238.3,179.3,255.7,246.3,0.2901
228,7.600,400,757.4,253.8,809.3,427.4,0.4609
228,7.600,405,256.1,177.0,274.9,215.2,0.3641
229,7.633,204,671.4,166.4,788.2,510.5,0.8358
229,7.633,245,507.4,183.6,535.9,261.0,0.6169
229,7.633,247,659.0,157.3,712.0,318.8,0.6405
229,7.633,335,817.3,159.2,942.4,526.0,0.8469
229,7.633,332,431.7,174.7,454.2,246.8,0.4175
229,7.633,353,551.1,182.9,571.2,236.7,0.4376
229,7.633,249,212.5,176.5,234.6,236.7,0.6634
229,7.633,398,238.9,176.2,256.5,243.7,0.3282
229,7.633,400,757.6,253.4,810.7,430.6,0.3910
230,7.667,204,671.6,168.8,789.1,518.1,0.7933
230,7.667,245,508.7,183.2,538.1,262.5,0.6598
230,7.667,247,664.3,157.9,718.2,323.0,0.6816
230,7.667,335,815.8,162.2,940.2,531.1,0.8693
230,7.667,332,433.9,175.5,456.4,248.5,0.3807
230,7.667,353,554.8,183.3,575.5,238.4,0.5857
230,7.667,249,215.8,174.8,239.2,239.0,0.6713
230,7.667,329,461.4,181.7,482.0,244.1,0.3867
230,7.667,328,315.3,175.3,343.4,252.2,0.3954
230,7.667,400,759.1,257.4,813.3,437.3,0.3038
231,7.700,204,671.8,170.0,789.4,521.8,0.8003
231,7.700,245,510.6,182.1,540.3,261.7,0.6936
231,7.700,247,668.3,159.3,721.6,323.6,0.5628
231,7.700,335,814.9,164.0,938.3,533.1,0.8575
231,7.700,332,436.1,177.0,458.5,249.0,0.3435
231,7.700,353,557.8,182.9,578.8,238.7,0.5144
231,7.700,249,218.5,171.9,242.3,236.6,0.5233
231,7.700,329,464.3,181.9,485.0,244.4,0.2978
231,7.700,328,317.6,176.2,345.7,253.3,0.2836
231,7.700,397,121.4,169.3,148.8,229.9,0.3478
231,7.700,400,756.6,258.8,811.5,440.4,0.3195
232,7.733,204,673.0,170.9,790.1,524.2,0.7484
232,7.733,245,511.8,181.4,541.5,260.0,0.7222
232,7.733,247,671.4,159.5,724.8,325.6,0.5646
232,7.733,335,815.1,164.6,937.5,533.8,0.8649
232,7.733,332,437.3,174.8,460.1,247.8,0.3674
232,7.733,353,559.9,181.9,581.0,238.0,0.5664
232,7.733,249,221.4,171.4,244.3,234.8,0.6030
232,7.733,329,465.9,180.4,487.1,244.2,0.4592
232,7.733,328,319.3,175.5,347.2,252.6,0.4473
232,7.733,397,123.8,169.6,150.6,228.9,0.3766
232,7.733,398,243.6,169.6,262.3,240.4,0.2553
232,7.733,400,758.8,262.3,813.7,442.3,0.2798
232,7.733,409,672.8,158.8,721.4,247.0,0.4599
233,7.767,204,674.2,171.1,790.6,524.5,0.6807
233,7.767,245,513.8,179.7,543.7,258.2,0.7356
233,7.767,247,675.7,159.6,727.9,322.5,0.4996
233,7.767,335,819.9,164.0,942.1,533.9,0.8493
233,7.767,332,440.5,174.6,462.3,245.6,0.3697
233,7.767,353,562.2,182.1,583.6,239.2,0.5680
233,7.767,249,224.3,170.0,246.9,233.4,0.7087
233,7.767,329,467.2,178.2,488.5,242.9,0.4057
233,7.767,328,319.9,170.9,350.0,253.0,0.5463
233,7.767,409,676.6,159.7,725.0,247.6,0.4569
234,7.800,204,680.6,170.4,797.9,526.1,0.6596
234,7.800,245,516.4,180.4,546.1,257.0,0.6574
234,7.800,247,679.6,158.5,730.7,319.5,0.5834
234,7.800,335,825.6,163.5,948.3,533.9,0.8275
234,7.800,332,442.7,170.3,465.2,244.7,0.3572
234,7.800,353,564.2,180.1,586.2,239.3,0.5626
234,7.800,249,226.3,168.7,248.8,232.4,0.6666
234,7.800,329,468.5,177.2,489.8,242.2,0.4593
234,7.800,328,320.5,167.4,352.6,254.0,0.6247
234,7.800,398,233.3,166.9,255.6,249.2,0.5068
234,7.800,409,679.5,158.2,728.6,247.5,0.4396
234,7.800,413,0.0,176.1,21.8,265.7,0.6378
234,7.800,405,263.5,167.8,284.5,210.0,0.4545
235,7.833,204,683.7,168.2,800.8,523.9,0.7651
235,7.833,245,517.7,174.7,549.0,255.3,0.7055
235,7.833,247,684.2,155.6,734.5,315.8,0.6161
235,7.833,335,830.6,160.4,950.4,519.0,0.8575
235,7.833,332,445.6,170.0,467.2,242.1,0.3468
235,7.833,353,567.6,178.6,589.0,236.0,0.5854
235,7.833,249,228.5,166.5,252.3,234.9,0.4371
235,7.833,329,470.0,174.4,491.4,240.9,0.2881
235,7.833,328,322.8,164.9,355.1,251.9,0.4000
235,7.833,398,230.9,165.1,256.0,257.5,0.3375
235,7.833,409,684.2,153.6,734.1,244.9,0.2940
235,7.833,413,1.4,171.5,24.0,264.0,0.6580
235,7.833,414,484.5,179.1,505.3,238.4,0.4477
236,7.867,204,683.8,165.1,800.0,522.0,0.7770
236,7.867,245,518.5,171.8,550.8,254.6,0.7859
236,7.867,247,687.3,152.9,737.7,314.8,0.4585
236,7.867,335,830.9,157.9,951.2,516.3,0.8434
236,7.867,332,447.6,170.9,468.3,240.0,0.3524
236,7.867,353,569.3,176.7,590.8,234.5,0.6407
236,7.867,249,231.4,166.6,253.6,230.3,0.2748
236,7.867,329,472.6,172.0,494.8,240.5,0.4418
236,7.867,328,325.0,164.2,356.9,249.7,0.3968
236,7.867,409,687.9,151.9,737.7,243.7,0.2645
236,7.867,413,2.9,166.6,26.7,263.2,0.7345
236,7.867,414,481.2,175.2,503.6,238.6,0.4126
237,7.900,204,684.0,162.6,798.7,518.4,0.7890
237,7.900,245,519.3,171.1,551.4,252.8,0.7481
237,7.900,247,689.2,150.3,739.8,314.4,0.4009
237,7.900,335,830.0,154.5,950.1,510.7,0.8520
237,7.900,332,448.8,169.9,469.4,239.1,0.2930
237,7.900,353,570.8,174.0,592.3,232.5,0.5958
237,7.900,249,233.9,163.8,256.9,228.5,0.2908
237,7.900,329,473.2,169.7,495.7,238.8,0.3513
237,7.900,328,325.8,163.2,357.3,248.1,0.4698
237,7.900,409,691.4,149.2,740.7,240.9,0.3131
237,7.900,413,3.5,163.6,27.9,261.6,0.7000
237,7.900,414,483.8,176.0,505.4,237.4,0.3671
238,7.933,204,686.0,160.5,798.5,511.9,0.7739
238,7.933,245,519.9,170.6,552.2,252.3,0.7356
238,7.933,247,692.0,149.0,741.0,306.8,0.3487
238,7.933,335,829.1,151.2,949.0,505.4,0.8476
238,7.933,332,449.5,169.1,470.0,238.3,0.2840
238,7.933,353,572.1,172.6,593.5,231.5,0.5598
238,7.933,329,474.5,168.4,497.0,237.4,0.3088
238,7.933,328,325.8,161.0,357.6,247.1,0.4113
238,7.933,409,693.4,147.8,744.6,243.8,0.2622
238,7.933,413,3.4,162.3,28.1,260.3,0.6057
238,7.933,414,485.2,176.1,506.5,236.9,0.3128
239,7.967,204,689.4,159.1,800.2,505.4,0.7985
239,7.967,245,520.2,169.6,552.8,251.8,0.7283
239,7.967,247,694.4,147.7,742.6,300.6,0.3114
239,7.967,335,827.2,148.1,948.1,506.0,0.8454
239,7.967,332,450.4,169.6,470.4,237.7,0.2813
239,7.967,353,573.0,172.0,594.1,230.5,0.6239
239,7.967,329,476.0,168.5,498.6,237.0,0.3049
239,7.967,328,325.4,158.3,357.8,246.1,0.5306
239,7.967,413,4.3,162.1,29.0,258.1,0.5013
239,7.967,417,921.9,190.8,959.3,411.7,0.3296
240,8.000,204,692.9,154.0,803.8,499.8,0.8316
240,8.000,245,521.8,168.3,554.8,251.1,0.7317
240,8.000,335,822.1,144.9,946.4,509.0,0.8565
240,8.000,353,574.8,173.0,595.3,229.8,0.5747
240,8.000,249,237.4,159.9,266.9,242.6,0.3147
240,8.000,328,326.1,156.4,359.0,245.7,0.5491
240,8.000,413,3.9,161.4,29.3,258.0,0.5709
240,8.000,417,923.4,190.2,959.9,405.2,0.2941
240,8.000,397,134.6,160.3,161.1,219.6,0.4811
241,8.033,204,694.3,151.6,805.5,498.1,0.8421
241,8.033,245,524.7,170.9,556.7,250.3,0.6296
241,8.033,335,818.8,143.7,946.6,511.5,0.8730
241,8.033,353,576.8,172.9,597.2,229.5,0.5856
241,8.033,328,327.0,155.1,360.4,245.3,0.5367
241,8.033,413,3.8,161.0,29.8,258.1,0.7143
241,8.033,397,135.3,159.5,161.9,219.4,0.4304
242,8.067,204,693.1,149.2,806.2,500.6,0.8413
242,8.067,245,526.3,171.7,558.6,250.7,0.7057
242,8.067,335,812.8,143.1,945.1,515.2,0.8759
242,8.067,332,456.8,157.6,480.1,236.8,0.4417
242,8.067,353,578.6,170.6,599.8,229.3,0.5817
242,8.067,328,327.3,154.1,361.3,246.0,0.5486
242,8.067,413,4.4,160.5,31.0,257.5,0.7436
242,8.067,397,136.4,159.8,162.0,218.1,0.3958
243,8.100,204,691.6,146.9,807.3,503.0,0.8419
243,8.100,245,527.6,169.8,560.5,249.7,0.6903
243,8.100,335,811.8,144.0,947.7,520.3,0.8844
243,8.100,332,458.5,156.9,482.7,236.5,0.3897
243,8.100,353,579.7,169.1,600.5,227.1,0.5724
243,8.100,328,329.0,154.1,362.4,244.7,0.3746
243,8.100,413,5.3,159.9,33.1,258.7,0.8156
243,8.100,397,136.7,159.4,162.1,217.4,0.3603
244,8.133,204,688.1,143.5,807.5,507.2,0.8519
244,8.133,245,529.0,168.7,562.5,249.3,0.6751
244,8.133,335,808.4,144.4,947.4,523.9,0.8833
244,8.133,332,459.9,157.7,484.1,236.6,0.2991
244,8.133,353,580.8,168.9,600.9,224.2,0.6252
244,8.133,328,329.6,154.0,363.8,246.2,0.4957
244,8.133,413,6.1,159.5,34.4,256.7,0.8072
244,8.133,397,137.5,160.7,162.1,217.8,0.3169
245,8.167,204,684.0,148.7,805.0,513.2,0.8459
245,8.167,245,532.5,169.8,565.6,249.0,0.7066
245,8.167,335,809.6,146.9,951.0,529.5,0.8922
245,8.167,332,460.7,157.8,484.7,236.0,0.3746
245,8.167,353,584.5,169.5,604.0,223.0,0.5990
245,8.167,328,331.8,153.6,365.3,245.0,0.5887
245,8.167,413,7.9,159.1,36.8,255.6,0.7963
245,8.167,414,488.8,166.5,512.8,234.1,0.3651
245,8.167,397,140.0,159.8,163.9,216.7,0.3839
246,8.200,204,681.6,153.7,803.6,516.6,0.8522
246,8.200,245,533.8,169.8,567.1,249.1,0.7046
246,8.200,335,810.9,148.8,953.0,530.2,0.8994
246,8.200,332,461.0,158.0,484.9,235.6,0.3614
246,8.200,353,585.6,169.6,605.4,224.0,0.5748
246,8.200,328,332.2,153.7,365.4,245.4,0.6087
246,8.200,413,7.1,158.9,36.5,254.7,0.7836
246,8.200,414,489.0,167.6,512.3,233.0,0.3237
246,8.200,397,140.3,159.8,163.7,216.2,0.3682
247,8.233,204,679.0,156.7,800.1,517.0,0.7512
247,8.233,245,534.4,169.4,568.1,249.2,0.6595
247,8.233,335,811.7,149.4,954.6,531.4,0.8910
247,8.233,332,460.9,159.0,484.8,236.7,0.3701
247,8.233,353,586.3,170.2,606.3,225.2,0.6087
247,8.233,328,331.9,152.8,365.2,245.4,0.6504
247,8.233,413,7.5,158.6,37.8,255.4,0.8056
247,8.233,414,488.1,167.5,511.9,234.2,0.4015
247,8.233,397,140.2,159.6,163.4,215.8,0.4140
248,8.267,204,677.7,157.7,798.6,516.0,0.7425
248,8.267,245,536.1,169.6,569.4,248.6,0.6141
248,8.267,335,812.8,150.1,956.4,533.1,0.9019
248,8.267,332,461.8,159.8,485.2,235.7,0.4370
248,8.267,353,586.9,170.9,606.7,225.4,0.5612
248,8.267,328,332.6,151.6,365.6,244.2,0.6144
248,8.267,413,7.4,158.0,38.4,254.5,0.7955
248,8.267,414,487.6,167.7,511.6,234.9,0.4133
248,8.267,397,140.7,158.9,163.6,215.1,0.3494
248,8.267,426,262.6,154.8,297.4,200.3,0.3761
248,8.267,427,759.6,143.9,818.8,433.0,0.4325
249,8.300,204,677.1,157.3,798.2,517.1,0.7744
249,8.300,245,538.5,171.0,570.7,247.1,0.5874
249,8.300,335,815.5,149.9,957.9,529.4,0.8833
249,8.300,332,461.2,158.7,484.5,235.0,0.3826
249,8.300,353,587.4,170.5,607.7,226.2,0.5527
249,8.300,328,334.7,150.8,367.7,243.4,0.6082
249,8.300,413,8.0,156.8,39.6,253.3,0.8148
249,8.300,414,487.2,167.0,511.1,234.0,0.4505
249,8.300,426,263.0,153.3,298.3,199.7,0.3905
249,8.300,427,762.2,142.7,821.4,431.1,0.4830
250,8.333,204,680.4,155.9,799.1,510.0,0.8135
250,8.333,245,541.9,170.2,573.6,245.8,0.6452
250,8.333,335,819.1,147.8,959.7,523.6,0.8887
250,8.333,332,461.4,160.0,483.5,233.9,0.3145
250,8.333,353,589.5,168.7,610.5,226.4,0.6398
250,8.333,328,335.1,148.6,368.7,243.1,0.6620
250,8.333,413,9.7,155.7,41.6,252.6,0.8128
250,8.333,414,488.5,165.6,512.3,232.4,0.3317
250,8.333,397,141.6,157.2,164.0,212.7,0.2593
250,8.333,426,265.9,151.9,301.0,198.2,0.3778
250,8.333,427,767.6,139.7,826.9,427.4,0.4050
250,8.333,430,767.9,138.9,830.7,331.0,0.4611
251,8.367,204,681.8,153.4,799.8,506.8,0.8266
251,8.367,245,544.9,169.9,575.9,244.6,0.6684
251,8.367,335,821.6,145.4,960.0,516.1,0.8848
251,8.367,332,462.0,158.0,484.3,233.9,0.3863
251,8.367,353,591.0,167.3,612.1,225.8,0.6690
251,8.367,328,335.7,147.3,369.5,242.9,0.6614
251,8.367,413,10.6,154.6,42.6,251.6,0.7755
251,8.367,414,489.6,165.8,513.1,231.9,0.5175
251,8.367,426,265.9,150.7,300.5,196.6,0.2824
251,8.367,427,770.8,138.5,830.2,424.3,0.2635
251,8.367,430,770.5,136.9,838.8,346.1,0.5841
252,8.400,204,683.7,151.3,800.8,502.8,0.8581
252,8.400,245,546.6,167.7,577.4,243.5,0.6785
252,8.400,335,823.5,141.4,960.0,509.7,0.9015
252,8.400,332,462.5,157.6,484.5,233.8,0.3242
252,8.400,353,591.9,166.3,613.0,225.3,0.7037
252,8.400,328,336.5,146.7,370.1,242.5,0.6652
252,8.400,413,11.1,154.8,43.0,251.1,0.7772
252,8.400,414,490.2,163.3,514.7,231.9,0.4769
252,8.400,430,774.4,133.9,846.7,355.4,0.7359
252,8.400,433,536.0,163.8,552.5,224.9,0.3462
253,8.433,204,685.7,148.6,802.4,498.6,0.8356
253,8.433,245,547.2,165.1,578.5,243.0,0.6835
253,8.433,335,823.6,138.8,960.0,508.8,0.8909
253,8.433,332,463.6,156.7,485.8,234.2,0.3883
253,8.433,353,593.2,165.7,614.1,224.2,0.6455
253,8.433,328,337.3,147.2,370.4,242.1,0.6601
253,8.433,413,12.1,155.1,44.1,251.1,0.7287
253,8.433,414,491.8,161.8,516.6,232.0,0.5243
253,8.433,426,264.4,149.3,298.5,195.7,0.2879
253,8.433,430,779.0,131.8,853.8,360.9,0.7235
253,8.433,433,537.7,161.4,554.7,224.5,0.4154
254,8.467,204,689.8,145.5,807.0,493.9,0.8302
254,8.467,245,546.9,162.8,578.7,242.0,0.7167
254,8.467,335,825.7,136.5,960.0,510.8,0.8760
254,8.467,332,464.3,155.5,486.7,234.4,0.3404
254,8.467,353,595.0,164.6,615.9,223.0,0.5558
254,8.467,328,338.0,146.8,371.1,241.5,0.6325
254,8.467,413,12.4,155.6,44.3,250.7,0.7679
254,8.467,414,492.6,159.9,518.0,231.9,0.6470
254,8.467,430,785.4,129.2,861.6,363.1,0.7625
254,8.467,433,538.6,160.5,555.8,223.9,0.3036
255,8.500,204,691.2,142.4,810.4,495.5,0.8068
255,8.500,245,548.4,162.5,580.3,241.6,0.5764
255,8.500,335,829.1,134.0,960.0,516.5,0.8966
255,8.500,332,466.7,156.2,488.6,234.4,0.3625
255,8.500,353,598.0,164.1,618.7,221.6,0.5466
255,8.500,328,339.6,147.4,372.3,241.7,0.6486
255,8.500,413,14.0,156.3,46.9,253.7,0.7858
255,8.500,414,493.2,158.7,518.5,230.8,0.5569
255,8.500,430,794.5,125.1,871.7,363.1,0.8637
255,8.500,433,541.1,161.9,557.7,223.1,0.3096
255,8.500,434,470.2,155.1,497.5,233.3,0.3613
256,8.533,204,695.9,140.8,818.4,500.4,0.8501
256,8.533,245,550.0,161.4,582.3,242.0,0.4919
256,8.533,335,831.5,133.6,960.0,521.3,0.9005
256,8.533,353,600.9,162.7,621.9,221.0,0.5876
256,8.533,328,341.7,148.5,373.8,241.4,0.6516
256,8.533,413,15.7,156.6,49.1,254.5,0.7948
256,8.533,414,495.4,158.4,520.6,230.7,0.4923
256,8.533,430,802.8,123.5,880.3,363.0,0.8334
256,8.533,434,471.5,154.1,499.3,233.7,0.4704
256,8.533,397,149.0,158.9,170.8,214.2,0.3672
257,8.567,204,696.0,139.8,819.6,503.4,0.8646
257,8.567,245,553.4,164.5,584.4,241.7,0.5389
257,8.567,335,833.7,134.7,960.0,524.8,0.8767
257,8.567,353,602.6,161.9,623.6,219.5,0.5558
257,8.567,413,16.4,157.3,50.0,256.2,0.7145
257,8.567,414,496.3,158.4,521.8,230.9,0.3608
257,8.567,430,809.5,119.5,889.6,369.3,0.7907
257,8.567,434,470.9,151.1,499.7,232.8,0.2639
258,8.600,204,698.8,140.5,823.5,506.4,0.8677
258,8.600,245,557.2,164.6,587.7,241.3,0.6599
258,8.600,335,835.0,135.3,960.0,526.7,0.8803
258,8.600,353,604.4,163.0,625.1,219.3,0.5617
258,8.600,328,346.0,147.8,377.7,240.1,0.6974
258,8.600,413,19.0,159.1,52.1,255.8,0.7327
258,8.600,414,497.5,157.3,523.4,231.5,0.5615
258,8.600,430,813.8,119.6,895.0,375.3,0.6731
258,8.600,433,548.0,160.7,565.5,223.2,0.4617
258,8.600,434,472.0,152.7,500.9,234.7,0.5550
258,8.600,397,149.5,159.0,172.1,215.9,0.4052
259,8.633,204,703.1,141.1,828.9,508.9,0.8611
259,8.633,245,559.0,162.6,589.7,239.9,0.6151
259,8.633,335,836.3,135.8,960.0,527.0,0.8088
259,8.633,353,608.0,163.1,628.6,219.1,0.5753
259,8.633,328,347.4,147.2,379.0,239.5,0.7557
259,8.633,413,21.9,159.0,55.1,255.5,0.6991
259,8.633,414,499.7,156.4,525.4,230.4,0.6303
259,8.633,430,822.6,120.6,900.8,368.1,0.7483
259,8.633,433,550.3,159.9,567.9,222.3,0.4464
259,8.633,434,475.3,155.6,502.8,234.0,0.5241
259,8.633,397,152.1,159.3,174.0,214.9,0.4193
259,8.633,426,267.4,152.6,300.4,200.5,0.2637
260,8.667,204,707.7,142.4,833.4,510.7,0.8692
260,8.667,245,565.3,161.6,595.4,238.6,0.4366
260,8.667,335,841.6,135.2,960.0,525.2,0.7731
260,8.667,353,612.2,161.1,633.0,217.9,0.6223
260,8.667,328,350.1,146.9,381.9,240.9,0.6380
260,8.667,413,23.9,157.8,57.3,254.7,0.7548
260,8.667,414,501.5,156.2,526.8,228.5,0.6024
260,8.667,430,835.3,118.6,912.9,364.9,0.7738
260,8.667,433,552.4,159.7,569.9,221.3,0.4416
260,8.667,434,479.2,155.4,504.6,228.3,0.4525
260,8.667,426,266.4,149.9,301.0,199.8,0.2919
261,8.700,204,714.6,143.3,840.5,510.7,0.8853
261,8.700,245,569.8,163.4,597.9,236.7,0.5505
261,8.700,335,844.7,135.4,960.0,524.2,0.8021
261,8.700,353,614.4,158.7,635.8,217.0,0.5013
261,8.700,328,351.0,145.9,382.6,240.1,0.6078
261,8.700,413,25.7,156.8,59.2,253.1,0.7752
261,8.700,414,502.2,155.8,527.7,228.1,0.5132
261,8.700,430,843.4,118.0,921.6,366.5,0.7283
261,8.700,433,555.5,158.3,573.4,219.9,0.3799
261,8.700,434,481.5,156.4,505.3,224.8,0.4205
261,8.700,426,263.9,149.4,304.0,208.2,0.4060
262,8.733,204,719.5,143.1,845.8,510.5,0.8862
262,8.733,245,571.9,161.3,600.4,236.1,0.6510
262,8.733,335,846.9,135.2,960.0,522.0,0.8437
262,8.733,353,617.3,157.8,636.9,210.4,0.6677
262,8.733,328,353.5,143.6,384.3,236.0,0.6736
262,8.733,413,27.0,155.4,60.4,251.1,0.7871
262,8.733,414,502.8,153.4,528.1,225.6,0.4485
262,8.733,430,851.8,113.3,931.7,367.1,0.4956
262,8.733,433,558.1,155.2,576.9,219.1,0.4878
262,8.733,434,481.7,154.9,506.0,225.7,0.5080
262,8.733,397,156.6,153.4,178.4,210.3,0.2503
263,8.767,204,721.2,142.3,848.6,513.0,0.8835
263,8.767,245,573.4,158.8,602.2,234.8,0.6266
263,8.767,335,849.5,130.5,960.0,503.6,0.8537
263,8.767,353,619.3,156.1,638.8,208.0,0.5218
263,8.767,328,354.3,141.9,384.3,231.6,0.6468
263,8.767,413,27.4,153.3,60.8,248.8,0.7612
263,8.767,414,501.4,148.2,527.7,224.5,0.2789
263,8.767,433,559.4,153.9,578.5,217.5,0.5170
263,8.767,434,481.6,149.2,507.9,226.5,0.4457
263,8.767,438,0.6,141.1,11.4,247.2,0.5991
264,8.800,204,722.7,141.5,849.8,511.2,0.8979
264,8.800,245,574.8,157.6,603.5,233.7,0.7045
264,8.800,335,849.1,120.6,960.0,505.9,0.8758
264,8.800,353,621.3,155.2,640.3,205.6,0.5376
264,8.800,328,355.0,141.4,385.4,232.8,0.6843
264,8.800,413,26.8,151.2,60.3,246.6,0.6883
264,8.800,433,560.5,154.2,579.5,216.6,0.6057
264,8.800,434,481.9,146.5,508.7,226.0,0.5034
264,8.800,438,1.3,140.5,12.2,246.4,0.6025
264,8.800,397,157.9,149.5,179.4,207.4,0.2514
264,8.800,440,273.9,143.7,308.3,193.6,0.4164
264,8.800,329,508.8,147.5,533.2,224.6,0.3924
265,8.833,204,726.2,138.5,850.0,498.8,0.8947
265,8.833,245,577.9,155.3,606.6,231.8,0.6575
265,8.833,335,853.7,115.0,960.0,500.6,0.8901
265,8.833,353,622.7,154.3,642.4,207.0,0.4663
265,8.833,328,356.3,140.5,387.2,233.6,0.6496
265,8.833,413,26.6,149.0,60.5,245.6,0.6471
265,8.833,433,562.4,150.8,582.1,215.2,0.6818
265,8.833,434,482.8,145.8,509.7,226.0,0.5053
265,8.833,438,2.3,139.7,13.2,244.2,0.5563
265,8.833,397,160.1,147.8,181.5,205.9,0.3217
265,8.833,329,509.6,148.2,533.6,222.4,0.3313
265,8.833,414,503.4,146.0,529.2,221.9,0.2781
266,8.867,204,729.1,135.5,850.4,488.3,0.8941
266,8.867,245,580.5,156.2,608.7,231.1,0.6826
266,8.867,335,857.8,114.2,960.0,499.6,0.8725
266,8.867,353,623.9,153.6,644.1,207.3,0.4987
266,8.867,328,356.7,139.4,387.9,234.0,0.6249
266,8.867,413,26.2,147.9,60.4,245.5,0.6596
266,8.867,433,564.0,149.4,584.0,214.2,0.6915
266,8.867,434,483.2,145.7,510.1,226.2,0.5589
266,8.867,438,2.8,139.4,13.9,244.1,0.5329
266,8.867,397,161.1,147.0,182.3,205.1,0.3932
266,8.867,414,505.7,145.8,530.8,219.8,0.2697
267,8.900,204,730.6,132.0,851.2,483.0,0.8860
267,8.900,245,582.3,155.3,610.3,230.1,0.7588
267,8.900,335,857.5,114.8,960.0,502.0,0.8609
267,8.900,353,624.7,152.9,645.2,207.6,0.4712
267,8.900,328,357.7,138.6,388.5,232.9,0.6110
267,8.900,413,26.4,147.2,60.8,244.9,0.6347
267,8.900,433,565.1,147.0,586.0,213.9,0.6346
267,8.900,434,484.7,144.8,511.5,226.2,0.5063
267,8.900,438,2.9,140.0,14.4,245.8,0.4674
267,8.900,397,161.5,146.4,182.7,204.7,0.3826
267,8.900,414,505.6,145.2,530.5,219.2,0.2967
267,8.900,443,507.0,146.7,523.5,219.5,0.3772
268,8.933,204,732.4,129.3,853.5,481.8,0.8793
268,8.933,245,583.1,153.8,611.6,230.2,0.7718
268,8.933,335,857.0,114.9,960.0,503.9,0.8486
268,8.933,353,625.5,152.9,645.7,206.4,0.4837
268,8.933,328,358.1,138.0,388.7,232.0,0.6207
268,8.933,413,26.4,146.6,61.0,244.4,0.6306
268,8.933,433,566.0,146.1,587.3,213.5,0.6457
268,8.933,434,485.4,144.5,512.0,226.1,0.4784
268,8.933,438,3.5,140.7,14.9,241.9,0.4703
268,8.933,397,161.4,146.1,182.6,204.8,0.3796
268,8.933,414,506.7,145.5,531.5,218.9,0.2870
268,8.933,443,506.6,146.6,523.1,219.6,0.4297
269,8.967,204,733.2,127.6,855.8,484.3,0.8773
269,8.967,245,584.8,152.4,613.4,229.6,0.7960
269,8.967,335,852.5,114.4,960.0,503.4,0.8466
269,8.967,353,626.0,153.3,646.8,208.2,0.5268
269,8.967,328,358.9,138.0,388.7,229.9,0.6260
269,8.967,413,26.5,146.4,61.4,244.3,0.6485
269,8.967,433,566.8,146.0,588.5,214.0,0.6085
269,8.967,434,485.9,144.7,512.0,225.7,0.4220
269,8.967,438,3.2,139.0,14.7,237.2,0.5141
269,8.967,397,161.9,146.5,182.9,205.0,0.2742
269,8.967,443,507.2,146.1,523.7,218.4,0.3602
269,8.967,445,295.9,144.1,314.8,190.4,0.3820
270,9.000,204,732.7,127.4,858.0,491.4,0.8636
270,9.000,245,585.7,154.3,614.0,230.6,0.8117
270,9.000,335,846.9,117.0,960.0,509.7,0.8825
270,9.000,353,625.6,154.0,647.1,211.5,0.5902
270,9.000,328,356.8,136.8,387.8,233.3,0.6346
270,9.000,413,25.4,146.8,60.9,245.0,0.7721
270,9.000,433,566.6,146.4,588.8,215.0,0.6591
270,9.000,438,2.8,140.3,14.8,241.0,0.6493
270,9.000,414,506.1,145.8,532.0,220.3,0.2966
270,9.000,443,505.1,146.6,521.9,220.1,0.5173
270,9.000,445,295.6,144.3,314.4,190.5,0.4544
270,9.000,332,484.9,147.3,506.8,226.8,0.4623
271,9.033,204,731.3,128.4,858.6,496.4,0.8567
271,9.033,245,585.3,156.0,613.6,232.5,0.8039
271,9.033,335,845.9,118.9,959.8,514.6,0.8869
271,9.033,353,625.5,155.2,646.8,213.1,0.5643
271,9.033,328,355.3,137.5,387.8,239.0,0.6844
271,9.033,413,21.9,148.0,58.2,247.8,0.7210
271,9.033,433,565.4,148.7,587.7,216.6,0.5499
271,9.033,438,1.8,142.3,14.1,243.7,0.5674
271,9.033,440,265.7,142.6,299.0,192.8,0.3513
271,9.033,443,503.1,147.8,520.2,221.8,0.4844
271,9.033,445,294.8,144.9,314.0,191.9,0.4802
271,9.033,332,484.3,147.4,506.2,228.6,0.3377
272,9.067,204,729.4,130.0,858.3,500.8,0.8667
272,9.067,245,584.5,156.8,612.8,233.1,0.7723
272,9.067,335,847.3,120.7,960.0,516.4,0.8999
272,9.067,353,623.8,154.6,645.1,212.8,0.5372
272,9.067,328,353.3,136.9,386.2,241.0,0.7046
272,9.067,413,19.4,148.3,55.9,248.1,0.7633
272,9.067,433,563.7,149.1,586.1,217.1,0.6094
272,9.067,438,1.2,148.1,13.0,244.7,0.3111
272,9.067,440,263.7,143.2,296.8,193.9,0.2805
272,9.067,329,516.0,150.5,536.1,220.2,0.4129
272,9.067,443,501.4,147.4,518.5,221.1,0.4788
272,9.067,445,293.7,145.7,313.3,193.4,0.5364
272,9.067,332,483.5,146.1,505.6,227.9,0.5226
273,9.100,204,728.6,130.0,858.7,503.3,0.8602
273,9.100,245,583.8,157.5,612.0,233.4,0.7146
273,9.100,335,848.9,121.6,960.0,516.2,0.8924
273,9.100,353,622.5,154.6,643.8,212.9,0.5792
273,9.100,328,351.6,138.2,384.4,242.7,0.6535
273,9.100,413,17.8,148.9,54.3,248.6,0.7713
273,9.100,433,562.2,148.8,585.1,217.7,0.5516
273,9.100,329,514.6,151.9,534.1,220.3,0.3235
273,9.100,443,500.8,148.6,517.9,221.3,0.3987
273,9.100,445,293.1,146.2,312.7,193.6,0.5287
273,9.100,332,483.2,146.7,505.3,228.0,0.5078
274,9.133,204,728.8,131.6,859.3,505.9,0.8650
274,9.133,245,582.9,157.6,610.9,233.0,0.7001
274,9.133,335,852.7,121.8,959.9,496.7,0.8985
274,9.133,353,621.4,153.2,642.8,212.4,0.5942
274,9.133,328,350.3,138.0,383.1,243.1,0.6585
274,9.133,413,16.4,149.2,52.9,248.8,0.7840
274,9.133,433,561.1,149.4,583.7,217.3,0.5622
274,9.133,438,1.6,153.6,13.7,247.6,0.3353
274,9.133,440,262.7,144.2,295.7,195.0,0.2510
274,9.133,329,512.9,152.9,532.1,220.5,0.3673
274,9.133,443,499.9,148.7,517.1,221.3,0.4417
274,9.133,445,292.5,145.2,312.8,193.9,0.3479
274,9.133,332,482.0,146.3,504.2,228.3,0.5273
275,9.167,204,728.4,134.1,858.5,508.5,0.8564
275,9.167,245,579.4,156.7,607.7,232.4,0.6924
275,9.167,335,855.8,121.8,960.0,487.2,0.9079
275,9.167,353,619.2,153.8,640.1,211.1,0.5441
275,9.167,328,346.8,139.4,378.8,242.7,0.7080
275,9.167,413,12.1,151.2,48.5,249.7,0.7831
275,9.167,433,559.0,148.5,581.8,216.7,0.5971
275,9.167,443,497.5,149.8,515.0,223.1,0.3315
275,9.167,445,289.7,146.9,309.8,195.0,0.5845
275,9.167,332,478.4,146.6,501.0,228.9,0.5636
276,9.200,204,726.0,134.7,856.0,510.1,0.8434
276,9.200,245,576.4,155.8,604.8,231.5,0.7208
276,9.200,335,855.6,121.4,960.0,494.2,0.8984
276,9.200,353,616.3,153.0,637.0,209.3,0.5317
276,9.200,328,342.7,138.5,374.8,242.6,0.6830
276,9.200,413,7.6,152.5,44.0,250.4,0.7759
276,9.200,433,556.5,148.1,579.3,215.3,0.6208
276,9.200,445,286.8,147.9,306.7,195.5,0.5082
276,9.200,332,475.6,146.7,498.4,230.0,0.5378
277,9.233,204,722.0,135.2,851.2,509.9,0.8631
277,9.233,245,573.1,156.3,601.2,231.3,0.7917
277,9.233,335,855.3,120.0,960.0,501.6,0.9060
277,9.233,353,612.1,152.9,633.2,209.9,0.5276
277,9.233,328,338.4,138.4,370.3,242.6,0.6588
277,9.233,413,3.1,152.2,39.9,250.4,0.8000
277,9.233,433,552.8,146.4,576.1,215.3,0.6409
277,9.233,445,282.5,147.0,302.8,195.0,0.5672
277,9.233,332,472.4,146.7,495.5,230.6,0.6266
278,9.267,204,719.0,134.5,846.8,505.9,0.8333
278,9.267,245,569.3,155.6,597.3,229.9,0.7428
278,9.267,335,855.2,116.9,960.0,498.1,0.9105
278,9.267,353,608.3,152.7,629.5,210.2,0.5513
278,9.267,328,332.7,137.8,364.7,242.3,0.7569
278,9.267,413,0.0,151.3,35.1,249.3,0.6617
278,9.267,433,548.7,148.2,571.5,215.3,0.5708
278,9.267,445,278.1,147.0,298.6,195.5,0.5879
278,9.267,332,466.9,146.0,490.6,230.6,0.4846
279,9.300,204,715.7,131.9,841.2,496.8,0.8307
279,9.300,245,566.4,153.0,595.2,228.6,0.6813
279,9.300,335,854.0,113.7,960.0,495.7,0.9175
279,9.300,353,604.6,151.3,625.5,207.7,0.6071
279,9.300,328,327.5,135.2,359.9,241.9,0.7354
279,9.300,413,0.0,149.4,32.0,248.0,0.6152
279,9.300,433,545.3,147.1,567.9,213.1,0.6356
279,9.300,445,275.1,147.3,294.8,193.8,0.4997
279,9.300,332,462.8,145.8,486.6,230.2,0.6284
279,9.300,443,491.8,148.3,509.4,219.8,0.3731
280,9.333,204,714.2,127.3,837.7,482.2,0.8586
280,9.333,245,561.3,151.5,590.3,228.2,0.7925
280,9.333,335,850.1,110.6,958.0,493.6,0.9086
280,9.333,353,598.8,150.6,619.6,206.7,0.6267
280,9.333,328,319.7,134.8,352.5,242.7,0.7499
280,9.333,433,538.3,145.3,561.6,212.9,0.6461
280,9.333,332,456.3,144.5,480.7,229.6,0.7114
281,9.367,204,712.4,123.3,836.8,475.5,0.8482
281,9.367,245,557.5,150.0,586.4,226.5,0.6938
281,9.367,335,847.0,108.4,956.5,494.0,0.9188
281,9.367,353,594.4,148.9,616.0,207.4,0.6673
281,9.367,328,313.2,135.6,346.2,243.8,0.6768
281,9.367,433,534.2,144.0,557.5,211.6,0.5538
281,9.367,332,451.3,142.3,477.1,229.9,0.6745
281,9.367,445,264.2,147.5,283.7,193.2,0.6749
282,9.400,204,710.0,120.6,836.6,474.5,0.8512
282,9.400,245,554.4,149.5,582.9,225.2,0.7140
282,9.400,335,844.2,107.3,955.2,494.9,0.9137
282,9.400,353,591.1,148.7,612.1,205.8,0.6106
282,9.400,328,308.2,135.0,341.0,241.6,0.7241
282,9.400,433,530.2,143.1,553.7,211.3,0.6260
282,9.400,332,447.6,141.6,473.7,229.2,0.5345
282,9.400,445,259.3,145.8,279.5,192.7,0.5615
283,9.433,204,706.8,118.9,835.0,474.9,0.8628
283,9.433,245,552.1,149.2,580.6,225.3,0.7711
283,9.433,335,841.7,106.3,954.5,495.9,0.9038
283,9.433,353,587.4,147.8,608.6,205.8,0.6984
283,9.433,328,303.6,136.6,336.7,242.9,0.7005
283,9.433,433,527.2,142.8,550.6,210.7,0.6655
283,9.433,332,443.3,141.1,470.3,230.0,0.6065
283,9.433,445,256.2,146.4,276.3,192.5,0.6435
283,9.433,466,99.0,149.0,125.5,211.1,0.4302
284,9.467,204,704.0,117.4,833.7,476.5,0.8509
284,9.467,245,550.1,148.9,578.6,225.1,0.7822
284,9.467,335,839.8,105.2,954.9,499.2,0.9026
284,9.467,353,585.1,147.4,606.3,205.8,0.6782
284,9.467,328,298.6,136.5,332.5,244.3,0.6674
284,9.467,433,524.6,142.4,548.2,210.5,0.5995
284,9.467,332,439.9,141.9,466.7,229.2,0.5529
284,9.467,445,252.8,147.4,272.5,192.2,0.3583
284,9.467,466,96.2,150.3,122.2,211.3,0.3742
284,9.467,468,199.6,140.3,234.3,255.1,0.4041
284,9.467,469,474.3,148.3,492.9,213.7,0.4432
285,9.500,204,702.2,116.1,831.6,475.4,0.8648
285,9.500,245,549.1,149.2,576.8,223.2,0.7885
285,9.500,335,839.6,105.1,955.4,499.5,0.8837
285,9.500,353,583.1,146.6,604.4,205.5,0.5266
285,9.500,328,294.6,135.9,329.2,244.2,0.5133
285,9.500,433,522.8,142.0,546.3,209.7,0.5382
285,9.500,332,437.8,140.9,463.7,225.1,0.4669
285,9.500,445,251.5,147.3,271.1,191.6,0.2935
285,9.500,468,193.4,140.7,228.8,257.2,0.4550
286,9.533,204,703.2,117.3,834.2,482.4,0.8812
286,9.533,245,547.5,149.1,574.9,222.5,0.7663
286,9.533,335,837.9,104.9,955.6,502.4,0.9015
286,9.533,353,580.0,145.7,602.3,207.5,0.5276
286,9.533,328,289.7,140.7,323.8,244.7,0.2700
286,9.533,433,520.6,140.9,544.3,209.1,0.5009
286,9.533,332,434.7,141.4,461.5,228.1,0.4922
286,9.533,468,187.0,139.1,223.7,259.8,0.6175
287,9.567,204,707.0,116.8,838.7,485.0,0.8922
287,9.567,245,547.6,147.7,575.2,221.6,0.8155
287,9.567,335,837.4,103.5,956.6,504.4,0.8965
287,9.567,353,580.8,144.8,602.5,205.1,0.6164
287,9.567,433,520.6,140.0,544.5,208.4,0.5650
287,9.567,332,433.3,139.6,461.0,228.7,0.6456
287,9.567,466,86.4,152.6,111.9,212.5,0.3767
287,9.567,468,183.6,137.6,221.9,263.2,0.6202
287,9.567,469,470.1,150.2,487.3,210.6,0.3311
287,9.567,445,248.3,146.0,269.3,193.1,0.4996
288,9.600,204,710.4,117.1,840.4,483.3,0.8843
288,9.600,245,548.5,145.9,575.7,220.0,0.7739
288,9.600,335,839.3,102.5,958.3,502.4,0.9023
288,9.600,353,579.7,143.5,601.2,202.4,0.4573
288,9.600,328,281.7,139.0,317.5,244.0,0.4949
288,9.600,332,430.7,137.7,459.4,228.3,0.4745
288,9.600,414,520.3,136.1,545.6,207.2,0.5719
289,9.633,204,712.5,116.5,842.0,484.6,0.8909
289,9.633,245,548.2,144.5,575.6,219.3,0.8399
289,9.633,335,840.4,100.9,959.3,501.0,0.9015
289,9.633,353,579.7,142.9,600.9,200.3,0.5922
289,9.633,328,276.9,134.6,314.6,244.9,0.5338
289,9.633,332,430.9,139.4,459.2,227.4,0.6138
289,9.633,468,178.5,135.2,218.0,264.1,0.3295
289,9.633,469,467.5,148.1,485.5,211.0,0.5331
289,9.633,445,246.9,144.7,268.7,192.5,0.4729
289,9.633,414,519.5,136.3,544.4,207.0,0.5400
289,9.633,466,82.8,151.0,108.3,211.5,0.4142
290,9.667,204,716.9,115.2,846.2,486.5,0.8713
290,9.667,245,549.4,143.6,576.4,217.5,0.8325
290,9.667,335,843.7,98.6,959.5,488.2,0.9021
290,9.667,353,580.9,141.2,601.9,198.2,0.5590
290,9.667,328,272.6,130.8,311.8,246.7,0.5133
290,9.667,332,431.6,137.9,459.4,224.6,0.5216
290,9.667,468,177.8,133.8,217.4,263.5,0.3309
290,9.667,469,466.4,146.9,485.0,211.6,0.5203
290,9.667,445,247.1,143.0,268.8,190.8,0.4675
290,9.667,414,521.3,136.1,546.4,206.1,0.5197
290,9.667,473,274.2,131.0,308.5,195.1,0.3778
290,9.667,466,82.1,149.8,107.5,210.6,0.3389
291,9.700,204,724.1,113.0,849.9,478.3,0.8594
291,9.700,245,551.4,140.5,578.8,215.3,0.7404
291,9.700,335,849.3,93.7,960.0,482.5,0.8914
291,9.700,353,583.4,137.7,602.9,190.5,0.5249
291,9.700,328,269.8,129.8,308.5,244.6,0.2950
291,9.700,332,430.9,136.8,459.0,223.8,0.5939
291,9.700,469,466.0,143.3,484.9,208.8,0.5059
291,9.700,445,247.4,140.2,269.4,188.8,0.6245
291,9.700,414,521.1,133.7,545.5,203.2,0.4756
291,9.700,473,267.4,128.9,311.1,211.2,0.5398
291,9.700,466,80.6,147.0,106.1,208.5,0.4469
292,9.733,204,729.1,109.8,853.2,471.3,0.8570
292,9.733,245,551.9,138.0,579.8,213.8,0.7420
292,9.733,335,852.9,89.4,960.0,475.4,0.8972
292,9.733,353,584.0,135.7,604.4,191.3,0.5368
292,9.733,332,429.6,134.3,458.6,222.8,0.6615
292,9.733,468,173.9,130.7,208.6,240.8,0.2840
292,9.733,469,465.4,138.5,485.2,207.2,0.5320
292,9.733,445,247.8,138.8,269.4,186.6,0.5890
292,9.733,414,520.8,131.1,545.4,201.3,0.5079
292,9.733,473,268.2,126.5,305.8,197.1,0.4989
292,9.733,466,79.2,144.9,104.6,206.4,0.3648
293,9.767,204,733.6,106.3,855.6,463.3,0.8600
293,9.767,245,553.2,137.1,580.5,210.5,0.7289
293,9.767,335,856.1,86.1,960.0,470.9,0.8890
293,9.767,353,585.1,133.5,604.7,186.6,0.4684
293,9.767,332,428.1,130.2,457.8,221.0,0.5963
293,9.767,468,172.0,127.3,207.1,236.3,0.4165
293,9.767,469,465.7,135.7,485.7,204.7,0.4840
293,9.767,445,248.7,135.8,271.0,185.3,0.6378
293,9.767,414,521.4,128.7,545.9,198.5,0.5327
293,9.767,473,269.0,125.1,302.1,187.4,0.6054
293,9.767,466,78.7,141.6,104.8,204.9,0.4419
294,9.800,204,737.4,101.5,858.3,457.5,0.8636
294,9.800,245,554.3,136.6,581.2,208.3,0.7271
294,9.800,335,858.6,83.5,960.0,469.5,0.8796
294,9.800,353,585.4,132.0,605.5,186.8,0.5032
294,9.800,332,427.7,127.4,457.8,218.8,0.5832
294,9.800,468,171.2,125.7,206.2,231.9,0.3365
294,9.800,469,465.9,133.4,486.2,203.3,0.5502
294,9.800,445,249.5,134.5,272.1,184.4,0.5324
294,9.800,414,522.1,127.1,546.4,196.6,0.5285
294,9.800,473,268.8,124.5,300.0,183.5,0.5750
294,9.800,466,78.2,139.7,104.6,204.2,0.5127
294,9.800,475,305.2,136.4,328.6,171.8,0.3495
295,9.833,204,741.0,98.9,861.8,456.0,0.8688
295,9.833,245,554.8,136.1,581.7,207.3,0.7075
295,9.833,335,861.8,82.1,960.0,471.6,0.8718
295,9.833,353,585.1,131.2,606.2,189.0,0.5328
295,9.833,332,426.6,126.4,457.5,220.0,0.6170
295,9.833,469,465.4,132.1,486.1,202.5,0.5248
295,9.833,445,249.5,133.1,272.4,183.4,0.4176
295,9.833,414,522.0,125.9,546.3,195.5,0.5428
295,9.833,473,267.8,123.5,298.7,181.4,0.5909
295,9.833,466,77.1,138.6,103.3,203.4,0.5144
295,9.833,475,304.7,136.4,327.7,171.1,0.4965
296,9.867,204,744.4,95.9,866.1,458.7,0.8751
296,9.867,245,555.5,134.2,583.2,207.1,0.7335
296,9.867,335,863.1,81.5,960.0,475.1,0.8235
296,9.867,353,586.5,130.4,608.3,189.8,0.5831
296,9.867,332,425.7,123.9,457.2,219.5,0.5776
296,9.867,468,171.8,125.4,206.4,228.1,0.2938
296,9.867,469,466.6,130.6,487.0,199.7,0.5293
296,9.867,414,523.0,124.6,547.2,194.0,0.5341
296,9.867,473,264.1,119.9,296.1,179.6,0.5680
296,9.867,466,76.6,136.7,102.5,201.1,0.4775
296,9.867,475,304.8,133.8,328.5,169.5,0.5303
297,9.900,204,744.9,94.8,867.2,461.5,0.8511
297,9.900,245,555.5,133.1,583.9,207.4,0.7388
297,9.900,335,853.8,80.1,960.0,480.3,0.8140
297,9.900,353,587.6,130.5,609.6,190.2,0.5672
297,9.900,332,424.7,122.2,457.1,219.7,0.6115
297,9.900,469,467.1,130.9,487.2,198.4,0.4973
297,9.900,414,523.7,123.3,548.2,193.9,0.5249
297,9.900,473,261.9,118.7,294.2,178.8,0.5381
297,9.900,466,76.2,136.2,101.7,200.5,0.4913
297,9.900,475,304.3,132.8,328.6,169.2,0.5128
298,9.933,204,742.7,94.7,867.3,467.5,0.8591
298,9.933,245,555.3,133.0,584.2,208.3,0.7457
298,9.933,335,849.4,81.0,959.8,486.4,0.8833
298,9.933,353,587.9,131.1,609.8,189.7,0.5525
298,9.933,332,423.4,123.2,455.6,219.8,0.6352
298,9.933,469,466.8,131.0,487.0,198.7,0.5061
298,9.933,414,523.8,123.4,548.2,194.0,0.5323
298,9.933,473,259.9,118.4,292.5,179.0,0.5810
298,9.933,466,76.0,135.5,101.7,200.8,0.5046
298,9.933,475,304.1,132.8,328.7,169.6,0.5566
298,9.933,481,49.1,131.8,69.9,177.5,0.4302
299,9.967,204,741.9,95.5,868.0,469.8,0.8880
299,9.967,245,555.5,132.4,584.4,207.4,0.7441
299,9.967,335,849.2,81.8,960.0,492.0,0.8597
299,9.967,353,588.2,131.1,610.5,190.7,0.4933
299,9.967,332,421.8,122.3,454.4,220.0,0.6698
299,9.967,469,466.7,130.7,486.9,198.1,0.5016
299,9.967,414,523.8,123.5,548.1,194.2,0.5206
299,9.967,473,258.6,118.6,290.8,178.6,0.5830
299,9.967,466,75.9,134.9,101.2,199.8,0.5343
299,9.967,475,303.5,132.3,328.1,169.2,0.4701
299,9.967,481,48.5,133.3,68.8,177.9,0.2872
300,10.000,204,739.3,96.3,867.2,473.1,0.8961
300,10.000,245,555.9,134.0,584.5,208.0,0.7425
300,10.000,335,851.2,84.2,960.0,493.9,0.8607
300,10.000,353,587.4,131.7,609.8,191.7,0.5299
300,10.000,332,420.0,121.3,453.2,220.9,0.6294
300,10.000,469,465.1,132.3,485.5,199.9,0.5563
300,10.000,414,523.2,125.0,547.4,195.4,0.5451
300,10.000,473,256.6,119.2,288.6,179.0,0.5758
300,10.000,466,75.0,132.6,101.1,199.6,0.3471
300,10.000,468,168.5,125.1,201.8,222.0,0.4530
301,10.033,204,738.6,99.6,867.6,477.1,0.9046
301,10.033,245,555.9,133.6,584.4,207.4,0.7143
301,10.033,335,857.3,87.5,960.0,476.9,0.8393
301,10.033,353,586.4,131.4,608.8,191.4,0.6266
301,10.033,332,417.4,120.8,450.9,221.1,0.7273
301,10.033,469,463.8,131.7,484.7,200.3,0.5174
301,10.033,414,522.5,125.5,546.7,195.6,0.5956
301,10.033,473,252.0,118.9,283.9,178.7,0.5890
301,10.033,466,71.7,132.3,97.1,198.6,0.5627
301,10.033,475,299.9,133.4,324.4,169.6,0.5100
302,10.067,204,739.1,104.3,867.1,477.3,0.8936
302,10.067,245,556.1,133.5,584.4,207.1,0.6847
302,10.067,335,861.5,88.8,960.0,463.8,0.8642
302,10.067,353,585.4,131.4,607.9,191.6,0.5316
302,10.067,332,416.0,122.6,448.7,221.3,0.6739
302,10.067,469,463.1,133.4,483.4,200.6,0.3780
302,10.067,414,521.5,125.8,546.0,196.4,0.6843
302,10.067,473,248.7,118.4,280.8,179.0,0.5573
302,10.067,466,68.9,132.3,93.8,198.4,0.4485
302,10.067,475,298.0,132.8,322.9,169.7,0.4356
302,10.067,468,160.9,126.9,194.2,221.1,0.4895
303,10.100,204,739.5,107.3,867.5,479.8,0.8922
303,10.100,245,556.5,134.2,584.5,207.1,0.6719
303,10.100,335,863.4,90.6,960.0,461.8,0.8811
303,10.100,353,584.9,131.6,607.0,191.2,0.5987
303,10.100,332,415.1,122.5,447.6,220.2,0.6743
303,10.100,469,462.8,135.2,482.3,199.9,0.4255
303,10.100,414,520.8,126.3,545.4,196.6,0.6840
303,10.100,473,244.0,118.0,276.4,178.8,0.6184
303,10.100,466,66.8,132.1,91.4,198.8,0.5437
303,10.100,475,297.1,132.6,322.0,169.6,0.4737
304,10.133,204,737.1,107.2,866.0,483.2,0.8804
304,10.133,245,555.8,134.8,583.4,206.8,0.6664
304,10.133,335,865.3,91.5,960.0,463.8,0.8729
304,10.133,353,584.5,131.5,606.1,190.0,0.5634
304,10.133,332,413.3,121.4,446.0,220.4,0.6893
304,10.133,469,462.2,135.3,481.4,199.1,0.4343
304,10.133,414,520.3,126.3,545.0,196.6,0.6240
304,10.133,473,241.9,118.0,274.0,178.5,0.5703
304,10.133,466,64.3,131.1,88.7,198.0,0.5476
304,10.133,475,295.7,132.4,320.5,169.3,0.4058
305,10.167,204,736.8,109.2,864.8,483.8,0.8638
305,10.167,245,555.2,135.4,582.9,207.5,0.6462
305,10.167,335,864.8,91.7,960.0,483.1,0.8654
305,10.167,353,584.2,131.9,605.2,188.9,0.5788
305,10.167,332,411.0,120.8,443.9,220.8,0.7500
305,10.167,469,460.1,133.6,480.1,199.2,0.4994
305,10.167,414,518.6,125.9,543.4,196.4,0.5995
305,10.167,473,238.7,117.5,270.9,178.3,0.5252
305,10.167,466,61.5,130.8,85.4,197.0,0.5417
305,10.167,475,293.2,132.6,317.4,168.9,0.3686
305,10.167,468,142.5,125.2,186.8,246.7,0.3959
306,10.200,204,737.9,108.2,862.6,474.8,0.8590
306,10.200,245,552.8,135.2,580.7,207.7,0.7478
306,10.200,335,867.0,91.0,960.0,481.7,0.8790
306,10.200,353,580.9,131.4,601.5,186.6,0.5501
306,10.200,332,406.4,120.6,439.7,222.2,0.7589
306,10.200,469,457.6,132.9,477.7,199.0,0.6014
306,10.200,414,515.8,125.3,540.8,196.3,0.6828
306,10.200,473,231.5,116.0,264.4,178.5,0.5962
306,10.200,466,55.5,129.4,79.1,196.0,0.4616
306,10.200,475,289.3,131.9,313.5,168.3,0.3268
306,10.200,468,136.2,121.4,177.7,233.2,0.4074
307,10.233,204,737.4,105.6,860.9,470.5,0.8616
307,10.233,245,551.6,134.7,579.7,207.6,0.7711
307,10.233,335,867.4,90.4,960.0,483.0,0.8765
307,10.233,353,579.5,130.8,599.7,185.2,0.5619
307,10.233,332,403.2,121.6,436.8,223.8,0.8157
307,10.233,469,455.7,132.8,475.6,198.1,0.6071
307,10.233,414,513.5,124.8,538.7,196.5,0.5545
307,10.233,473,228.2,116.3,260.9,178.4,0.6387
307,10.233,466,51.7,128.5,75.6,196.4,0.4997
307,10.233,475,286.3,131.0,311.1,168.4,0.5670
307,10.233,468,131.4,120.9,171.0,226.1,0.5984
308,10.267,204,737.5,103.4,860.4,468.5,0.8712
308,10.267,245,550.6,133.9,579.2,208.1,0.7827
308,10.267,335,866.2,90.1,960.0,485.9,0.8822
308,10.267,353,578.2,131.1,598.8,186.9,0.5949
308,10.267,332,400.4,121.2,434.2,224.4,0.8034
308,10.267,469,453.1,131.6,474.0,199.6,0.6739
308,10.267,414,511.1,125.9,536.1,197.3,0.6560
308,10.267,473,223.5,115.1,256.3,178.1,0.5273
308,10.267,466,48.6,129.8,71.6,196.1,0.4738
308,10.267,475,283.9,130.6,308.9,168.7,0.4997
308,10.267,468,130.1,123.4,167.8,223.7,0.4820
308,10.267,500,360.8,131.5,381.6,194.8,0.3972
309,10.300,204,737.8,102.3,860.7,469.2,0.8718
309,10.300,245,549.8,134.5,578.4,209.0,0.7875
309,10.300,335,864.8,90.4,960.0,490.3,0.8792
309,10.300,353,576.9,132.4,597.8,189.2,0.5667
309,10.300,332,398.0,121.7,431.7,225.1,0.8132
309,10.300,469,451.8,132.1,473.0,201.1,0.5959
309,10.300,414,510.0,126.5,535.2,198.6,0.6252
309,10.300,473,219.3,117.1,251.1,179.0,0.5347
309,10.300,466,45.3,130.7,68.2,197.3,0.5383
309,10.300,475,282.6,133.0,306.5,169.5,0.3362
309,10.300,468,122.9,122.6,162.0,225.9,0.4757
310,10.333,204,739.0,101.9,861.2,468.1,0.8663
310,10.333,245,549.6,135.5,578.0,210.2,0.7884
310,10.333,335,864.5,91.3,960.0,494.2,0.8805
310,10.333,353,576.1,133.6,596.9,190.3,0.6150
310,10.333,332,395.9,124.1,429.2,226.2,0.7380
310,10.333,469,450.8,133.5,472.2,203.2,0.6015
310,10.333,414,509.0,127.3,534.5,200.3,0.6524
310,10.333,473,216.9,118.6,248.5,181.2,0.5022
310,10.333,466,42.8,131.4,65.8,199.4,0.5726
310,10.333,475,281.3,134.6,304.8,170.8,0.3843
310,10.333,468,123.0,124.9,161.1,227.4,0.3877
311,10.367,204,741.8,104.1,864.8,475.5,0.8687
311,10.367,245,550.0,136.5,578.6,212.6,0.8108
311,10.367,335,864.5,93.6,960.0,504.4,0.8649
311,10.367,353,575.9,135.4,596.3,191.0,0.6627
311,10.367,332,393.1,126.8,426.4,228.7,0.7835
311,10.367,469,450.3,135.7,471.4,204.4,0.6364
311,10.367,414,508.2,128.5,534.0,202.4,0.5892
311,10.367,473,211.6,117.3,245.4,184.8,0.6051
311,10.367,466,39.5,133.1,63.1,202.6,0.5228
311,10.367,475,279.5,136.2,303.8,173.8,0.5176
311,10.367,468,119.2,127.7,156.9,230.5,0.2956
312,10.400,204,743.6,106.4,866.8,482.5,0.8477
312,10.400,245,550.8,137.2,578.9,212.9,0.7399
312,10.400,335,866.3,95.1,960.0,505.0,0.8211
312,10.400,353,576.0,136.5,595.3,188.9,0.4489
312,10.400,332,392.1,128.1,424.7,226.8,0.6876
312,10.400,414,508.2,130.0,533.8,203.3,0.5249
312,10.400,473,206.1,116.4,241.3,186.7,0.6096
312,10.400,466,38.6,134.4,62.4,204.8,0.4215
312,10.400,475,279.7,138.9,303.4,175.1,0.3534
312,10.400,468,113.0,125.4,152.6,233.3,0.5871
313,10.433,204,745.8,108.9,868.7,489.3,0.8409
313,10.433,245,550.2,138.7,578.1,214.6,0.7448
313,10.433,335,864.5,96.8,960.0,512.1,0.8525
313,10.433,353,574.9,136.9,596.2,194.4,0.5333
313,10.433,332,389.4,130.7,421.9,227.7,0.6174
313,10.433,469,449.8,142.8,469.5,206.7,0.3303
313,10.433,414,508.5,131.3,535.0,206.5,0.6725
313,10.433,473,205.0,123.4,238.5,189.5,0.4426
313,10.433,466,36.1,137.3,60.2,208.1,0.5300
313,10.433,513,92.2,144.4,118.0,234.5,0.4291
314,10.467,204,750.2,111.5,873.2,496.0,0.8569
314,10.467,245,551.4,141.6,578.7,215.5,0.7815
314,10.467,335,866.7,98.7,960.0,513.7,0.8528
314,10.467,353,576.6,139.2,597.4,195.6,0.6075
314,10.467,332,388.6,130.6,422.3,230.4,0.6628
314,10.467,469,450.0,142.6,470.3,208.3,0.4957
314,10.467,414,509.2,133.5,535.6,208.0,0.6578
314,10.467,473,204.4,124.8,237.8,191.2,0.6496
314,10.467,466,36.6,139.0,60.8,210.0,0.5144
314,10.467,475,278.7,142.8,302.8,179.3,0.3332
314,10.467,513,91.7,148.0,116.9,235.9,0.4907
315,10.500,204,755.1,112.6,877.7,499.3,0.8697
315,10.500,245,553.8,141.6,581.3,215.9,0.6833
315,10.500,335,870.2,97.9,960.0,512.7,0.8182
315,10.500,353,578.0,139.2,598.9,196.1,0.6644
315,10.500,332,389.2,129.6,423.7,232.0,0.7244
315,10.500,469,451.7,142.9,471.8,208.2,0.4666
315,10.500,414,510.8,134.9,536.6,207.6,0.6124
315,10.500,473,204.4,125.1,237.9,192.0,0.6536
315,10.500,466,36.2,140.4,60.7,211.5,0.5080
315,10.500,475,279.4,144.0,303.2,180.3,0.4157
315,10.500,513,90.9,141.4,118.7,238.0,0.4266
316,10.533,204,763.2,114.0,885.2,501.5,0.8604
316,10.533,245,556.6,142.4,583.8,215.9,0.7317
316,10.533,335,879.0,99.3,960.0,487.7,0.8778
316,10.533,353,581.9,139.6,601.9,194.1,0.6809
316,10.533,332,390.0,128.9,425.5,234.7,0.7168
316,10.533,469,453.8,142.1,474.3,209.0,0.5251
316,10.533,414,513.4,134.4,539.1,206.9,0.5956
316,10.533,473,204.1,123.3,238.4,192.5,0.6682
316,10.533,466,37.1,141.7,61.7,212.9,0.4888
316,10.533,468,101.0,136.3,144.4,242.5,0.4905
316,10.533,513,89.7,140.3,118.7,240.7,0.3510
317,10.567,204,769.2,113.5,890.7,501.8,0.8697
317,10.567,245,559.4,142.5,586.7,216.1,0.7622
317,10.567,335,887.6,104.3,960.0,479.9,0.7681
317,10.567,353,585.8,138.9,605.5,192.6,0.6057
317,10.567,332,391.2,128.8,426.7,234.8,0.7408
317,10.567,414,515.8,133.8,541.3,206.1,0.5818
317,10.567,473,204.3,122.6,238.6,192.3,0.6908
317,10.567,466,39.6,141.7,64.2,212.9,0.4502
317,10.567,468,101.3,133.4,146.5,243.6,0.5137
317,10.567,513,86.8,141.4,116.3,241.6,0.4678
318,10.600,204,773.1,112.8,893.9,501.6,0.8673
318,10.600,245,562.0,141.9,589.4,215.0,0.6821
318,10.600,335,903.2,146.5,960.0,471.3,0.6118
318,10.600,353,588.5,137.1,609.8,195.4,0.5372
318,10.600,332,391.9,128.9,427.1,233.7,0.7504
318,10.600,414,519.1,133.0,545.1,206.6,0.5846
318,10.600,473,204.2,121.3,238.9,192.2,0.7102
318,10.600,466,41.8,141.9,65.9,212.1,0.4791
318,10.600,468,101.3,129.6,148.4,243.6,0.5175
318,10.600,513,85.5,139.0,116.0,242.4,0.2753
318,10.600,520,286.5,143.5,309.5,180.3,0.4837
318,10.600,521,423.2,134.8,447.5,191.5,0.4932
319,10.633,204,778.8,111.1,893.8,481.8,0.8519
319,10.633,245,564.4,141.4,591.3,212.8,0.6745
319,10.633,335,912.4,165.1,960.0,457.5,0.5783
319,10.633,353,590.3,136.0,611.3,193.6,0.5723
319,10.633,332,392.4,129.6,427.4,233.2,0.7468
319,10.633,414,520.8,131.0,547.3,206.0,0.6568
319,10.633,473,204.1,120.0,238.9,191.9,0.6751
319,10.633,466,44.0,141.8,67.7,211.4,0.4579
319,10.633,468,100.7,127.8,148.8,243.9,0.5808
319,10.633,513,84.2,141.3,114.0,242.4,0.3338
319,10.633,520,288.2,143.8,310.2,179.1,0.5033
319,10.633,521,421.5,133.9,450.2,200.7,0.5034
319,10.633,433,457.8,137.0,481.7,207.9,0.4432
320,10.667,204,782.5,108.0,895.0,470.0,0.8624
320,10.667,245,565.9,139.8,592.9,211.6,0.6952
320,10.667,335,918.6,168.5,960.0,440.3,0.5488
320,10.667,353,591.8,135.0,612.8,192.4,0.5433
320,10.667,332,392.0,128.8,427.5,233.0,0.7851
320,10.667,414,522.4,129.7,549.1,205.0,0.6338
320,10.667,473,204.0,119.9,238.5,191.3,0.6421
320,10.667,466,45.2,141.1,68.6,210.4,0.4802
320,10.667,468,98.5,126.5,147.3,243.4,0.6229
320,10.667,513,82.7,140.8,112.5,242.0,0.4989
320,10.667,520,290.2,143.9,311.3,177.8,0.4069
320,10.667,521,421.3,133.4,452.0,205.4,0.4904
320,10.667,433,459.0,139.0,481.1,205.9,0.4821
321,10.700,204,786.1,101.8,900.7,470.4,0.8912
321,10.700,245,568.6,136.2,596.0,209.2,0.7872
321,10.700,353,595.9,133.7,616.2,189.0,0.5827
321,10.700,332,392.1,127.7,428.2,234.1,0.7665
321,10.700,414,525.1,128.5,551.8,203.5,0.6870
321,10.700,473,204.3,118.7,238.7,190.3,0.6425
321,10.700,466,46.4,140.0,69.8,210.0,0.5225
321,10.700,468,95.6,125.8,144.9,243.2,0.6542
321,10.700,520,292.3,142.5,313.4,176.1,0.4258
321,10.700,521,421.8,130.4,454.1,206.8,0.3539
321,10.700,433,461.4,136.8,483.2,203.3,0.4865
322,10.733,204,789.8,98.7,905.0,468.2,0.8903
322,10.733,245,570.3,134.6,597.7,207.9,0.7796
322,10.733,353,598.6,133.5,618.7,188.5,0.6288
322,10.733,332,391.8,127.5,428.6,235.6,0.7554
322,10.733,414,526.2,127.5,552.9,202.7,0.6556
322,10.733,473,204.0,118.6,238.2,190.1,0.6004
322,10.733,466,46.7,139.5,70.1,210.3,0.5219
322,10.733,468,92.1,127.5,140.7,243.7,0.6197
322,10.733,520,293.4,141.8,314.5,175.5,0.3713
322,10.733,521,422.7,128.1,455.3,206.1,0.3559
322,10.733,433,462.5,135.7,484.3,201.8,0.4732
322,10.733,532,263.2,137.6,285.6,176.9,0.4583
323,10.767,204,793.9,96.6,910.8,470.4,0.8829
323,10.767,245,572.6,133.0,600.4,207.2,0.8075
323,10.767,353,601.3,132.0,620.9,185.8,0.4822
323,10.767,332,391.3,127.4,428.6,237.1,0.7213
323,10.767,414,527.9,126.2,554.9,202.1,0.6601
323,10.767,473,203.8,117.9,237.9,189.7,0.6076
323,10.767,466,47.1,138.9,70.1,209.2,0.4665
323,10.767,468,89.5,125.6,138.7,243.7,0.6220
323,10.767,520,293.8,140.5,315.7,175.5,0.3765
323,10.767,521,424.0,127.1,456.8,206.3,0.5190
323,10.767,433,462.8,134.1,485.2,202.0,0.4928
323,10.767,533,930.8,262.0,956.5,474.5,0.3940
324,10.800,204,797.8,95.1,916.1,472.0,0.8844
324,10.800,245,574.7,132.5,602.6,206.7,0.7908
324,10.800,353,603.3,130.7,623.4,185.8,0.5339
324,10.800,332,390.3,126.0,428.8,240.2,0.6619
324,10.800,414,529.5,125.6,556.9,202.4,0.6200
324,10.800,473,203.8,118.3,237.6,189.4,0.6183
324,10.800,466,48.8,139.4,71.6,209.3,0.4655
324,10.800,468,89.5,124.9,138.6,243.1,0.4456
324,10.800,521,425.7,127.9,457.1,204.5,0.5447
324,10.800,433,464.3,133.2,486.6,201.6,0.4351
325,10.833,204,799.2,94.0,919.7,475.8,0.8569
325,10.833,245,577.0,133.0,604.7,207.1,0.7407
325,10.833,353,605.1,131.4,624.6,184.8,0.5647
325,10.833,332,389.5,125.5,428.7,242.0,0.6195
325,10.833,414,530.8,126.9,557.9,203.4,0.5698
325,10.833,473,203.5,120.3,236.6,190.1,0.5818
325,10.833,466,48.8,139.7,71.9,210.0,0.5390
325,10.833,468,87.1,123.8,136.7,244.0,0.5606
325,10.833,520,295.1,139.0,318.1,176.3,0.3383
325,10.833,521,427.8,129.6,457.9,204.0,0.6061
325,10.833,433,465.3,132.6,487.9,202.8,0.3579
325,10.833,532,269.5,136.0,292.7,176.3,0.4332
325,10.833,513,75.9,139.6,96.0,206.7,0.4351
326,10.867,204,800.8,95.5,925.1,485.2,0.8726
326,10.867,245,580.3,134.9,607.6,208.3,0.6848
326,10.867,353,608.4,132.9,627.2,184.5,0.5299
326,10.867,332,390.4,125.2,427.1,233.8,0.6683
326,10.867,414,532.8,127.6,560.1,204.2,0.6050
326,10.867,473,201.6,120.8,235.1,190.6,0.6127
326,10.867,466,48.5,139.5,71.5,208.8,0.5150
326,10.867,468,84.0,124.3,134.0,245.0,0.6174
326,10.867,520,296.0,140.2,318.7,177.1,0.3793
326,10.867,521,430.6,132.2,458.9,203.2,0.6198
326,10.867,433,466.8,133.9,489.1,203.7,0.5580
326,10.867,532,270.8,136.6,294.1,177.0,0.4452
327,10.900,204,804.0,96.4,930.6,490.8,0.8759
327,10.900,245,582.5,136.7,609.7,209.7,0.7339
327,10.900,353,609.9,134.2,629.4,187.4,0.5983
327,10.900,332,390.4,127.3,426.6,233.2,0.5828
327,10.900,414,534.4,129.2,561.8,206.3,0.6111
327,10.900,473,201.7,122.5,235.2,192.0,0.6038
327,10.900,466,49.7,140.8,71.7,206.6,0.5345
327,10.900,468,81.7,125.9,133.0,247.9,0.6184
327,10.900,521,431.9,134.0,459.6,204.2,0.6746
327,10.900,433,469.1,139.2,489.8,204.6,0.4395
327,10.900,532,272.1,137.8,295.3,178.2,0.4620
328,10.933,204,806.9,99.5,935.6,497.0,0.8849
328,10.933,245,583.4,137.7,610.3,210.1,0.7053
328,10.933,353,611.0,135.3,630.4,188.3,0.6293
328,10.933,332,389.5,126.4,425.5,230.7,0.6811
328,10.933,414,535.6,129.8,563.0,206.3,0.6684
328,10.933,473,200.8,122.9,234.8,192.8,0.6178
328,10.933,466,49.9,141.0,71.6,205.6,0.5007
328,10.933,468,78.1,127.0,130.4,249.6,0.6624
328,10.933,520,296.7,142.7,318.7,179.4,0.3157
328,10.933,521,432.9,134.7,460.1,203.9,0.6391
328,10.933,433,470.2,141.0,490.3,204.4,0.4470
328,10.933,532,273.2,138.7,296.5,179.3,0.6696
329,10.967,204,810.6,102.2,941.1,501.5,0.8885
329,10.967,245,584.7,139.2,611.9,212.4,0.7570
329,10.967,353,612.6,136.2,631.9,188.8,0.4746
329,10.967,332,389.5,127.9,425.2,230.2,0.6605
329,10.967,414,536.6,131.2,563.6,207.1,0.6522
329,10.967,473,200.8,123.5,235.1,193.5,0.6071
329,10.967,466,50.1,141.6,71.7,205.9,0.4575
329,10.967,468,76.5,129.8,129.2,251.3,0.6732
329,10.967,520,297.8,142.8,319.9,180.2,0.2872
329,10.967,521,433.9,135.8,460.9,205.3,0.5697
329,10.967,433,472.4,141.8,492.2,205.0,0.4223
329,10.967,532,274.7,139.3,298.0,180.1,0.5241
330,11.000,204,815.6,104.1,947.0,504.5,0.8845
330,11.000,245,586.0,138.3,613.4,212.8,0.7356
330,11.000,353,613.9,136.3,633.7,190.8,0.4561
330,11.000,332,387.7,127.1,424.3,231.0,0.7300
330,11.000,414,537.5,131.6,564.2,207.0,0.6304
330,11.000,473,200.8,124.0,235.3,193.7,0.6503
330,11.000,466,49.6,140.8,71.6,206.9,0.3702
330,11.000,468,74.4,130.1,128.1,252.8,0.6946
330,11.000,520,298.4,142.7,320.5,180.4,0.3288
330,11.000,521,434.7,135.8,461.7,205.5,0.5247
330,11.000,433,473.7,141.2,493.6,205.2,0.3746
330,11.000,532,275.5,139.4,298.9,180.3,0.5937
331,11.033,204,822.8,107.6,954.1,506.6,0.8914
331,11.033,245,588.1,138.6,615.7,213.7,0.7455
331,11.033,353,615.0,137.0,635.5,193.9,0.6115
331,11.033,332,386.2,127.5,423.7,233.1,0.7590
331,11.033,414,538.9,132.6,565.0,206.7,0.6124
331,11.033,473,199.5,124.3,234.3,193.9,0.6028
331,11.033,468,70.2,129.2,124.9,253.9,0.7642
331,11.033,520,299.5,142.9,321.2,180.3,0.3776
331,11.033,521,435.5,135.8,462.7,207.1,0.4186
331,11.033,433,475.0,141.5,495.2,206.6,0.5433
331,11.033,532,276.6,139.6,300.0,180.5,0.6214
332,11.067,204,827.5,108.9,958.9,508.9,0.8876
332,11.067,245,589.3,138.9,616.9,214.4,0.7397
332,11.067,353,615.5,137.4,636.1,195.0,0.5508
332,11.067,332,385.2,127.5,422.9,233.6,0.7820
332,11.067,414,539.8,132.9,565.7,206.7,0.6619
332,11.067,473,197.9,124.1,233.2,194.0,0.6291
332,11.067,468,66.6,127.6,122.1,254.0,0.7325
332,11.067,520,299.7,142.8,321.3,180.4,0.4444
332,11.067,521,435.7,135.7,463.2,208.7,0.3222
332,11.067,433,475.5,141.0,495.9,207.3,0.4847
332,11.067,532,277.0,140.3,300.2,180.7,0.6352
333,11.100,204,830.8,110.4,960.0,512.1,0.8805
333,11.100,245,590.1,139.0,617.6,214.6,0.7555
333,11.100,353,615.4,137.9,636.1,195.7,0.5676
333,11.100,332,382.4,127.4,421.0,235.4,0.7935
333,11.100,414,539.9,133.2,565.7,206.7,0.6514
333,11.100,473,197.6,125.4,232.4,194.0,0.5061
333,11.100,468,63.7,127.0,119.7,254.5,0.7976
333,11.100,520,299.0,142.4,320.6,180.4,0.3806
333,11.100,521,435.9,135.1,463.7,210.2,0.3221
333,11.100,433,475.4,140.6,496.1,208.1,0.6435
333,11.100,532,276.3,140.3,299.7,180.9,0.5857
334,11.133,204,833.8,110.7,960.0,510.3,0.8889
334,11.133,245,590.2,138.5,617.6,214.2,0.7683
334,11.133,353,615.3,138.0,636.1,195.9,0.6118
334,11.133,332,380.3,127.4,418.9,235.4,0.8144
334,11.133,414,539.6,133.0,565.2,206.6,0.6190
334,11.133,473,196.9,126.4,231.3,194.1,0.7104
334,11.133,466,45.6,140.5,67.8,207.2,0.3514
334,11.133,468,59.7,125.8,116.2,254.3,0.8012
334,11.133,520,298.4,141.4,320.1,180.0,0.3602
334,11.133,521,436.1,135.3,463.1,209.6,0.4452
334,11.133,433,474.6,139.6,495.7,208.4,0.6629
334,11.133,532,275.8,139.8,299.0,180.2,0.6806
335,11.167,204,836.9,110.6,960.0,503.0,0.8911
335,11.167,245,589.7,137.6,617.4,214.5,0.7436
335,11.167,353,615.3,137.5,636.0,195.9,0.5959
335,11.167,332,378.5,127.0,417.2,234.2,0.7728
335,11.167,414,538.9,132.8,564.9,207.1,0.6394
335,11.167,473,195.0,126.2,229.2,193.2,0.4470
335,11.167,466,42.7,140.1,68.3,216.1,0.4359
335,11.167,468,59.0,124.5,115.3,254.3,0.7169
335,11.167,520,297.4,140.8,318.9,179.5,0.3560
335,11.167,521,434.9,134.5,461.8,209.2,0.5224
335,11.167,433,473.5,137.9,495.0,207.9,0.6158
335,11.167,532,275.1,139.1,298.3,179.2,0.6600
336,11.200,204,840.5,110.0,960.0,494.7,0.9045
336,11.200,245,588.5,140.1,615.6,215.1,0.7901
336,11.200,353,615.0,138.5,635.2,195.3,0.4954
336,11.200,332,374.8,127.9,414.0,235.1,0.7879
336,11.200,414,537.4,134.0,563.7,209.2,0.6476
336,11.200,473,190.7,124.8,226.6,194.5,0.6341
336,11.200,468,46.7,124.6,103.8,256.5,0.6580
336,11.200,520,295.2,142.0,316.5,180.2,0.4207
336,11.200,521,433.6,134.0,460.1,208.6,0.6418
336,11.200,433,472.2,139.2,493.5,208.6,0.5628
336,11.200,532,273.7,139.4,297.2,180.2,0.6594
337,11.233,204,842.2,109.5,960.0,493.4,0.9031
337,11.233,245,587.0,141.5,614.0,215.8,0.8194
337,11.233,353,614.6,139.5,634.6,195.8,0.5181
337,11.233,332,371.6,128.4,411.6,237.3,0.8173
337,11.233,414,536.7,134.7,563.2,210.1,0.6314
337,11.233,473,187.4,125.2,223.5,194.9,0.6110
337,11.233,468,38.7,123.8,95.9,257.8,0.7055
337,11.233,520,293.1,143.1,313.9,180.5,0.3506
337,11.233,521,432.1,135.0,458.5,210.0,0.6171
337,11.233,433,470.9,140.4,492.0,209.6,0.5758
337,11.233,532,272.0,139.8,295.6,180.5,0.6499
337,11.233,553,26.2,135.6,56.7,255.6,0.4421
338,11.267,204,843.3,109.7,960.0,496.6,0.9049
338,11.267,245,585.0,143.1,612.1,217.3,0.7602
338,11.267,353,613.8,141.8,633.3,197.1,0.5136
338,11.267,332,368.8,128.5,410.2,240.9,0.7806
338,11.267,414,536.2,135.5,563.3,211.7,0.6383
338,11.267,473,184.8,125.4,221.7,196.3,0.6568
338,11.267,468,33.2,124.8,90.6,259.5,0.7932
338,11.267,520,291.1,143.7,312.7,182.8,0.4772
338,11.267,521,431.2,136.5,457.0,210.8,0.4956
338,11.267,433,469.2,140.9,490.7,211.9,0.6356
338,11.267,532,270.0,141.4,293.8,182.4,0.4500
339,11.300,204,843.7,110.3,960.0,503.1,0.9110
339,11.300,245,583.2,144.4,610.7,219.4,0.7603
339,11.300,353,612.6,144.2,632.2,199.6,0.5615
339,11.300,332,367.1,129.1,408.1,240.3,0.7692
339,11.300,414,535.2,135.7,562.8,213.2,0.6490
339,11.300,473,182.9,126.2,220.1,197.5,0.7043
339,11.300,468,28.3,125.0,86.6,262.0,0.7572
339,11.300,520,289.7,146.7,310.5,184.3,0.3475
339,11.300,521,430.7,138.1,456.0,211.3,0.4949
339,11.300,433,467.7,141.3,489.5,214.0,0.6082
339,11.300,532,268.4,142.4,292.3,184.1,0.5927
339,11.300,553,14.2,136.0,45.4,258.2,0.2727
340,11.333,204,844.1,111.1,960.0,508.4,0.9110
340,11.333,245,582.3,146.7,609.6,220.5,0.7589
340,11.333,353,611.8,146.1,631.5,201.9,0.5559
340,11.333,332,365.0,130.6,406.4,242.2,0.8022
340,11.333,414,534.1,137.1,562.3,215.4,0.6400
340,11.333,473,181.6,129.6,218.0,198.9,0.7047
340,11.333,468,22.1,126.4,80.5,263.0,0.7586
340,11.333,520,288.0,145.0,310.4,185.7,0.2503
340,11.333,521,429.0,139.4,454.6,213.4,0.4663
340,11.333,433,467.1,143.8,488.6,215.4,0.6180
340,11.333,532,267.2,144.0,291.3,185.9,0.5587
341,11.367,204,845.7,115.4,960.0,521.5,0.8963
341,11.367,245,580.7,149.5,608.5,224.1,0.7298
341,11.367,353,610.9,148.5,630.7,204.9,0.5671
341,11.367,332,360.2,133.1,402.6,246.3,0.8208
341,11.367,414,533.3,140.7,561.5,218.9,0.6194
341,11.367,473,179.0,132.8,215.7,201.7,0.7025
341,11.367,468,16.5,129.0,75.2,267.4,0.7956
341,11.367,521,428.1,144.2,452.5,215.4,0.3888
341,11.367,433,465.9,146.4,487.7,218.7,0.6619
341,11.367,532,265.5,147.1,289.3,188.5,0.4272
342,11.400,204,848.2,119.5,960.0,527.2,0.9056
342,11.400,245,579.9,153.1,607.5,226.7,0.7295
342,11.400,353,611.3,151.8,630.5,206.5,0.6022
342,11.400,332,357.4,134.9,400.0,247.9,0.8186
342,11.400,414,532.9,144.0,560.8,220.9,0.5834
342,11.400,473,176.9,134.8,214.6,205.2,0.7117
342,11.400,468,9.8,131.1,68.9,268.8,0.8096
342,11.400,433,465.5,150.0,486.9,220.8,0.4126
342,11.400,532,264.7,149.2,289.2,191.6,0.4512
342,11.400,520,287.3,152.1,308.7,191.1,0.3999
343,11.433,204,851.0,123.8,960.0,531.4,0.9128
343,11.433,245,580.1,154.6,607.7,227.7,0.7585
343,11.433,353,612.5,154.2,631.8,209.6,0.5448
343,11.433,332,355.8,135.1,399.8,251.8,0.8014
343,11.433,414,532.9,145.3,561.6,223.9,0.6435
343,11.433,473,176.3,135.7,214.9,207.4,0.7369
343,11.433,468,6.4,133.9,66.1,272.4,0.7983
343,11.433,433,466.0,151.6,487.4,222.0,0.5198
343,11.433,532,264.5,151.6,288.7,193.4,0.3676
343,11.433,564,546.9,151.3,564.3,224.3,0.4471
343,11.433,520,286.7,154.5,307.8,192.9,0.3701
344,11.467,204,854.0,126.9,960.0,535.8,0.8980
344,11.467,245,580.4,156.2,608.3,229.6,0.7753
344,11.467,353,614.2,155.3,633.8,211.2,0.4680
344,11.467,332,353.5,135.2,399.1,255.6,0.8127
344,11.467,414,533.8,145.8,563.3,226.3,0.6680
344,11.467,473,175.0,135.5,214.9,209.0,0.6346
344,11.467,468,3.3,135.2,63.7,274.4,0.8115
344,11.467,521,426.1,149.4,450.8,221.2,0.3474
344,11.467,433,466.0,152.6,487.5,223.2,0.6967
344,11.467,532,265.1,153.0,289.3,194.4,0.3014
345,11.500,204,856.8,130.2,960.0,538.2,0.9028
345,11.500,245,579.8,156.8,608.4,231.8,0.7967
345,11.500,353,614.6,157.0,634.1,213.3,0.5345
345,11.500,332,350.9,135.3,397.9,260.2,0.7492
345,11.500,414,533.8,146.8,563.5,227.5,0.6729
345,11.500,473,173.8,135.7,214.5,210.5,0.6778
345,11.500,468,0.1,136.7,61.3,277.4,0.8625
345,11.500,521,425.9,149.7,450.9,222.4,0.3324
345,11.500,433,465.3,153.9,486.9,224.0,0.5581
345,11.500,520,283.8,155.1,306.3,196.1,0.2970
346,11.533,204,861.6,130.4,960.0,531.9,0.8752
346,11.533,245,580.1,156.9,609.1,232.6,0.7881
346,11.533,353,616.2,158.2,635.8,215.2,0.6267
346,11.533,332,344.5,135.3,394.6,268.5,0.7590
346,11.533,414,533.9,147.1,564.0,228.9,0.6698
346,11.533,473,174.1,136.6,215.2,211.9,0.6250
346,11.533,468,0.0,133.5,59.7,279.5,0.8597
346,11.533,521,426.2,149.7,451.3,223.1,0.3773
346,11.533,433,465.5,154.9,487.4,225.4,0.6485
346,11.533,520,283.2,155.2,306.3,197.0,0.3676
347,11.567,204,864.5,130.7,960.0,527.3,0.8762
347,11.567,245,580.3,157.4,609.0,232.1,0.7916
347,11.567,353,616.5,159.9,636.1,217.5,0.5432
347,11.567,332,339.7,136.5,391.5,273.6,0.7748
347,11.567,414,533.8,149.0,563.6,229.9,0.6791
347,11.567,473,172.1,138.0,214.0,213.6,0.6619
347,11.567,468,0.0,134.0,56.1,281.5,0.7589
347,11.567,433,464.7,152.1,487.9,226.9,0.4629
347,11.567,520,281.5,156.1,305.0,198.0,0.4631
348,11.600,204,865.1,129.6,960.0,534.9,0.8908
348,11.600,245,580.4,157.7,608.8,231.4,0.7661
348,11.600,353,616.8,160.1,636.4,218.4,0.5536
348,11.600,332,335.8,137.4,388.5,276.3,0.7936
348,11.600,414,533.7,150.3,563.3,230.4,0.6666
348,11.600,473,171.2,138.3,213.7,214.1,0.6724
348,11.600,468,0.0,137.2,51.2,283.2,0.5478
348,11.600,521,425.9,150.9,449.6,220.3,0.3160
348,11.600,433,463.8,155.5,486.4,227.6,0.4442
348,11.600,520,280.2,157.2,303.5,198.2,0.3705
349,11.633,204,866.6,128.5,960.0,532.6,0.8918
349,11.633,245,580.7,158.0,608.9,231.1,0.7611
349,11.633,353,617.2,160.1,636.7,218.5,0.4866
349,11.633,332,333.7,137.9,387.3,279.0,0.7992
349,11.633,414,533.6,150.0,563.5,230.8,0.6500
349,11.633,473,170.0,138.1,213.4,214.4,0.6723
349,11.633,468,0.0,134.1,48.5,286.0,0.6194
349,11.633,521,425.5,150.7,449.3,220.4,0.3944
349,11.633,433,463.5,156.2,485.8,227.8,0.4151
349,11.633,520,280.6,156.1,305.0,197.9,0.4548
350,11.667,204,868.4,127.5,960.0,527.1,0.8903
350,11.667,245,580.8,157.9,609.1,230.9,0.7637
350,11.667,353,617.5,158.5,636.8,217.0,0.4408
350,11.667,332,331.4,135.4,386.1,280.1,0.8113
350,11.667,414,533.8,150.3,563.6,230.6,0.6855
350,11.667,473,169.8,137.5,214.0,213.8,0.6551
350,11.667,521,424.8,149.7,449.1,220.8,0.4374
350,11.667,433,462.7,156.8,484.7,227.1,0.5569
350,11.667,520,278.8,156.7,302.5,197.8,0.4501
350,11.667,568,17.5,152.1,36.7,228.3,0.5220
351,11.700,204,869.6,126.7,960.0,526.0,0.8919
351,11.700,245,580.1,159.5,608.3,232.4,0.7551
351,11.700,353,618.1,158.4,637.9,219.1,0.4816
351,11.700,332,327.8,136.8,381.8,280.2,0.8039
351,11.700,414,533.4,150.9,563.1,230.7,0.6449
351,11.700,473,170.9,136.3,216.2,214.2,0.7063
351,11.700,521,423.5,150.5,448.3,223.0,0.5221
351,11.700,433,461.7,158.9,482.8,226.6,0.4369
351,11.700,520,278.0,156.3,302.3,197.8,0.6484
351,11.700,568,11.8,151.5,31.5,228.9,0.6738
352,11.733,204,870.7,126.4,960.0,525.1,0.8846
352,11.733,245,579.7,160.3,607.7,233.2,0.7571
352,11.733,353,618.4,159.5,638.2,220.0,0.4869
352,11.733,332,325.0,137.9,378.3,279.9,0.7792
352,11.733,414,532.6,150.5,562.9,231.4,0.6610
352,11.733,473,171.9,135.1,218.2,214.4,0.7406
352,11.733,521,422.6,150.8,447.5,223.4,0.6500
352,11.733,433,460.5,159.8,481.3,226.5,0.4851
352,11.733,520,276.8,154.3,303.3,198.4,0.7006
352,11.733,568,7.9,152.0,27.9,229.6,0.6304
353,11.767,204,870.1,127.6,960.0,529.4,0.8763
353,11.767,245,579.4,161.3,607.4,234.2,0.7455
353,11.767,353,618.4,160.3,638.2,220.3,0.4608
353,11.767,332,324.4,140.2,376.3,278.6,0.8032
353,11.767,414,532.3,151.6,562.4,231.9,0.6551
353,11.767,473,172.1,134.9,219.2,215.3,0.7208
353,11.767,521,421.8,153.0,446.5,224.5,0.6689
353,11.767,433,459.8,161.0,480.2,226.6,0.5602
353,11.767,520,275.5,153.5,303.5,199.7,0.6934
353,11.767,568,5.0,153.0,25.5,231.2,0.6502
354,11.800,204,866.0,129.9,960.0,533.2,0.8774
354,11.800,245,579.4,162.4,607.2,235.1,0.7510
354,11.800,353,618.5,160.3,638.6,221.2,0.4967
354,11.800,332,321.9,140.4,374.8,281.6,0.7930
354,11.800,414,532.3,153.7,562.2,232.9,0.6972
354,11.800,473,173.1,136.8,219.8,216.1,0.6921
354,11.800,521,421.3,155.4,446.1,227.2,0.6864
354,11.800,433,458.8,161.5,479.6,228.2,0.5110
354,11.800,520,274.8,155.7,302.4,201.3,0.3613
354,11.800,568,3.7,153.9,24.5,231.2,0.6107
354,11.800,564,544.2,157.9,562.5,233.8,0.3382
355,11.833,204,861.9,131.3,960.0,538.0,0.8805
355,11.833,245,578.8,163.8,606.3,235.9,0.7497
355,11.833,332,318.7,140.2,372.1,282.8,0.7665
355,11.833,414,532.1,155.5,561.6,233.3,0.6843
355,11.833,473,172.4,136.5,219.5,216.4,0.7206
355,11.833,521,420.8,156.3,445.6,227.8,0.5958
355,11.833,520,273.8,158.2,300.6,202.2,0.2589
355,11.833,568,1.9,153.6,23.1,231.6,0.6281
356,11.867,204,860.4,138.0,953.9,516.5,0.9012
356,11.867,245,578.6,166.5,605.8,237.5,0.7989
356,11.867,353,619.3,162.5,638.8,219.6,0.4804
356,11.867,332,314.0,140.8,368.3,286.5,0.7523
356,11.867,414,531.5,157.9,561.9,237.4,0.7136
356,11.867,473,171.7,137.3,219.7,218.2,0.7854
356,11.867,521,420.4,158.6,445.3,230.5,0.7468
356,11.867,568,0.6,154.6,22.0,233.0,0.6472
357,11.900,204,859.8,140.4,952.8,510.5,0.8986
357,11.900,245,578.0,167.9,605.2,238.7,0.8183
357,11.900,353,619.8,163.4,639.3,219.6,0.4471
357,11.900,332,308.5,141.0,364.4,292.4,0.7747
357,11.900,414,531.0,158.4,562.0,239.2,0.6862
357,11.900,473,171.0,138.7,219.6,220.0,0.7757
357,11.900,521,419.6,159.5,445.2,233.5,0.7428
357,11.900,568,0.0,155.1,20.9,233.5,0.6043
357,11.900,575,458.1,164.7,475.8,232.1,0.5257
358,11.933,204,860.7,142.4,954.5,512.3,0.8936
358,11.933,245,576.2,168.7,604.1,241.1,0.8493
358,11.933,353,618.7,163.8,638.2,219.5,0.3677
358,11.933,332,303.0,141.3,359.6,295.9,0.7878
358,11.933,414,529.6,159.8,560.5,240.3,0.6467
358,11.933,473,168.6,138.7,218.6,221.4,0.7911
358,11.933,521,417.8,161.7,442.9,234.2,0.7750
358,11.933,568,0.0,155.0,18.7,234.3,0.4826
358,11.933,575,456.8,167.1,474.2,233.1,0.5196
359,11.967,204,861.2,144.3,956.0,516.0,0.8775
359,11.967,245,575.0,169.2,603.3,242.3,0.8319
359,11.967,353,619.3,166.2,638.9,221.6,0.3610
359,11.967,332,299.3,142.0,357.5,302.6,0.8117
359,11.967,414,528.7,161.4,559.5,241.9,0.6883
359,11.967,473,166.6,139.1,217.6,222.8,0.7869
359,11.967,521,415.6,162.3,441.6,236.6,0.7407
359,11.967,520,270.2,165.2,294.5,208.8,0.3162
359,11.967,568,0.0,155.0,17.8,235.5,0.5020
359,11.967,575,455.9,166.9,473.5,233.4,0.3834
360,12.000,204,861.7,145.0,957.8,521.2,0.8823
360,12.000,245,573.7,169.8,602.6,243.8,0.8547
360,12.000,353,619.9,168.2,640.7,226.5,0.4440
360,12.000,332,296.4,142.3,354.7,303.2,0.8405
360,12.000,414,528.0,162.1,558.7,242.1,0.6828
360,12.000,473,165.6,139.6,217.2,223.2,0.8083
360,12.000,521,414.5,162.5,440.8,236.9,0.6859
360,12.000,568,0.0,154.7,16.9,235.4,0.4843
360,12.000,575,455.8,167.6,472.7,231.1,0.3912
361,12.033,204,863.4,147.2,960.0,530.8,0.9047
361,12.033,245,572.5,171.7,601.0,243.9,0.8698
361,12.033,353,622.2,171.1,641.1,223.6,0.3424
361,12.033,332,289.9,142.1,349.8,308.1,0.8412
361,12.033,414,527.3,162.6,557.9,242.1,0.7294
361,12.033,473,162.7,140.0,214.9,223.8,0.8063
361,12.033,521,414.0,162.2,440.4,236.3,0.6087
361,12.033,520,266.6,165.5,289.8,208.9,0.2813
361,12.033,575,454.6,169.3,471.4,232.2,0.4674
362,12.067,204,863.2,146.4,960.0,535.0,0.8992
362,12.067,245,571.6,171.9,600.0,243.3,0.8539
362,12.067,353,621.1,168.6,641.9,226.2,0.3226
362,12.067,332,285.5,142.6,345.9,310.1,0.8258
362,12.067,414,527.1,162.1,557.5,241.1,0.7061
362,12.067,473,162.0,140.0,214.9,223.6,0.8019
362,12.067,521,413.5,161.6,439.4,234.9,0.5728
362,12.067,520,264.9,165.5,287.6,208.1,0.3474
362,12.067,575,453.4,169.6,470.3,232.6,0.6020
363,12.100,204,862.9,143.7,960.0,536.4,0.8922
363,12.100,245,571.0,171.6,599.1,242.4,0.8262
363,12.100,353,622.3,170.2,642.3,225.5,0.3395
363,12.100,332,282.0,142.9,342.3,310.2,0.8348
363,12.100,414,526.4,161.9,557.0,240.9,0.7136
363,12.100,473,160.5,139.8,213.8,223.1,0.8134
363,12.100,521,412.8,161.2,438.5,234.3,0.5990
363,12.100,575,452.4,169.5,469.5,232.9,0.5972
363,12.100,578,435.6,161.9,449.3,212.4,0.3196
364,12.133,204,862.6,140.7,960.0,537.9,0.8864
364,12.133,245,569.7,171.3,597.9,242.0,0.7960
364,12.133,353,622.5,170.8,641.4,223.5,0.4141
364,12.133,332,277.8,142.0,338.8,311.4,0.8503
364,12.133,414,525.6,162.0,556.3,241.1,0.7024
364,12.133,473,158.4,139.9,212.7,223.2,0.7800
364,12.133,521,411.7,161.1,437.1,233.7,0.6252
364,12.133,575,451.4,168.5,469.0,233.3,0.6273
365,12.167,204,863.0,138.1,960.0,539.4,0.8881
365,12.167,245,569.2,170.6,597.5,241.6,0.7962
365,12.167,353,622.3,172.1,641.7,225.7,0.2921
365,12.167,332,275.4,141.6,336.7,311.6,0.8588
365,12.167,414,525.7,161.6,556.5,240.9,0.7066
365,12.167,473,156.6,139.7,211.7,223.0,0.7790
365,12.167,521,411.2,160.9,436.7,233.9,0.6363
365,12.167,575,451.1,167.7,469.0,233.2,0.6223
366,12.200,204,867.4,135.6,960.0,540.0,0.8614
366,12.200,245,569.0,169.2,597.8,241.4,0.8253
366,12.200,332,272.2,139.3,334.4,313.6,0.8371
366,12.200,414,526.3,160.6,557.6,241.0,0.7123
366,12.200,473,153.9,139.9,210.0,224.2,0.7475
366,12.200,521,411.0,160.7,436.7,234.4,0.5909
366,12.200,575,451.1,167.5,469.3,233.6,0.6247
367,12.233,204,872.1,132.8,960.0,538.7,0.8520
367,12.233,245,569.3,168.4,598.2,241.0,0.8216
367,12.233,332,266.8,137.9,331.0,318.2,0.8339
367,12.233,414,526.9,160.1,558.5,241.2,0.7017
367,12.233,473,153.3,139.9,209.9,224.7,0.7169
367,12.233,521,411.1,160.4,436.6,233.8,0.5919
367,12.233,575,451.4,167.4,469.8,233.8,0.6058
367,12.233,353,627.3,170.5,646.5,224.4,0.4661
368,12.267,204,875.4,126.0,960.0,535.6,0.7583
368,12.267,245,570.1,168.2,598.7,240.6,0.7869
368,12.267,332,259.8,138.0,325.6,322.1,0.8007
368,12.267,414,527.2,159.1,559.5,241.8,0.6428
368,12.267,473,156.4,139.5,213.1,225.3,0.7171
368,12.267,521,410.8,159.4,436.5,232.4,0.3757
369,12.300,204,879.9,124.5,960.0,524.3,0.7995
369,12.300,245,570.4,167.6,599.3,241.0,0.8233
369,12.300,332,259.3,138.0,325.1,323.5,0.8164
369,12.300,414,528.5,159.1,561.1,243.0,0.6925
369,12.300,473,156.9,140.1,214.4,226.2,0.5819
369,12.300,521,410.6,159.8,436.8,234.1,0.5803
369,12.300,575,453.3,169.1,471.5,233.6,0.4104
369,12.300,353,630.6,170.7,648.9,221.1,0.4865
370,12.333,204,879.5,81.2,960.0,514.0,0.6450
370,12.333,245,573.3,167.9,602.0,240.6,0.8114
370,12.333,332,259.8,137.9,324.6,322.2,0.8065
370,12.333,414,531.9,160.4,564.1,242.7,0.7760
370,12.333,473,158.9,139.4,217.4,226.5,0.7349
370,12.333,521,414.2,161.1,439.7,233.6,0.7318
370,12.333,575,455.4,168.6,474.0,233.9,0.5924
370,12.333,353,632.9,167.5,653.0,223.7,0.4898
371,12.367,204,889.8,151.1,960.0,515.2,0.6521
371,12.367,245,577.6,166.8,606.3,239.3,0.7842
371,12.367,332,259.5,135.5,324.3,321.2,0.8352
371,12.367,414,536.5,158.8,568.6,240.9,0.6937
371,12.367,473,163.9,137.9,222.5,225.7,0.7039
371,12.367,521,418.4,160.2,442.1,227.8,0.5498
371,12.367,575,458.1,166.2,477.6,233.0,0.6470
371,12.367,353,639.2,166.3,658.8,221.7,0.5288
372,12.400,204,886.8,90.9,960.0,517.3,0.6580
372,12.400,245,581.1,166.4,609.5,238.8,0.8117
372,12.400,332,258.0,135.0,322.7,321.1,0.8207
372,12.400,414,539.5,157.3,571.4,239.3,0.6423
372,12.400,473,172.9,138.2,231.1,224.4,0.7083
372,12.400,521,420.5,159.2,444.1,226.0,0.6285
372,12.400,353,642.4,163.1,663.1,222.4,0.5742
372,12.400,581,909.3,173.9,952.7,515.1,0.4881
373,12.433,245,584.3,166.2,612.4,237.5,0.8092
373,12.433,332,255.4,133.2,320.8,321.9,0.8560
373,12.433,414,542.7,154.9,575.2,239.0,0.7345
373,12.433,473,175.8,136.5,234.3,223.0,0.7774
373,12.433,521,421.1,158.2,446.2,229.1,0.6013
373,12.433,353,646.4,162.6,666.5,220.5,0.6349
373,12.433,581,904.1,80.8,960.0,523.3,0.7534
373,12.433,584,0.6,153.2,11.9,236.8,0.4309
373,12.433,585,236.8,152.1,262.0,209.6,0.3952
373,12.433,575,462.6,163.8,482.7,231.5,0.3670
374,12.467,245,586.2,164.4,614.6,236.4,0.7833
374,12.467,332,252.7,132.5,318.7,323.0,0.8652
374,12.467,414,544.8,152.9,577.6,237.9,0.7082
374,12.467,473,180.0,135.5,238.7,221.7,0.7580
374,12.467,521,421.4,156.5,447.5,229.8,0.4921
374,12.467,353,649.9,162.0,669.9,220.1,0.5035
374,12.467,581,902.1,50.7,960.0,527.1,0.7601
374,12.467,584,0.9,153.0,12.2,236.2,0.4364
374,12.467,585,237.4,152.3,261.7,207.7,0.2801
374,12.467,587,556.2,156.7,577.4,237.6,0.3796
374,12.467,575,463.9,160.3,484.9,230.1,0.3619
375,12.500,245,587.3,163.5,615.6,235.3,0.7386
375,12.500,332,248.5,131.1,316.1,326.4,0.8598
375,12.500,414,546.6,152.1,579.6,237.2,0.7547
375,12.500,473,181.2,133.8,240.9,221.7,0.6397
375,12.500,521,422.1,153.8,449.5,230.4,0.5794
375,12.500,353,652.3,161.2,672.4,220.2,0.5105
375,12.500,581,902.4,37.8,960.0,527.8,0.6698
375,12.500,584,1.3,152.9,12.6,235.1,0.4170
375,12.500,575,464.7,158.3,486.2,228.9,0.4703
376,12.533,245,590.4,160.4,618.2,231.5,0.7367
376,12.533,332,240.7,128.8,311.0,329.2,0.8437
376,12.533,414,549.7,148.3,583.0,234.7,0.7225
376,12.533,473,183.1,129.8,243.9,219.9,0.6204
376,12.533,521,425.0,149.8,452.4,226.5,0.5841
376,12.533,353,656.6,156.1,676.8,215.8,0.3930
376,12.533,584,1.8,151.7,13.2,233.2,0.4867
376,12.533,575,466.5,155.1,488.1,226.3,0.5281
377,12.567,245,592.6,158.2,620.2,229.8,0.7379
377,12.567,332,237.4,126.7,309.9,332.2,0.8398
377,12.567,414,551.1,146.5,584.5,233.4,0.6988
377,12.567,473,184.5,127.3,246.0,219.2,0.6550
377,12.567,521,426.4,148.5,453.7,224.8,0.6548
377,12.567,584,2.2,151.7,13.7,232.7,0.5119
377,12.567,575,467.7,154.2,489.4,225.9,0.6266
378,12.600,245,594.0,157.1,621.5,228.8,0.7851
378,12.600,332,238.2,126.4,310.5,330.6,0.8382
378,12.600,414,553.5,146.6,586.4,232.6,0.7086
378,12.600,473,187.2,126.7,249.2,219.4,0.4518
378,12.600,521,427.2,148.6,454.0,223.1,0.6636
378,12.600,584,2.0,151.3,13.7,232.5,0.4836
378,12.600,575,468.6,153.7,490.5,226.4,0.6349
379,12.633,245,595.1,156.4,622.7,228.1,0.8050
379,12.633,332,236.8,125.4,309.4,329.8,0.8600
379,12.633,414,555.4,146.8,588.0,232.3,0.7269
379,12.633,473,187.9,127.0,248.8,218.6,0.5461
379,12.633,521,428.3,147.6,454.6,220.9,0.6800
379,12.633,584,1.9,151.0,13.9,232.7,0.4934
379,12.633,575,469.4,153.0,491.5,226.3,0.6478
380,12.667,245,596.1,156.1,623.5,227.7,0.8148
380,12.667,332,235.9,123.5,307.8,326.0,0.8299
380,12.667,414,557.5,148.0,589.6,232.1,0.7230
380,12.667,473,189.3,128.6,249.0,219.2,0.6287
380,12.667,521,429.8,148.0,456.0,220.9,0.6807
380,12.667,353,668.5,153.2,687.0,209.8,0.2507
380,12.667,584,1.8,151.0,14.2,233.8,0.5047
380,12.667,575,470.6,154.1,492.4,226.4,0.6640
381,12.700,245,597.7,156.6,625.1,227.9,0.8362
381,12.700,332,228.1,121.6,303.1,333.4,0.7855
381,12.700,414,559.6,148.1,591.6,232.2,0.7444
381,12.700,473,190.4,129.4,250.3,221.9,0.5074
381,12.700,521,431.2,148.7,457.3,221.1,0.6123
381,12.700,584,1.7,149.8,14.7,234.6,0.5142
381,12.700,575,471.3,155.6,493.1,227.0,0.7046
382,12.733,245,597.9,157.2,625.6,228.8,0.8384
382,12.733,332,221.9,123.4,296.3,333.9,0.8017
382,12.733,414,560.2,148.0,593.0,234.0,0.7351
382,12.733,473,191.3,130.3,250.0,223.2,0.3318
382,12.733,521,431.9,149.6,457.7,221.6,0.6154
382,12.733,584,1.4,149.3,14.9,236.2,0.5066
382,12.733,575,471.8,156.0,494.2,228.5,0.6592
382,12.733,595,282.1,155.1,304.6,201.7,0.3981
383,12.767,245,598.4,158.0,626.4,229.9,0.8430
383,12.767,332,208.9,122.6,284.1,334.1,0.8559
383,12.767,414,560.8,148.2,593.9,235.4,0.7536
383,12.767,521,432.3,150.5,458.0,221.5,0.6355
383,12.767,584,0.8,148.6,14.5,236.9,0.3383
383,12.767,575,471.3,156.7,493.6,227.7,0.5061
383,12.767,595,281.6,155.6,304.7,203.2,0.3017
384,12.800,245,599.2,159.5,627.0,230.4,0.8085
384,12.800,332,203.9,121.0,280.3,336.8,0.8636
384,12.800,414,562.4,148.4,596.0,237.3,0.7117
384,12.800,521,433.6,151.0,459.5,223.0,0.6048
384,12.800,584,1.1,149.4,15.4,239.3,0.5152
384,12.800,575,471.8,155.9,494.8,227.9,0.7166
384,12.800,595,282.5,157.7,305.0,204.0,0.5962
384,12.800,598,903.8,396.1,955.0,520.3,0.3717
385,12.833,245,599.0,160.5,626.6,230.8,0.7986
385,12.833,332,197.9,119.5,275.9,340.1,0.8799
385,12.833,414,563.0,148.7,596.6,238.2,0.7189
385,12.833,521,433.2,150.5,459.8,225.1,0.6500
385,12.833,584,1.5,150.5,15.7,238.5,0.4743
385,12.833,575,471.6,155.9,494.9,228.2,0.6758
385,12.833,595,282.1,158.2,304.7,204.2,0.3978
385,12.833,598,899.8,381.4,957.7,521.9,0.2875
386,12.867,245,598.9,161.7,626.7,232.4,0.8039
386,12.867,332,189.7,119.6,270.5,350.4,0.8534
386,12.867,414,563.8,151.7,596.8,239.5,0.6670
386,12.867,521,433.1,151.8,459.6,226.0,0.6807
386,12.867,584,0.4,152.0,14.5,239.2,0.4047
386,12.867,575,471.3,156.2,494.7,228.2,0.6528
386,12.867,595,281.9,158.9,304.6,205.3,0.4751
387,12.900,245,598.2,161.8,626.2,233.0,0.8199
387,12.900,332,178.2,118.2,261.8,356.4,0.8822
387,12.900,414,564.2,150.9,598.0,240.5,0.6619
387,12.900,521,433.1,151.6,459.2,225.4,0.6810
387,12.900,575,470.7,156.1,494.1,227.7,0.6690
387,12.900,595,280.1,158.3,303.3,205.5,0.5002
388,12.933,245,597.3,161.7,625.3,233.1,0.8623
388,12.933,332,166.9,117.8,253.2,361.7,0.9075
388,12.933,414,563.8,150.4,597.8,240.3,0.6854
388,12.933,521,431.6,150.6,458.5,226.9,0.7041
388,12.933,575,470.0,157.3,492.8,227.2,0.7207
388,12.933,595,278.0,157.4,302.6,207.2,0.5563
389,12.967,245,596.4,161.4,624.4,232.6,0.8715
389,12.967,332,157.7,116.5,246.5,363.3,0.8996
389,12.967,414,563.5,149.8,597.4,239.1,0.6702
389,12.967,521,430.7,150.1,458.0,227.6,0.6938
389,12.967,575,469.7,157.8,492.2,227.0,0.6774
389,12.967,595,277.1,156.9,301.7,206.3,0.6158
390,13.000,245,595.7,160.8,623.4,231.6,0.8540
390,13.000,332,148.8,117.3,239.5,364.9,0.9138
390,13.000,414,563.0,149.4,596.9,238.6,0.6786
390,13.000,521,430.5,150.2,457.5,226.6,0.6811
390,13.000,575,469.3,156.9,491.9,226.5,0.4615
390,13.000,595,276.2,156.2,300.6,205.1,0.5632
390,13.000,602,920.4,332.1,960.0,539.9,0.3979
391,13.033,245,595.0,159.0,623.2,231.3,0.8329
391,13.033,332,136.7,117.7,231.4,370.2,0.9004
391,13.033,414,562.7,148.6,596.8,238.2,0.6607
391,13.033,521,429.3,149.7,456.8,227.3,0.6243
391,13.033,575,468.9,155.7,491.9,225.6,0.4931
391,13.033,595,274.9,155.4,299.2,203.7,0.5764
392,13.067,245,594.8,157.5,623.0,230.1,0.8237
392,13.067,332,126.1,115.9,225.0,374.5,0.8923
392,13.067,414,562.7,147.9,596.9,237.6,0.6782
392,13.067,521,429.0,148.9,456.6,226.6,0.6620
392,13.067,575,467.7,151.3,492.4,225.6,0.5807
392,13.067,595,273.7,155.2,297.8,202.9,0.6200
392,13.067,604,299.5,151.8,318.7,190.2,0.4575
392,13.067,473,175.8,125.0,261.2,272.0,0.6672
393,13.100,245,594.6,156.9,622.8,229.9,0.8053
393,13.100,332,116.8,113.9,219.0,378.0,0.9013
393,13.100,414,562.7,148.5,596.7,237.7,0.7176
393,13.100,521,428.6,148.7,456.1,225.8,0.6748
393,13.100,575,467.3,149.7,492.8,226.1,0.6712
393,13.100,595,273.0,155.3,297.0,202.4,0.5788
393,13.100,604,299.6,152.7,318.5,190.4,0.4382
393,13.100,473,174.3,124.8,258.9,281.0,0.7428
394,13.133,245,594.4,157.3,622.7,230.8,0.7679
394,13.133,332,107.1,113.4,210.6,379.9,0.8698
394,13.133,414,562.7,148.9,596.8,238.2,0.7351
394,13.133,521,428.0,149.1,456.2,227.8,0.6725
394,13.133,575,467.5,151.1,492.8,226.5,0.6696
394,13.133,595,272.6,155.5,296.8,202.6,0.5481
394,13.133,604,300.1,153.2,318.4,189.7,0.4656
394,13.133,473,174.0,125.7,255.2,284.7,0.6679
395,13.167,245,594.8,157.4,622.8,230.5,0.7703
395,13.167,332,100.0,109.6,204.6,380.3,0.8804
395,13.167,414,563.8,148.1,597.7,237.4,0.7223
395,13.167,521,427.9,148.3,456.0,226.5,0.6017
395,13.167,575,467.5,151.4,493.0,226.0,0.5912
395,13.167,595,272.8,155.6,296.9,202.1,0.5516
395,13.167,604,300.3,152.9,318.9,189.6,0.3998
395,13.167,473,174.8,124.9,250.9,281.7,0.7612
396,13.200,245,596.5,158.8,623.8,230.7,0.7940
396,13.200,332,94.0,107.9,199.6,385.4,0.7385
396,13.200,414,567.0,149.2,599.6,235.6,0.6633
396,13.200,521,427.2,145.9,457.4,230.2,0.6649
396,13.200,575,467.8,151.7,493.9,227.0,0.4748
396,13.200,595,271.9,154.5,296.9,201.6,0.4317
396,13.200,473,174.7,123.9,246.5,277.8,0.7650
397,13.233,245,597.8,158.9,625.3,231.6,0.8032
397,13.233,332,83.3,106.7,186.6,386.3,0.8112
397,13.233,414,570.1,149.7,602.3,236.1,0.7654
397,13.233,521,428.0,147.3,457.8,230.8,0.6460
397,13.233,575,469.4,153.2,495.5,227.0,0.5814
397,13.233,595,272.9,154.7,298.4,202.2,0.6250
397,13.233,604,303.5,154.2,321.7,189.5,0.3805
397,13.233,473,174.9,125.0,245.2,282.0,0.8089
398,13.267,245,599.5,158.2,627.1,231.5,0.6633
398,13.267,332,76.2,103.2,178.7,388.1,0.7876
398,13.267,414,571.9,150.0,603.1,234.4,0.6862
398,13.267,521,429.3,145.6,459.0,229.1,0.5461
398,13.267,575,470.6,151.1,497.7,226.5,0.4302
398,13.267,595,274.8,154.3,300.5,202.0,0.6716
398,13.267,473,176.5,126.1,242.7,278.6,0.8021
399,13.300,245,600.2,157.5,628.2,232.1,0.7565
399,13.300,332,67.9,102.1,167.0,383.3,0.8104
399,13.300,414,573.4,149.7,604.7,234.9,0.7667
399,13.300,521,428.7,144.7,458.9,230.3,0.6858
399,13.300,575,470.5,149.3,498.4,225.9,0.6310
399,13.300,595,275.0,153.7,301.2,201.9,0.7608
399,13.300,604,307.3,153.4,324.8,186.2,0.4967
399,13.300,473,176.1,125.4,240.7,278.0,0.8338
400,13.333,245,601.4,155.9,629.5,231.1,0.7409
400,13.333,332,61.6,101.7,160.2,385.3,0.8446
400,13.333,414,575.5,148.1,607.1,235.1,0.6761
400,13.333,521,429.7,144.0,459.2,227.7,0.6919
400,13.333,575,470.9,148.9,499.3,225.8,0.5585
400,13.333,595,275.3,152.0,302.3,201.4,0.7448
400,13.333,604,308.1,152.5,326.0,185.5,0.3031
400,13.333,473,176.6,125.0,239.6,277.0,0.8233
401,13.367,245,603.8,153.9,630.9,226.9,0.7416
401,13.367,332,40.9,98.3,144.8,392.7,0.8869
401,13.367,414,577.2,146.4,609.0,234.9,0.7278
401,13.367,521,431.0,143.4,460.1,226.2,0.6445
401,13.367,575,472.7,146.2,501.3,223.2,0.6348
401,13.367,595,274.4,150.0,301.8,200.1,0.7510
401,13.367,604,309.0,149.7,329.0,186.4,0.5251
401,13.367,473,174.4,122.6,239.4,282.6,0.8353
402,13.400,245,605.3,152.1,631.6,223.9,0.6999
402,13.400,332,24.0,97.5,132.6,397.1,0.8981
402,13.400,414,578.2,144.9,609.8,233.5,0.7264
402,13.400,521,431.6,143.2,459.7,223.7,0.6124
402,13.400,575,473.1,143.2,502.2,221.4,0.6394
402,13.400,595,274.1,148.6,301.8,198.6,0.7580
402,13.400,604,310.3,148.2,330.1,184.6,0.4519
402,13.400,473,172.0,121.8,236.9,282.4,0.8561
403,13.433,245,606.4,149.9,632.5,222.0,0.7287
403,13.433,332,13.2,93.4,127.0,400.0,0.8980
403,13.433,414,579.4,142.1,610.9,231.1,0.7387
403,13.433,521,431.2,139.8,460.7,225.1,0.6660
403,13.433,575,473.0,141.8,502.4,220.4,0.6129
403,13.433,595,273.0,146.6,301.5,197.5,0.7013
403,13.433,604,311.5,147.0,331.0,182.8,0.3885
403,13.433,473,171.4,120.6,235.8,280.9,0.8443
404,13.467,245,607.0,147.9,632.9,220.4,0.7619
404,13.467,332,6.4,90.5,124.8,404.7,0.9013
404,13.467,414,579.9,141.1,611.7,231.6,0.7456
404,13.467,521,431.4,138.7,460.5,223.3,0.6591
404,13.467,575,473.6,142.6,502.4,219.5,0.6052
404,13.467,595,272.1,145.5,301.0,196.7,0.6743
404,13.467,604,311.6,144.9,332.0,182.6,0.5117
404,13.467,473,170.6,118.2,234.4,277.4,0.8137
405,13.500,245,606.7,147.5,632.5,219.7,0.7441
405,13.500,332,1.8,89.0,123.9,410.2,0.9119
405,13.500,414,580.1,140.5,611.8,232.0,0.7393
405,13.500,521,431.1,137.7,459.9,221.6,0.6742
405,13.500,575,473.7,142.6,502.5,219.1,0.6383
405,13.500,595,270.8,144.8,299.8,195.9,0.6100
405,13.500,604,310.9,143.5,332.1,182.9,0.5000
405,13.500,473,168.5,117.7,233.2,279.6,0.8396
406,13.533,245,607.5,148.7,632.8,219.0,0.7305
406,13.533,332,0.0,87.1,119.4,413.8,0.8979
406,13.533,414,581.8,139.8,612.7,230.2,0.7345
406,13.533,521,432.4,138.0,459.8,218.1,0.6533
406,13.533,575,474.0,142.6,502.9,218.9,0.6298
406,13.533,595,271.7,143.8,300.7,195.1,0.5810
406,13.533,604,311.5,141.1,333.4,181.7,0.4894
406,13.533,473,165.1,115.3,230.9,279.9,0.8389
407,13.567,245,607.1,149.4,632.4,219.5,0.6894
407,13.567,332,0.0,85.4,114.2,409.1,0.8976
407,13.567,414,582.4,139.8,613.0,230.6,0.7457
407,13.567,521,433.0,138.9,459.4,216.2,0.6493
407,13.567,575,474.0,142.3,502.9,218.6,0.6435
407,13.567,595,271.1,144.2,300.5,196.2,0.6394
407,13.567,604,312.1,141.2,334.2,182.2,0.5558
407,13.567,473,163.5,117.1,229.8,282.6,0.8409
408,13.600,245,605.9,148.6,632.1,220.6,0.6518
408,13.600,332,0.0,88.1,104.4,409.4,0.7397
408,13.600,414,583.4,140.8,613.0,229.8,0.6665
408,13.600,521,433.1,140.4,458.9,216.0,0.6620
408,13.600,575,472.5,142.1,501.7,219.4,0.6612
408,13.600,595,270.4,144.7,300.1,197.0,0.6264
408,13.600,604,313.3,142.9,334.7,182.5,0.5485
408,13.600,473,163.1,122.5,229.3,285.8,0.8157
409,13.633,245,605.5,148.2,632.5,222.2,0.6274
409,13.633,332,0.0,115.1,91.7,410.0,0.5645
409,13.633,414,584.5,141.0,613.4,230.0,0.6025
409,13.633,521,433.4,141.0,459.3,216.8,0.6116
409,13.633,575,472.3,140.9,502.1,220.0,0.6613
409,13.633,595,269.9,145.0,299.5,197.4,0.6473
409,13.633,604,314.3,144.0,335.3,183.0,0.6276
409,13.633,473,162.5,124.3,229.6,288.1,0.8070
410,13.667,245,604.6,147.9,632.1,223.8,0.5834
410,13.667,414,585.5,140.6,614.4,231.3,0.4950
410,13.667,521,433.7,141.5,459.5,216.9,0.6105
410,13.667,575,471.8,139.7,502.3,220.9,0.6060
410,13.667,595,268.9,145.9,299.2,199.6,0.6462
410,13.667,604,314.4,145.9,335.3,184.7,0.6082
410,13.667,473,160.8,121.7,230.3,290.3,0.8105
411,13.700,245,605.1,149.1,632.6,225.3,0.6167
411,13.700,414,586.4,144.5,614.8,236.5,0.5000
411,13.700,521,433.8,143.9,461.0,223.5,0.6490
411,13.700,575,471.9,140.5,501.9,221.8,0.5104
411,13.700,595,268.2,147.0,298.4,200.7,0.6072
411,13.700,604,314.7,147.3,335.6,186.1,0.5230
411,13.700,473,159.4,128.2,228.1,291.4,0.8116
412,13.733,245,604.3,149.3,633.6,230.7,0.5946
412,13.733,414,587.6,145.0,615.5,237.3,0.5220
412,13.733,521,433.3,144.3,462.5,230.4,0.6865
412,13.733,575,472.7,141.4,502.5,223.0,0.5910
412,13.733,595,267.9,147.5,298.6,202.4,0.6009
412,13.733,604,314.9,148.4,335.8,187.4,0.6008
412,13.733,473,158.6,127.2,229.5,292.7,0.8298
412,13.733,610,595.8,147.8,631.1,238.9,0.5547
413,13.767,245,604.3,151.4,633.9,233.9,0.6145
413,13.767,414,589.6,147.1,616.8,239.0,0.4897
413,13.767,521,434.2,145.8,462.5,229.2,0.6789
413,13.767,575,473.5,143.0,503.3,224.7,0.6256
413,13.767,595,267.7,149.8,299.0,206.0,0.6640
413,13.767,604,315.3,150.4,335.8,188.6,0.5223
413,13.767,473,156.7,125.8,229.8,293.9,0.8272
413,13.767,610,596.6,149.0,632.0,240.2,0.4835
414,13.800,245,604.3,152.7,634.2,236.4,0.5968
414,13.800,414,591.5,149.1,618.0,239.6,0.4658
414,13.800,521,434.7,147.0,463.1,230.5,0.6574
414,13.800,575,474.8,145.8,503.9,225.8,0.5558
414,13.800,595,267.6,151.5,298.7,207.7,0.6455
414,13.800,604,315.1,150.6,336.7,190.8,0.5833
414,13.800,473,155.6,124.5,230.5,293.7,0.8439
414,13.800,610,597.0,150.5,632.4,241.5,0.5785
415,13.833,245,604.9,153.6,634.7,237.9,0.5647
415,13.833,414,593.1,150.0,618.9,239.3,0.4512
415,13.833,521,435.2,148.2,463.0,230.3,0.6406
415,13.833,575,475.2,147.0,504.5,226.9,0.5576
415,13.833,595,267.4,153.1,298.3,209.1,0.6398
415,13.833,604,314.9,150.9,337.2,192.6,0.6448
415,13.833,473,155.4,124.5,231.4,293.6,0.8455
415,13.833,610,597.0,150.5,632.7,241.9,0.5599
416,13.867,521,435.4,149.1,463.4,232.0,0.6220
416,13.867,575,474.5,149.2,502.8,227.0,0.4787
416,13.867,595,266.4,154.5,297.2,210.9,0.6068
416,13.867,604,315.0,151.4,337.5,193.6,0.5981
416,13.867,473,155.4,125.4,233.4,296.8,0.8494
416,13.867,610,596.8,149.9,633.4,243.9,0.6823
417,13.900,521,435.6,149.2,463.5,232.5,0.6231
417,13.900,575,475.1,151.0,503.0,227.3,0.5205
417,13.900,595,265.6,154.8,296.5,211.8,0.5780
417,13.900,604,314.8,151.3,337.5,193.8,0.5657
417,13.900,473,155.0,125.9,234.5,298.7,0.8578
417,13.900,610,596.9,149.5,633.8,244.2,0.7090
418,13.933,521,434.9,149.2,463.0,233.4,0.6381
418,13.933,575,474.9,151.2,502.9,227.7,0.5885
418,13.933,595,265.0,155.1,295.7,212.1,0.6105
418,13.933,604,314.7,150.8,338.0,195.2,0.4928
418,13.933,473,154.3,126.0,235.7,301.0,0.8730
418,13.933,610,596.7,148.6,634.0,244.4,0.7006
419,13.967,521,433.9,148.7,462.5,235.3,0.6769
419,13.967,575,475.0,150.6,503.5,228.1,0.6833
419,13.967,595,264.4,154.6,295.2,211.9,0.6600
419,13.967,604,314.5,151.2,337.8,195.7,0.5696
419,13.967,473,152.7,125.9,235.9,303.6,0.8708
419,13.967,610,596.9,147.9,634.0,242.9,0.7469
420,14.000,521,432.9,148.1,461.7,236.1,0.7120
420,14.000,575,474.5,149.0,503.8,228.8,0.6855
420,14.000,595,263.7,154.9,294.6,212.5,0.6759
420,14.000,604,314.6,153.9,337.0,196.7,0.6084
420,14.000,473,151.0,125.6,235.9,305.6,0.8721
420,14.000,610,596.6,146.4,634.3,243.1,0.7749
421,14.033,521,433.1,151.4,460.6,236.1,0.6935
421,14.033,575,474.6,151.6,503.3,229.7,0.6453
421,14.033,595,263.3,156.2,293.7,212.8,0.7328
421,14.033,604,314.9,156.5,336.6,198.1,0.6013
421,14.033,473,151.6,127.1,237.5,307.7,0.8798
421,14.033,610,596.9,146.0,635.1,245.3,0.7046
422,14.067,521,433.4,153.6,460.1,236.6,0.6847
422,14.067,575,474.7,155.3,502.5,231.0,0.6851
422,14.067,595,263.4,157.7,293.9,213.9,0.7380
422,14.067,604,315.1,158.2,336.4,199.2,0.5960
422,14.067,473,152.1,127.6,239.7,310.7,0.9001
422,14.067,610,597.3,147.0,635.5,247.2,0.7280
422,14.067,618,105.8,154.9,138.0,230.1,0.4959
423,14.100,521,432.8,154.8,459.2,237.0,0.6862
423,14.100,575,475.2,155.3,503.5,231.6,0.6926
423,14.100,595,263.1,159.1,293.7,215.4,0.7116
423,14.100,604,315.1,160.2,335.3,199.3,0.3810
423,14.100,473,152.8,128.4,240.9,312.1,0.8999
423,14.100,610,597.1,147.3,635.3,248.0,0.7300
424,14.133,521,431.7,155.7,459.8,243.7,0.6508
424,14.133,575,475.6,155.4,504.6,233.3,0.6002
424,14.133,595,261.8,161.1,292.3,217.5,0.6840
424,14.133,604,315.2,161.5,335.5,200.6,0.4941
424,14.133,473,152.8,129.8,242.3,316.5,0.8859
424,14.133,610,597.6,148.3,636.1,250.5,0.7434
425,14.167,521,431.9,156.3,459.4,242.2,0.6952
425,14.167,575,475.2,154.5,504.6,233.0,0.7093
425,14.167,595,261.6,161.3,292.7,219.2,0.5862
425,14.167,604,315.1,161.9,335.9,201.5,0.3846
425,14.167,473,154.1,129.2,245.0,319.3,0.8850
425,14.167,610,597.9,148.2,636.4,251.0,0.7217
426,14.200,521,432.3,156.8,459.2,240.5,0.6838
426,14.200,575,476.3,156.4,505.2,233.3,0.5440
426,14.200,595,261.6,163.4,292.6,221.2,0.5697
426,14.200,604,316.5,162.8,337.9,203.6,0.4441
426,14.200,473,155.0,130.3,245.7,321.8,0.8532
426,14.200,610,601.2,149.5,639.6,251.5,0.7819
427,14.233,521,432.7,156.8,459.0,238.2,0.6560
427,14.233,575,477.1,157.2,505.6,232.7,0.5504
427,14.233,595,261.6,163.0,292.9,221.5,0.6246
427,14.233,604,317.6,162.5,339.4,204.4,0.5371
427,14.233,473,158.6,130.5,249.4,323.2,0.8790
427,14.233,610,601.8,148.6,640.5,251.4,0.7610
428,14.267,521,433.8,156.8,459.8,236.9,0.6626
428,14.267,575,478.2,158.4,506.2,232.5,0.4406
428,14.267,595,262.3,163.7,293.2,221.5,0.5381
428,14.267,604,318.9,161.9,340.9,204.2,0.5753
428,14.267,473,161.0,130.5,252.5,324.9,0.8953
428,14.267,610,602.5,147.6,641.8,251.3,0.7239
429,14.300,521,434.1,155.8,460.2,236.4,0.6762
429,14.300,575,479.5,158.6,506.8,231.7,0.3387
429,14.300,595,262.4,163.0,293.8,221.4,0.5441
429,14.300,604,320.6,161.0,342.4,203.4,0.5616
429,14.300,473,164.4,130.4,256.2,325.8,0.8878
429,14.300,610,605.4,147.1,644.4,251.2,0.6395
429,14.300,624,132.9,162.3,157.7,237.0,0.5888
430,14.333,521,433.6,155.1,460.4,238.2,0.6854
430,14.333,575,479.8,158.3,506.6,230.9,0.3465
430,14.333,595,261.6,162.2,293.2,221.4,0.6315
430,14.333,604,321.2,159.8,343.1,202.9,0.5930
430,14.333,473,166.3,130.1,259.1,327.4,0.8705
430,14.333,610,606.3,145.6,646.1,251.4,0.6325
430,14.333,624,129.2,162.0,154.3,237.7,0.5884
430,14.333,618,86.5,161.8,122.6,243.7,0.6574
431,14.367,521,433.4,153.1,459.8,234.9,0.6368
431,14.367,575,479.9,155.8,506.7,228.9,0.3523
431,14.367,595,259.4,161.0,290.6,219.5,0.6672
431,14.367,604,321.1,159.1,341.9,200.6,0.4245
431,14.367,473,170.4,128.2,262.8,324.8,0.8810
431,14.367,610,606.1,143.6,646.5,250.6,0.7439
431,14.367,624,123.2,161.2,147.4,233.5,0.6727
432,14.400,521,432.6,152.0,459.1,233.6,0.6982
432,14.400,575,479.2,153.5,506.6,228.6,0.4350
432,14.400,595,257.4,158.0,289.7,219.1,0.6483
432,14.400,604,320.5,157.3,341.5,199.7,0.3084
432,14.400,473,172.2,126.8,265.0,324.7,0.8828
432,14.400,610,605.8,142.7,646.3,249.7,0.6589
432,14.400,624,120.2,162.0,144.0,232.3,0.6509
432,14.400,626,64.8,157.2,94.5,241.1,0.3624
433,14.433,521,431.5,150.7,457.9,231.3,0.7280
433,14.433,575,477.6,150.5,506.1,228.4,0.6298
433,14.433,595,255.2,157.5,287.6,218.9,0.6149
433,14.433,604,319.4,154.8,341.4,199.7,0.2896
433,14.433,473,171.3,125.9,263.8,324.9,0.8802
433,14.433,610,605.3,142.1,645.6,249.0,0.6449
433,14.433,624,114.8,162.2,138.7,232.4,0.5902
433,14.433,626,64.9,156.7,95.4,242.5,0.3288
434,14.467,521,430.1,150.7,456.0,229.9,0.7699
434,14.467,575,475.9,147.7,505.3,227.9,0.6306
434,14.467,595,253.3,157.1,286.0,219.5,0.5415
434,14.467,604,318.5,154.3,340.5,199.4,0.3317
434,14.467,473,170.2,125.1,262.1,324.0,0.8783
434,14.467,610,604.2,141.4,644.6,248.7,0.6505
434,14.467,624,110.5,159.6,135.7,232.3,0.7034
434,14.467,626,64.7,151.2,97.1,242.3,0.4201
435,14.500,521,429.2,150.7,454.4,227.7,0.7501
435,14.500,575,475.2,143.6,505.7,227.1,0.5643
435,14.500,595,251.9,156.4,284.4,219.5,0.5425
435,14.500,604,317.8,155.4,339.1,199.3,0.5123
435,14.500,473,170.5,124.3,262.3,324.2,0.8655
435,14.500,610,603.4,140.6,644.1,248.7,0.6633
435,14.500,624,108.0,159.7,133.7,233.3,0.7137
435,14.500,626,63.4,157.3,92.9,240.4,0.4670
436,14.533,521,427.6,151.2,453.4,229.6,0.7692
436,14.533,575,472.6,145.2,502.6,227.7,0.6637
436,14.533,595,248.4,155.0,281.0,219.0,0.6219
436,14.533,473,169.3,123.3,262.6,326.8,0.9112
436,14.533,610,601.2,140.2,642.9,249.6,0.6848
436,14.533,624,100.9,158.4,127.3,233.5,0.6881
437,14.567,521,425.3,150.8,451.6,231.1,0.7220
437,14.567,575,470.8,144.5,501.0,228.1,0.6153
437,14.567,595,246.4,155.5,278.3,219.0,0.6264
437,14.567,473,167.2,122.7,261.4,328.4,0.9143
437,14.567,610,600.0,140.4,642.3,251.2,0.7649
437,14.567,624,96.6,159.2,123.0,233.8,0.6973
437,14.567,629,46.6,157.1,76.9,240.6,0.5465
437,14.567,604,313.9,155.6,335.1,199.8,0.4478
438,14.600,521,424.4,152.2,450.7,231.9,0.6799
438,14.600,575,468.7,145.4,498.7,229.5,0.6295
438,14.600,595,244.9,156.0,276.9,219.9,0.3706
438,14.600,473,166.6,122.8,261.2,329.2,0.9252
438,14.600,610,599.1,141.2,642.0,253.2,0.7321
438,14.600,624,94.0,159.2,121.0,235.9,0.5903
438,14.600,629,35.6,156.4,67.3,242.9,0.4586
438,14.600,604,313.3,158.8,332.9,199.7,0.2829
439,14.633,521,423.6,153.9,449.1,231.6,0.7224
439,14.633,575,467.1,148.3,496.1,231.0,0.5323
439,14.633,595,243.8,158.0,274.6,220.0,0.3006
439,14.633,473,164.0,123.2,259.9,331.5,0.9088
439,14.633,610,597.1,142.1,640.8,255.2,0.7746
439,14.633,624,88.1,159.3,115.5,236.8,0.6967
439,14.633,629,30.8,158.2,63.0,245.4,0.5829
439,14.633,604,311.8,160.0,331.3,201.3,0.4963
440,14.667,521,423.1,155.0,448.4,232.4,0.7724
440,14.667,575,466.8,150.0,494.9,231.4,0.6660
440,14.667,595,242.0,158.6,272.8,221.7,0.2783
440,14.667,473,163.3,123.6,260.6,334.6,0.8924
440,14.667,610,596.3,143.2,640.3,256.5,0.6842
440,14.667,624,85.4,160.0,112.2,235.8,0.6838
440,14.667,629,25.1,156.3,58.9,246.3,0.4889
440,14.667,604,311.2,161.6,330.6,202.8,0.4834
440,14.667,245,603.6,143.3,641.2,257.8,0.4124
441,14.700,521,421.5,157.5,446.2,233.1,0.7573
441,14.700,575,465.3,154.6,492.2,232.8,0.5934
441,14.700,473,165.4,124.7,264.7,340.8,0.9037
441,14.700,610,594.9,145.2,639.6,260.2,0.6683
441,14.700,624,80.8,159.2,104.9,226.1,0.3544
441,14.700,604,309.4,163.7,328.8,205.3,0.4594
441,14.700,245,602.8,145.1,639.1,259.6,0.6265
442,14.733,521,419.2,157.4,445.0,235.5,0.8023
442,14.733,575,464.2,155.8,491.0,233.6,0.6443
442,14.733,473,166.7,125.0,264.9,339.4,0.8982
442,14.733,610,595.3,146.9,639.3,260.9,0.6398
442,14.733,624,75.3,161.6,101.3,234.4,0.5037
442,14.733,629,11.2,162.7,42.7,243.9,0.4874
442,14.733,604,307.8,164.6,327.1,206.0,0.3803
442,14.733,245,602.9,149.0,636.7,259.4,0.4593
443,14.767,521,417.2,157.7,443.3,236.3,0.7904
443,14.767,575,463.2,158.3,489.4,234.4,0.5987
443,14.767,473,166.6,124.7,263.7,337.6,0.8867
443,14.767,610,596.4,147.8,640.7,262.2,0.2681
443,14.767,624,71.3,163.0,98.1,238.0,0.7113
443,14.767,629,5.9,163.4,40.0,249.3,0.7306
443,14.767,604,306.1,163.9,326.0,206.5,0.5497
443,14.767,245,601.9,147.2,635.4,260.0,0.6365
444,14.800,521,415.4,158.5,441.3,236.3,0.7226
444,14.800,575,462.1,161.2,487.2,234.7,0.5405
444,14.800,473,168.4,125.8,263.2,335.6,0.8638
444,14.800,610,594.2,147.9,638.0,262.1,0.6336
444,14.800,624,65.8,162.6,93.4,239.6,0.6369
444,14.800,629,1.8,162.9,37.2,251.5,0.3918
444,14.800,604,304.9,165.1,324.6,206.9,0.3825
444,14.800,245,602.1,149.7,633.5,256.6,0.4735
445,14.833,521,413.7,158.6,439.9,237.3,0.7074
445,14.833,575,461.0,160.9,486.0,234.7,0.5972
445,14.833,473,169.2,126.1,262.8,335.0,0.9022
445,14.833,610,593.6,148.1,637.3,262.5,0.6603
445,14.833,624,62.0,163.2,89.4,239.9,0.6789
445,14.833,604,303.0,163.2,323.8,207.3,0.6311
445,14.833,245,602.4,151.4,632.6,255.0,0.5072
445,14.833,644,583.6,159.8,605.5,233.3,0.3720
446,14.867,521,410.4,158.3,436.2,235.0,0.7478
446,14.867,575,457.9,160.1,483.3,235.4,0.5920
446,14.867,473,167.8,125.3,259.1,330.5,0.8906
446,14.867,610,590.8,147.7,634.2,263.3,0.6810
446,14.867,624,54.3,163.0,82.4,240.9,0.6692
446,14.867,604,299.4,161.2,321.3,208.2,0.6703
446,14.867,245,599.8,152.2,629.6,255.6,0.2934
447,14.900,521,408.7,159.3,433.8,233.8,0.6885
447,14.900,575,456.1,160.8,481.6,236.8,0.6544
447,14.900,473,166.6,125.2,256.9,328.7,0.8894
447,14.900,610,589.4,147.5,632.6,264.2,0.7134
447,14.900,624,49.1,164.2,76.7,240.6,0.6043
447,14.900,604,297.8,161.2,319.8,208.8,0.6665
447,14.900,650,479.1,165.6,495.5,201.9,0.3677
447,14.900,644,577.1,159.7,598.7,232.3,0.4781
448,14.933,521,407.3,158.6,432.5,233.2,0.7086
448,14.933,575,455.0,160.9,480.6,237.2,0.6848
448,14.933,473,164.4,124.5,256.4,332.6,0.8924
448,14.933,610,588.6,146.9,631.6,264.5,0.7093
448,14.933,624,45.6,162.6,73.1,238.6,0.5919
448,14.933,604,296.9,160.2,319.1,209.0,0.6902
448,14.933,650,478.8,165.4,495.0,201.3,0.3978
448,14.933,644,575.1,158.9,597.1,232.5,0.6142
449,14.967,521,406.8,159.2,431.8,232.8,0.6849
449,14.967,575,454.4,160.3,480.2,237.7,0.6003
449,14.967,473,163.4,124.8,256.8,337.2,0.8863
449,14.967,610,589.3,146.8,631.7,264.6,0.7063
449,14.967,624,42.3,163.5,69.1,237.4,0.5185
449,14.967,604,296.5,160.5,318.5,209.2,0.6162
449,14.967,650,478.8,165.7,494.6,200.8,0.3706
449,14.967,644,574.4,157.7,597.0,233.5,0.6538
450,15.000,521,404.5,159.5,430.7,236.4,0.5524
450,15.000,575,453.5,158.4,480.2,238.7,0.5840
450,15.000,473,165.7,125.1,261.7,341.1,0.8760
450,15.000,610,590.4,147.1,632.3,265.0,0.7520
450,15.000,624,38.0,162.9,66.1,240.7,0.6282
450,15.000,604,295.5,161.3,317.3,209.9,0.5956
450,15.000,650,478.0,163.9,494.5,200.5,0.3737
450,15.000,644,573.2,157.0,596.7,235.1,0.7061
451,15.033,521,404.2,160.7,429.3,234.3,0.6324
451,15.033,575,453.5,163.1,478.8,238.3,0.6317
451,15.033,473,166.4,124.8,264.0,341.9,0.8830
451,15.033,610,591.1,147.6,632.5,265.0,0.7425
451,15.033,624,35.7,163.9,63.9,243.0,0.7206
451,15.033,604,294.5,161.4,316.3,210.4,0.5219
451,15.033,644,572.4,157.4,596.3,235.8,0.7058
452,15.067,521,403.1,162.0,428.2,235.7,0.6013
452,15.067,575,453.9,164.5,479.0,239.6,0.6025
452,15.067,473,166.4,126.5,265.2,343.0,0.9104
452,15.067,610,591.2,148.6,632.6,266.4,0.8047
452,15.067,624,31.5,156.1,62.5,244.1,0.5434
452,15.067,604,295.7,167.9,315.3,211.5,0.4386
452,15.067,644,570.9,164.1,593.4,237.3,0.5128
453,15.100,521,403.6,162.6,428.4,235.8,0.6486
453,15.100,575,455.0,164.0,480.4,240.3,0.5928
453,15.100,473,166.4,128.3,265.9,344.2,0.9111
453,15.100,610,592.8,149.2,634.2,266.6,0.7818
453,15.100,624,31.6,165.3,60.1,245.9,0.4939
453,15.100,604,297.1,167.4,317.4,212.8,0.4276
453,15.100,644,572.2,168.5,593.7,238.0,0.3310
454,15.133,521,404.2,162.6,429.1,235.9,0.6285
454,15.133,575,456.2,162.4,482.3,240.9,0.6273
454,15.133,473,165.8,129.5,266.4,345.7,0.9213
454,15.133,610,594.1,148.4,636.1,267.2,0.8033
454,15.133,624,31.6,168.2,59.2,246.0,0.5146
454,15.133,604,299.3,169.6,318.9,213.2,0.5665
454,15.133,644,573.1,167.1,595.4,237.8,0.4453
455,15.167,521,404.8,161.6,430.4,237.2,0.7314
455,15.167,575,458.3,164.8,483.6,240.9,0.5470
455,15.167,473,166.8,130.5,267.7,347.1,0.9084
455,15.167,610,595.8,149.0,637.9,267.6,0.7706
455,15.167,624,32.4,171.7,58.5,244.5,0.4415
455,15.167,604,300.1,167.7,320.7,213.9,0.6454
455,15.167,644,573.9,169.6,595.9,239.0,0.6027
456,15.200,521,405.7,161.6,432.0,239.3,0.7346
456,15.200,575,460.1,166.5,484.8,240.7,0.5766
456,15.200,473,168.4,131.2,270.3,350.2,0.9078
456,15.200,610,599.4,149.8,642.0,270.2,0.7708
456,15.200,624,32.0,172.0,58.7,245.7,0.3736
456,15.200,604,302.3,167.5,323.1,214.7,0.6350
456,15.200,644,574.7,169.4,597.2,239.8,0.7264
457,15.233,521,406.7,161.7,432.7,238.4,0.7151
457,15.233,575,461.5,163.9,486.8,239.7,0.6495
457,15.233,473,169.8,130.2,273.3,351.5,0.9087
457,15.233,610,601.6,149.1,644.4,269.8,0.7601
457,15.233,624,29.4,169.6,57.9,247.2,0.6420
457,15.233,604,304.0,168.1,324.3,214.2,0.6036
457,15.233,644,574.3,168.3,597.2,239.6,0.7484
458,15.267,521,407.9,162.0,433.7,238.0,0.6820
458,15.267,575,462.6,163.7,487.8,238.8,0.6114
458,15.267,473,170.9,129.2,274.9,350.7,0.9007
458,15.267,610,602.4,148.5,645.1,268.9,0.7388
458,15.267,624,26.9,168.3,56.6,247.8,0.6129
458,15.267,604,304.9,167.4,325.3,213.8,0.6180
458,15.267,644,574.1,166.6,597.4,238.5,0.7621
459,15.300,521,408.4,161.0,434.5,237.8,0.7166
459,15.300,575,462.9,163.4,488.1,238.4,0.6434
459,15.300,473,172.4,127.9,276.7,348.6,0.8999
459,15.300,610,603.0,147.4,645.8,268.1,0.7502
459,15.300,624,23.7,166.1,55.0,247.5,0.6476
459,15.300,604,305.8,165.8,326.5,213.5,0.6659
459,15.300,644,574.1,165.4,597.4,236.5,0.7718
460,15.333,521,408.8,159.8,434.9,236.8,0.7220
460,15.333,575,462.9,161.0,488.6,237.8,0.6323
460,15.333,473,173.7,127.4,277.5,345.1,0.9026
460,15.333,610,603.6,146.3,646.5,267.2,0.7303
460,15.333,624,19.5,164.3,51.4,245.8,0.7331
460,15.333,604,306.3,164.8,327.1,212.9,0.6788
460,15.333,644,574.0,164.4,597.4,235.3,0.7811
460,15.333,665,541.4,165.1,558.9,204.5,0.3788
461,15.367,521,408.9,159.2,435.0,236.1,0.7380
461,15.367,575,462.8,159.4,489.0,237.4,0.6354
461,15.367,473,173.6,127.0,278.8,345.9,0.8925
461,15.367,610,605.1,145.4,648.2,267.0,0.7357
461,15.367,624,15.5,162.4,47.5,244.0,0.6542
461,15.367,604,306.6,164.2,327.4,212.5,0.6489
461,15.367,644,573.7,164.0,597.2,234.4,0.7920
461,15.367,665,541.3,164.6,559.4,205.4,0.4488
461,15.367,667,344.1,162.3,361.9,201.9,0.4107
462,15.400,521,409.2,159.4,435.1,235.7,0.7416
462,15.400,575,462.9,160.4,488.4,236.4,0.6020
462,15.400,473,172.9,125.9,278.0,343.7,0.8916
462,15.400,610,606.1,144.3,649.7,267.8,0.7580
462,15.400,624,11.2,162.7,42.6,244.3,0.6421
462,15.400,604,306.9,164.0,327.6,212.0,0.5130
462,15.400,644,573.5,163.1,597.1,233.8,0.7862
462,15.400,665,542.2,165.0,560.2,205.7,0.4128
462,15.400,667,344.2,162.5,361.7,201.5,0.3294
463,15.433,521,409.6,159.9,435.0,234.9,0.7371
463,15.433,575,462.8,160.1,488.2,236.0,0.5753
463,15.433,473,171.2,124.7,277.0,344.0,0.8860
463,15.433,610,606.4,143.7,650.5,268.2,0.7744
463,15.433,624,8.7,162.0,38.5,241.3,0.5499
463,15.433,604,307.9,164.8,327.6,210.9,0.4919
463,15.433,644,573.2,162.9,597.1,233.4,0.7820
463,15.433,665,542.8,165.3,560.4,205.2,0.3541
463,15.433,667,344.5,163.0,361.8,201.3,0.4144
464,15.467,521,409.9,160.4,435.2,235.1,0.7419
464,15.467,575,462.5,160.1,488.1,236.4,0.5733
464,15.467,473,169.4,124.1,276.0,345.8,0.8908
464,15.467,610,607.4,143.6,651.6,269.0,0.7696
464,15.467,624,5.5,163.2,34.4,241.6,0.5469
464,15.467,604,308.0,164.9,327.7,211.2,0.5071
464,15.467,644,573.2,162.8,597.2,233.2,0.7896
464,15.467,665,543.5,166.1,560.3,204.4,0.3346
464,15.467,667,345.2,163.1,362.3,201.3,0.4348
465,15.500,521,410.2,160.6,435.6,235.8,0.7578
465,15.500,575,462.7,160.2,488.2,236.8,0.5440
465,15.500,473,166.8,122.7,274.3,348.7,0.8956
465,15.500,610,608.2,143.1,652.6,269.6,0.7451
465,15.500,624,3.8,163.5,32.8,243.0,0.5906
465,15.500,604,308.1,165.0,327.8,211.4,0.5406
465,15.500,644,573.4,162.7,597.6,233.3,0.7778
465,15.500,667,346.1,163.7,363.6,202.8,0.4465
466,15.533,521,410.5,161.1,434.4,231.1,0.7039
466,15.533,575,462.9,161.8,487.4,235.2,0.3326
466,15.533,473,162.3,122.0,268.7,349.6,0.8926
466,15.533,610,608.1,142.9,652.4,269.4,0.7374
466,15.533,624,0.0,165.9,27.2,241.0,0.3531
466,15.533,604,308.0,164.8,327.5,210.4,0.3980
466,15.533,644,573.0,162.9,596.8,232.3,0.7039
467,15.567,521,409.9,160.5,435.4,235.5,0.7011
467,15.567,575,462.5,161.8,487.4,236.9,0.5703
467,15.567,473,158.9,122.5,264.1,352.8,0.8925
467,15.567,610,609.7,143.8,653.7,270.1,0.7785
467,15.567,624,0.0,163.5,25.2,243.1,0.4546
467,15.567,604,307.9,165.1,327.4,210.9,0.5635
467,15.567,644,572.9,162.8,597.0,232.9,0.7699
467,15.567,667,346.3,163.5,363.9,202.9,0.4167
467,15.567,665,546.2,169.4,562.7,207.6,0.3739
468,15.600,521,409.5,161.3,435.3,237.5,0.6772
468,15.600,575,462.3,163.6,486.8,237.7,0.5846
468,15.600,473,155.9,124.0,259.7,356.2,0.8731
468,15.600,610,610.6,144.9,654.4,271.2,0.7593
468,15.600,604,307.6,165.9,327.4,212.6,0.4468
468,15.600,644,571.9,164.2,596.5,236.3,0.7542
469,15.633,521,409.0,161.6,434.9,238.5,0.6768
469,15.633,575,461.9,165.2,486.1,238.6,0.5718
469,15.633,473,153.4,124.8,256.0,359.4,0.8754
469,15.633,610,611.1,146.1,654.9,272.4,0.7963
469,15.633,604,307.4,166.8,326.9,213.0,0.4137
469,15.633,644,571.3,165.1,596.0,237.8,0.7397
470,15.667,521,408.4,161.3,434.4,238.9,0.6880
470,15.667,575,461.4,165.9,485.5,238.7,0.6389
470,15.667,473,151.0,126.2,252.3,362.1,0.8721
470,15.667,610,611.2,146.3,655.1,273.0,0.8086
470,15.667,604,306.6,165.8,326.7,213.7,0.5370
470,15.667,644,571.1,165.4,595.8,238.0,0.7424
471,15.700,521,407.1,161.2,433.3,239.4,0.6791
471,15.700,575,460.6,165.4,484.9,239.0,0.6467
471,15.700,473,149.1,126.7,248.6,363.2,0.8676
471,15.700,610,611.6,146.6,655.6,274.0,0.7940
471,15.700,604,306.0,165.5,326.4,214.5,0.6081
471,15.700,644,570.3,165.7,595.2,238.3,0.7169
472,15.733,521,405.4,162.1,431.6,239.9,0.7228
472,15.733,575,458.1,166.4,482.0,239.1,0.6584
472,15.733,473,141.7,126.9,240.8,365.8,0.8625
472,15.733,610,609.6,146.7,654.1,275.0,0.7503
472,15.733,604,304.2,164.7,325.2,215.2,0.6827
472,15.733,644,568.3,166.1,593.2,238.2,0.7361
472,15.733,679,596.8,155.0,621.8,218.4,0.3962
473,15.767,521,404.0,162.4,430.1,239.6,0.6950
473,15.767,575,457.2,167.0,480.8,239.5,0.6496
473,15.767,473,138.3,126.7,235.9,364.1,0.8701
473,15.767,610,608.5,146.5,653.6,275.8,0.7639
473,15.767,604,303.6,165.2,324.5,215.5,0.6592
473,15.767,644,566.6,166.5,591.7,238.5,0.7714
473,15.767,679,596.4,155.3,621.4,218.7,0.3843
474,15.800,521,402.3,159.9,429.6,240.6,0.7071
474,15.800,575,456.5,167.0,480.1,239.9,0.6428
474,15.800,473,137.6,127.4,232.7,358.9,0.8707
474,15.800,610,608.0,146.6,653.5,276.4,0.7623
474,15.800,604,303.4,165.6,324.2,216.1,0.6428
474,15.800,644,565.5,167.7,590.4,238.6,0.7706
474,15.800,679,595.5,154.7,620.9,219.0,0.3556
475,15.833,521,401.1,161.0,428.4,241.4,0.6554
475,15.833,575,456.3,166.9,479.8,240.3,0.6309
475,15.833,473,135.9,127.5,230.3,356.3,0.8795
475,15.833,610,608.3,146.5,654.0,276.1,0.7713
475,15.833,604,303.1,164.9,324.5,217.3,0.6679
475,15.833,644,564.4,167.1,589.9,238.9,0.7676
475,15.833,679,595.1,154.2,620.8,218.9,0.4104
476,15.867,521,399.6,161.6,426.7,241.3,0.6633
476,15.867,575,455.8,166.8,479.4,240.5,0.6314
476,15.867,473,132.9,127.0,229.1,359.3,0.8623
476,15.867,610,607.8,146.5,653.9,276.6,0.7767
476,15.867,604,302.7,165.3,324.8,220.0,0.6903
476,15.867,644,563.5,167.6,589.1,239.0,0.8004
476,15.867,679,595.0,154.1,621.0,219.1,0.4007
477,15.900,521,397.8,159.9,426.1,243.7,0.7199
477,15.900,575,454.8,168.2,478.1,241.2,0.5970
477,15.900,473,129.1,128.3,228.5,364.1,0.8966
477,15.900,610,607.1,147.0,653.8,278.0,0.7623
477,15.900,604,302.8,168.0,324.7,222.7,0.6770
477,15.900,644,561.8,168.2,587.7,239.8,0.8523
477,15.900,679,594.4,153.2,621.4,220.3,0.4189
478,15.933,521,398.3,161.3,422.4,231.8,0.6752
478,15.933,473,127.5,130.4,229.0,366.6,0.8933
478,15.933,610,608.0,147.2,654.7,277.0,0.7158
478,15.933,644,561.8,169.1,587.4,240.3,0.7459
479,15.967,521,396.8,162.1,423.7,241.8,0.6853
479,15.967,575,453.3,165.5,478.2,243.2,0.6381
479,15.967,473,125.4,131.1,231.5,373.5,0.9013
479,15.967,610,605.7,147.9,653.7,282.4,0.7141
479,15.967,604,303.6,169.3,325.1,223.3,0.6414
479,15.967,644,560.1,168.8,586.6,242.3,0.8586
479,15.967,679,595.8,155.8,621.9,220.3,0.2535
480,16.000,521,397.2,162.3,424.6,244.5,0.7461
480,16.000,575,455.2,166.8,479.8,243.1,0.5706
480,16.000,473,125.3,132.2,233.2,374.5,0.8886
480,16.000,610,607.0,148.4,655.5,283.8,0.7743
480,16.000,604,305.0,169.8,326.4,224.5,0.6385
480,16.000,644,560.7,169.7,586.9,242.2,0.8588
481,16.033,521,398.5,163.6,425.8,246.1,0.7386
481,16.033,575,456.1,167.9,480.5,243.8,0.5165
481,16.033,473,124.7,133.6,235.1,377.7,0.8998
481,16.033,610,611.0,148.8,658.8,281.2,0.7612
481,16.033,604,307.3,172.2,328.0,225.6,0.6278
481,16.033,644,562.2,169.5,588.3,241.6,0.7850
482,16.067,521,399.8,164.6,426.8,246.1,0.6622
482,16.067,575,457.7,168.9,481.4,242.2,0.4320
482,16.067,473,122.9,135.8,235.7,382.2,0.8779
482,16.067,610,613.6,148.6,662.9,283.8,0.7680
482,16.067,604,310.0,171.4,331.1,226.2,0.5820
482,16.067,644,563.9,169.3,590.2,241.7,0.7099
483,16.100,521,402.0,163.5,429.1,245.2,0.7667
483,16.100,575,459.6,168.1,483.9,242.7,0.5433
483,16.100,473,122.5,137.8,235.7,382.1,0.8843
483,16.100,610,616.2,147.2,666.8,284.7,0.7554
483,16.100,604,313.0,168.8,334.8,226.5,0.6890
483,16.100,644,565.9,168.6,592.4,241.0,0.6721
484,16.133,521,403.2,162.1,430.6,244.9,0.8017
484,16.133,575,460.5,166.6,485.1,242.4,0.6005
484,16.133,473,121.4,139.3,234.9,381.6,0.8728
484,16.133,610,618.9,146.6,670.0,284.5,0.7561
484,16.133,604,314.3,167.1,336.7,226.9,0.7235
484,16.133,644,566.7,168.2,593.3,240.6,0.6779
485,16.167,521,403.6,161.6,431.0,244.2,0.8074
485,16.167,575,460.6,166.5,485.2,241.5,0.6104
485,16.167,473,119.0,140.3,234.6,384.7,0.8770
485,16.167,610,620.8,146.1,672.4,283.9,0.7695
485,16.167,604,314.7,166.3,337.0,226.2,0.7337
485,16.167,644,567.7,168.8,593.7,239.9,0.6925
485,16.167,688,610.3,153.9,637.0,221.2,0.3716
486,16.200,521,404.3,160.9,431.1,242.0,0.7984
486,16.200,575,460.9,165.9,485.6,240.6,0.6319
486,16.200,473,117.2,140.3,234.4,386.4,0.8708
486,16.200,610,622.0,145.1,673.9,283.2,0.7649
486,16.200,604,315.6,165.5,337.4,224.5,0.7416
486,16.200,644,567.6,166.7,594.3,239.2,0.6635
486,16.200,688,610.6,152.9,637.3,220.3,0.3325
487,16.233,521,405.0,160.5,431.6,240.8,0.7886
487,16.233,575,461.5,166.4,485.7,239.6,0.6243
487,16.233,473,115.5,141.5,233.9,388.1,0.8642
487,16.233,610,623.2,143.1,676.0,283.3,0.7286
487,16.233,604,316.8,164.8,338.2,223.1,0.7144
487,16.233,644,569.0,166.8,595.3,238.5,0.6925
488,16.267,521,405.7,160.4,431.7,239.1,0.7834
488,16.267,575,462.1,166.9,486.2,239.1,0.6143
488,16.267,473,113.6,141.9,232.7,387.8,0.8656
488,16.267,610,624.7,141.5,677.9,283.0,0.7293
488,16.267,604,318.1,164.0,339.3,222.3,0.6872
488,16.267,644,569.8,166.7,595.7,237.1,0.7121
488,16.267,691,615.9,146.4,644.4,273.6,0.3478
489,16.300,521,407.3,160.6,433.1,238.7,0.7988
489,16.300,575,462.8,167.6,486.9,238.9,0.6672
489,16.300,473,111.5,142.3,231.4,388.7,0.8607
489,16.300,610,625.7,140.8,679.7,283.6,0.7079
489,16.300,604,320.2,163.4,341.2,221.9,0.7115
489,16.300,644,570.2,165.5,596.5,237.3,0.7412
489,16.300,691,617.1,145.7,645.9,274.3,0.2944
490,16.333,521,408.6,160.9,434.6,239.5,0.7786
490,16.333,575,463.6,168.6,487.5,238.5,0.6862
490,16.333,473,109.0,143.7,231.4,393.9,0.8667
490,16.333,610,627.2,140.4,681.7,284.2,0.7687
490,16.333,604,321.6,163.3,342.5,221.8,0.7447
490,16.333,644,570.5,165.6,597.0,237.5,0.7899
490,16.333,691,618.3,146.5,646.7,273.5,0.2804
491,16.367,521,409.4,159.8,436.4,242.2,0.7776
491,16.367,575,464.1,169.0,488.3,238.4,0.7651
491,16.367,473,106.5,145.0,230.7,397.4,0.8845
491,16.367,610,629.5,140.7,684.1,284.5,0.7501
491,16.367,604,323.0,163.6,344.0,223.0,0.7035
491,16.367,644,570.9,165.3,597.8,237.8,0.7967
491,16.367,691,621.2,148.1,646.4,260.0,0.3442
492,16.400,521,411.0,161.7,437.6,242.9,0.6805
492,16.400,575,464.8,169.9,489.4,239.6,0.6674
492,16.400,473,101.7,143.6,228.7,400.7,0.9061
492,16.400,610,634.3,142.3,688.5,285.7,0.6859
492,16.400,604,325.2,165.0,345.8,223.8,0.7007
492,16.400,644,572.3,166.0,599.2,238.5,0.8082
492,16.400,691,622.7,148.8,651.2,276.0,0.4575
492,16.400,698,181.3,163.8,216.5,296.2,0.4791
492,16.400,667,357.5,168.2,373.9,206.6,0.2974
493,16.433,521,411.5,162.7,437.5,242.1,0.6471
493,16.433,575,465.4,171.0,490.3,240.7,0.5685
493,16.433,473,98.0,142.6,226.4,402.3,0.8992
493,16.433,610,636.8,143.6,691.4,288.5,0.6784
493,16.433,604,326.4,165.3,347.1,225.1,0.6850
493,16.433,644,573.6,166.5,600.5,238.4,0.7559
493,16.433,691,624.9,148.6,654.0,278.4,0.3249
493,16.433,698,180.7,166.3,215.9,298.9,0.5088
493,16.433,688,622.3,149.6,652.5,226.5,0.4461
494,16.467,521,412.8,163.3,438.8,242.9,0.6319
494,16.467,575,465.7,171.9,490.5,241.2,0.6235
494,16.467,473,95.0,144.6,224.4,404.9,0.9049
494,16.467,610,638.2,144.7,692.9,290.0,0.6726
494,16.467,604,327.9,166.5,348.4,226.0,0.7092
494,16.467,644,574.7,167.1,601.8,238.6,0.7715
494,16.467,691,626.5,149.4,655.7,279.1,0.5089
494,16.467,698,180.8,167.9,217.1,304.7,0.5406
494,16.467,667,361.9,172.4,376.8,208.2,0.4219
495,16.500,521,414.5,163.3,440.2,241.8,0.6915
495,16.500,575,466.2,171.3,491.1,240.6,0.6075
495,16.500,473,93.0,145.9,223.1,406.1,0.9072
495,16.500,610,639.6,143.9,695.0,290.5,0.7433
495,16.500,604,328.9,166.1,349.4,225.4,0.6807
495,16.500,644,575.3,167.4,602.5,238.7,0.7570
495,16.500,691,627.8,149.3,657.0,279.1,0.4290
495,16.500,698,180.0,168.2,216.7,306.3,0.5170
495,16.500,667,363.0,174.7,376.9,207.5,0.2903
495,16.500,688,627.1,150.7,655.6,222.8,0.2657
496,16.533,521,414.8,163.7,440.5,241.8,0.6288
496,16.533,575,465.8,172.4,490.5,241.0,0.5938
496,16.533,473,89.3,146.9,220.8,408.1,0.8949
496,16.533,610,640.4,144.4,696.6,292.8,0.7695
496,16.533,604,329.4,166.8,349.8,226.2,0.7095
496,16.533,644,575.0,167.7,602.6,239.4,0.7523
496,16.533,691,628.2,150.4,656.9,276.9,0.3954
496,16.533,698,177.7,168.6,215.2,309.4,0.5767
496,16.533,667,363.5,175.7,377.4,208.4,0.3963
496,16.533,688,627.9,151.4,657.0,224.7,0.3165
497,16.567,521,415.8,163.3,441.6,242.0,0.7158
497,16.567,575,465.9,170.2,491.2,240.9,0.4735
497,16.567,473,85.0,146.2,218.3,409.6,0.8961
497,16.567,610,643.3,144.7,699.4,292.3,0.7230
497,16.567,604,330.7,165.3,351.2,225.0,0.6783
497,16.567,644,575.9,168.1,603.5,239.5,0.7340
497,16.567,698,177.2,168.3,214.1,306.1,0.5406
497,16.567,667,362.7,172.8,377.3,207.4,0.3526
497,16.567,688,631.2,151.5,659.7,223.0,0.3549
498,16.600,521,416.4,163.3,441.6,239.6,0.6694
498,16.600,575,464.9,169.2,489.1,237.7,0.3855
498,16.600,473,79.9,145.4,215.9,412.8,0.8894
498,16.600,610,644.9,144.6,700.9,291.8,0.7329
498,16.600,604,331.3,164.5,352.0,224.8,0.6790
498,16.600,644,575.9,168.2,603.5,239.3,0.7466
498,16.600,698,174.8,166.3,212.2,305.4,0.5454
498,16.600,688,631.8,150.3,662.3,227.8,0.3556
499,16.633,521,416.1,162.9,441.4,238.9,0.6807
499,16.633,575,463.4,167.3,487.9,237.9,0.3999
499,16.633,473,75.1,143.8,213.5,414.3,0.8861
499,16.633,610,645.4,143.7,702.0,291.7,0.7566
499,16.633,604,331.7,164.1,352.3,223.6,0.6822
499,16.633,644,575.8,168.1,603.1,238.5,0.7163
499,16.633,698,172.4,166.7,209.9,305.5,0.4008
499,16.633,688,631.9,149.5,663.6,231.2,0.3534
500,16.667,521,415.8,161.5,441.8,239.4,0.7073
500,16.667,575,462.3,165.4,486.4,236.6,0.3510
500,16.667,473,71.5,142.4,211.2,414.3,0.9027
500,16.667,610,646.4,141.2,703.6,290.1,0.7373
500,16.667,604,332.9,162.6,353.6,222.7,0.7277
500,16.667,644,576.0,167.8,603.2,237.6,0.7180
500,16.667,698,168.9,164.7,207.7,306.7,0.4196
500,16.667,688,632.0,148.7,665.0,234.8,0.3739
501,16.700,521,415.4,160.5,441.8,239.3,0.6623
501,16.700,473,66.3,141.2,208.4,416.4,0.8934
501,16.700,610,647.4,139.3,705.6,290.3,0.7025
501,16.700,604,333.6,161.9,354.1,221.9,0.7310
501,16.700,644,576.1,166.8,603.1,236.0,0.7509
501,16.700,698,167.3,164.0,206.9,307.4,0.3002
501,16.700,688,633.3,148.1,665.7,233.0,0.2882
502,16.733,521,414.6,159.8,441.0,238.4,0.6384
502,16.733,473,57.0,138.8,203.7,420.9,0.8900
502,16.733,610,649.2,138.7,708.0,290.9,0.6908
502,16.733,604,334.9,161.3,355.3,221.0,0.7635
502,16.733,644,575.7,165.4,602.6,234.2,0.7947
502,16.733,691,635.7,145.3,667.4,282.2,0.2947
502,16.733,698,165.3,163.6,205.4,308.2,0.4337
502,16.733,688,634.7,147.5,666.2,229.9,0.2971
503,16.767,521,414.7,159.3,440.6,236.3,0.6021
503,16.767,473,51.8,136.7,201.7,423.4,0.9000
503,16.767,610,651.1,137.6,710.0,289.4,0.6311
503,16.767,604,336.4,160.0,357.0,219.9,0.7588
503,16.767,644,575.9,163.6,603.1,233.4,0.7901
503,16.767,691,636.6,144.8,668.0,280.0,0.3633
503,16.767,698,163.3,162.3,203.9,306.8,0.3726
503,16.767,688,635.8,146.9,666.4,226.7,0.2884
503,16.767,715,164.5,162.6,204.8,230.5,0.3476
504,16.800,521,413.5,159.0,440.3,238.2,0.6155
504,16.800,473,46.6,135.4,198.8,426.0,0.9118
504,16.800,610,651.1,137.0,711.1,291.2,0.6930
504,16.800,604,335.9,159.7,356.9,220.7,0.7633
504,16.800,644,575.2,162.8,602.7,233.5,0.8081
504,16.800,691,637.1,144.3,668.3,278.8,0.3438
504,16.800,698,160.3,162.0,201.4,306.9,0.4825
504,16.800,715,159.8,163.6,203.0,236.2,0.3905
505,16.833,521,413.6,158.4,440.7,238.4,0.6476
505,16.833,473,42.6,133.4,196.6,426.8,0.9150
505,16.833,610,652.0,135.5,713.1,292.3,0.6391
505,16.833,604,335.7,158.5,356.9,220.1,0.7974
505,16.833,644,575.7,162.6,603.0,232.6,0.8107
505,16.833,691,638.3,144.5,668.2,272.3,0.3251
505,16.833,698,158.5,159.2,200.4,305.3,0.5206
505,16.833,715,155.1,162.0,204.5,245.4,0.3579
506,16.867,521,413.7,157.7,438.9,231.2,0.6786
506,16.867,473,39.4,131.5,193.7,425.9,0.8897
506,16.867,610,652.9,135.5,713.2,289.7,0.6369
506,16.867,604,336.2,158.2,357.5,219.6,0.6516
506,16.867,644,576.0,162.3,603.0,231.7,0.7058
506,16.867,688,641.6,145.5,670.8,222.5,0.3670
506,16.867,715,158.8,160.9,202.9,235.6,0.4629
507,16.900,521,413.8,157.3,440.9,236.8,0.7261
507,16.900,473,32.9,129.9,190.8,430.3,0.8940
507,16.900,610,655.7,136.0,716.5,292.4,0.6418
507,16.900,604,337.5,158.5,359.0,220.2,0.7600
507,16.900,644,577.1,164.2,603.4,231.8,0.7196
507,16.900,715,157.0,159.8,199.9,232.1,0.4631
507,16.900,691,642.7,144.7,670.7,261.5,0.4246
508,16.933,521,414.9,156.9,441.8,236.0,0.7690
508,16.933,473,27.7,128.1,189.0,434.3,0.9040
508,16.933,610,659.1,135.1,720.4,292.6,0.7579
508,16.933,604,340.6,158.3,362.1,219.3,0.6760
508,16.933,644,578.5,163.8,605.1,232.1,0.6926
508,16.933,688,643.7,143.7,676.1,228.7,0.4070
508,16.933,715,155.4,157.6,199.3,231.3,0.2874
508,16.933,691,645.0,139.9,677.2,274.6,0.4476
508,16.933,575,463.6,166.2,486.9,236.2,0.4893
508,16.933,698,156.6,156.5,197.5,295.3,0.3110
509,16.967,521,416.0,156.1,443.1,236.4,0.7738
509,16.967,473,24.3,127.4,187.7,436.5,0.9172
509,16.967,610,661.9,134.5,723.5,292.2,0.7766
509,16.967,604,342.7,158.0,364.0,218.3,0.6239
509,16.967,644,580.2,162.8,607.4,232.5,0.7852
509,16.967,688,644.7,142.8,677.8,230.7,0.3585
509,16.967,715,156.5,157.4,200.1,230.1,0.2672
509,16.967,691,646.3,138.2,679.5,277.3,0.5177
509,16.967,575,463.7,164.7,487.3,235.8,0.5664
509,16.967,698,158.7,157.0,197.3,284.0,0.3362
510,17.000,521,417.7,155.8,444.7,235.6,0.8106
510,17.000,473,18.5,118.2,188.0,439.1,0.9148
510,17.000,610,663.9,133.2,726.4,292.9,0.7885
510,17.000,604,344.4,156.4,366.0,217.7,0.6825
510,17.000,644,582.1,163.4,608.9,232.0,0.7709
510,17.000,688,646.8,142.5,679.4,229.2,0.4213
510,17.000,691,648.8,137.6,682.3,278.1,0.3587
510,17.000,575,464.7,162.0,489.1,235.2,0.6376
511,17.033,521,419.3,154.2,446.4,235.0,0.8382
511,17.033,473,14.4,119.0,184.7,440.9,0.9152
511,17.033,610,667.5,131.9,730.1,292.2,0.7243
511,17.033,604,346.5,155.3,368.0,216.7,0.7407
511,17.033,644,583.5,161.2,610.4,230.4,0.8037
511,17.033,688,647.4,139.2,682.7,233.3,0.4489
511,17.033,715,156.0,154.0,201.0,228.2,0.2800
511,17.033,691,649.7,137.6,683.8,279.4,0.3730
511,17.033,575,465.2,158.3,490.5,233.9,0.6784
511,17.033,698,158.1,155.0,197.3,280.4,0.3139
512,17.067,521,421.0,151.8,447.6,232.2,0.7951
512,17.067,473,8.1,122.3,179.0,443.5,0.9225
512,17.067,610,670.4,129.3,734.5,292.8,0.7074
512,17.067,604,349.0,155.2,369.8,214.6,0.7540
512,17.067,644,586.1,158.8,612.9,228.0,0.8102
512,17.067,688,650.8,135.9,686.3,230.9,0.2994
512,17.067,715,154.4,157.5,197.4,228.6,0.3565
512,17.067,691,652.2,136.0,688.0,284.0,0.4719
512,17.067,575,466.6,156.6,492.2,232.1,0.7022
512,17.067,698,158.3,152.8,198.6,279.0,0.2955
513,17.100,521,422.3,149.8,448.4,228.6,0.7740
513,17.100,473,3.7,122.3,176.5,445.4,0.9321
513,17.100,610,671.9,127.3,736.8,292.4,0.7034
513,17.100,604,350.8,152.1,371.8,212.4,0.7619
513,17.100,644,587.4,156.9,614.4,226.2,0.7916
513,17.100,691,653.4,135.1,689.5,283.8,0.5227
513,17.100,575,467.1,156.4,492.5,230.1,0.6786
513,17.100,698,158.2,150.1,200.6,280.7,0.3916
514,17.133,521,423.0,147.0,449.3,227.0,0.7940
514,17.133,473,0.7,120.9,175.8,447.9,0.9322
514,17.133,610,673.5,124.7,739.2,291.4,0.6937
514,17.133,604,352.0,150.4,373.0,210.3,0.7462
514,17.133,644,588.3,155.6,615.3,225.4,0.7633
514,17.133,691,656.2,133.5,692.2,282.8,0.4555
514,17.133,575,467.3,156.0,492.8,229.1,0.7280
514,17.133,698,158.4,148.9,202.0,281.3,0.3046
515,17.167,521,423.2,145.4,449.9,226.6,0.7893
515,17.167,473,0.0,118.1,175.5,449.9,0.9270
515,17.167,610,675.3,123.9,741.1,291.6,0.6710
515,17.167,604,352.9,149.4,373.7,208.6,0.7754
515,17.167,644,588.8,154.1,615.7,223.6,0.7628
515,17.167,691,659.7,131.9,695.2,280.7,0.4762
515,17.167,575,466.8,154.4,493.0,228.3,0.7181
516,17.200,521,423.6,144.7,450.2,225.9,0.7827
516,17.200,473,0.0,115.9,174.5,450.7,0.9230
516,17.200,610,677.3,122.8,743.5,291.7,0.6766
516,17.200,604,354.0,148.6,374.5,206.7,0.7461
516,17.200,644,589.6,152.4,616.5,221.7,0.7029
516,17.200,691,661.5,130.9,697.0,280.1,0.5414
516,17.200,575,466.0,152.1,493.2,227.9,0.7269
517,17.233,521,423.7,144.2,450.3,226.0,0.7931
517,17.233,473,0.0,112.3,172.9,455.6,0.9195
517,17.233,610,681.0,121.2,747.6,291.7,0.7684
517,17.233,604,354.8,147.6,375.5,206.1,0.6749
517,17.233,644,589.9,150.9,616.9,220.8,0.7087
517,17.233,691,662.4,130.2,698.2,280.5,0.6416
517,17.233,575,464.1,151.1,491.4,227.1,0.6204
517,17.233,698,152.8,142.0,199.9,284.0,0.2706
518,17.267,521,423.9,144.0,450.5,226.1,0.7922
518,17.267,473,0.0,109.7,170.6,456.6,0.9077
518,17.267,610,682.9,120.3,749.8,292.0,0.7899
518,17.267,604,355.5,147.0,376.3,206.0,0.6619
518,17.267,644,590.1,150.3,617.3,220.3,0.7063
518,17.267,691,663.0,129.4,699.1,280.6,0.6262
518,17.267,575,462.7,150.0,490.0,226.5,0.6415
518,17.267,698,152.5,140.3,200.7,284.8,0.4185
518,17.267,731,492.3,158.1,514.8,210.2,0.3446
519,17.300,521,423.6,144.3,450.1,226.2,0.8036
519,17.300,473,0.0,107.2,169.0,460.0,0.9129
519,17.300,610,683.7,120.4,750.9,293.1,0.8012
519,17.300,604,356.0,146.4,377.3,206.7,0.6641
519,17.300,644,590.3,151.8,617.3,221.1,0.7166
519,17.300,691,663.5,129.8,699.7,281.0,0.6303
519,17.300,575,461.4,149.4,488.4,226.3,0.6231
519,17.300,731,491.7,156.1,515.4,211.1,0.3330
519,17.300,733,381.8,151.5,396.5,190.4,0.3629
520,17.333,521,423.0,144.2,449.4,226.4,0.8047
520,17.333,473,0.0,106.6,166.7,465.2,0.9039
520,17.333,610,684.1,120.3,751.6,293.7,0.8082
520,17.333,604,356.2,146.6,377.6,207.4,0.6767
520,17.333,644,589.7,152.5,616.6,221.3,0.6701
520,17.333,691,663.6,129.5,700.2,281.6,0.6084
520,17.333,575,460.3,151.0,486.5,226.7,0.5774
520,17.333,698,151.4,138.4,199.8,282.2,0.2704
520,17.333,731,493.1,160.5,515.0,211.3,0.2964
520,17.333,733,382.4,151.1,397.2,190.5,0.2943
521,17.367,521,422.0,146.2,447.9,225.9,0.7584
521,17.367,473,0.0,106.5,162.6,467.9,0.8752
521,17.367,610,683.8,121.0,751.6,295.3,0.8015
521,17.367,604,354.8,147.9,376.3,208.5,0.7012
521,17.367,644,588.3,153.7,615.0,222.0,0.6806
521,17.367,691,663.4,130.9,700.2,282.3,0.5852
521,17.367,715,148.9,144.3,196.9,224.4,0.6887
522,17.400,521,421.1,145.8,447.6,227.9,0.7995
522,17.400,473,0.0,106.2,159.3,475.2,0.8852
522,17.400,610,685.0,121.5,753.5,297.9,0.7838
522,17.400,604,354.7,148.2,376.1,209.0,0.6368
522,17.400,644,587.1,155.2,614.0,223.8,0.7183
522,17.400,691,665.9,131.1,702.9,283.1,0.6247
522,17.400,575,457.8,150.3,484.1,227.4,0.5556
522,17.400,715,146.0,143.3,195.2,224.7,0.5514
523,17.433,521,418.2,148.4,444.4,229.9,0.6949
523,17.433,473,0.0,108.2,154.1,479.2,0.8937
523,17.433,610,684.6,122.3,753.5,300.6,0.8000
523,17.433,604,352.9,149.2,374.5,210.6,0.6428
523,17.433,644,585.4,155.6,612.5,225.0,0.7321
523,17.433,691,665.6,133.2,702.7,285.8,0.6190
523,17.433,575,455.8,153.9,481.5,229.8,0.5665
523,17.433,715,142.0,142.9,192.1,226.4,0.4931
524,17.467,521,416.7,148.9,442.4,229.3,0.7090
524,17.467,473,0.0,109.8,148.9,483.8,0.8874
524,17.467,610,684.2,122.3,753.1,300.5,0.7888
524,17.467,604,352.0,149.3,373.8,210.7,0.6584
524,17.467,644,584.2,155.1,611.6,224.9,0.6333
524,17.467,691,666.3,132.8,703.4,285.2,0.6083
524,17.467,575,454.0,154.4,479.6,230.6,0.4953
524,17.467,715,140.3,144.3,190.6,228.3,0.5291
525,17.500,521,415.2,146.4,442.3,231.2,0.7766
525,17.500,473,0.0,114.9,143.6,488.3,0.8921
525,17.500,610,684.6,122.1,753.9,302.1,0.8192
525,17.500,604,352.0,150.0,373.7,211.2,0.7499
525,17.500,644,583.1,155.2,610.6,224.9,0.6802
525,17.500,691,665.0,133.3,702.7,289.0,0.6503
525,17.500,575,451.4,152.1,477.5,231.0,0.5906
525,17.500,715,138.8,145.3,188.1,227.2,0.3839
525,17.500,737,515.7,154.7,531.1,193.0,0.3712
526,17.533,521,413.3,145.5,440.8,231.5,0.7305
526,17.533,473,0.0,127.3,136.2,492.3,0.8582
526,17.533,610,684.3,121.5,753.9,302.7,0.8047
526,17.533,604,351.2,150.1,372.7,210.8,0.7601
526,17.533,644,579.8,153.9,607.6,223.9,0.7163
526,17.533,691,663.9,133.0,701.5,289.0,0.5711
526,17.533,575,449.6,152.5,475.1,230.7,0.5708
526,17.533,715,137.6,145.0,185.5,226.4,0.3200
526,17.533,737,514.1,155.0,529.2,192.5,0.3202
527,17.567,521,409.9,144.5,436.9,228.8,0.8052
527,17.567,473,0.0,131.8,127.4,496.9,0.8644
527,17.567,610,683.4,120.1,753.2,302.3,0.7800
527,17.567,604,349.5,148.9,370.7,209.0,0.6708
527,17.567,644,577.4,151.2,605.4,221.8,0.6579
527,17.567,691,661.7,131.1,699.8,289.4,0.6399
527,17.567,575,447.1,153.5,471.4,228.6,0.5713
527,17.567,715,129.5,143.5,179.0,227.0,0.5878
527,17.567,737,512.3,154.3,526.6,189.8,0.3554
528,17.600,521,405.8,144.4,432.3,227.4,0.8184
528,17.600,473,0.0,136.8,119.8,503.4,0.8545
528,17.600,610,682.7,119.3,752.4,302.1,0.7418
528,17.600,604,347.0,147.1,368.6,208.1,0.7004
528,17.600,644,575.4,149.4,603.4,219.8,0.6484
528,17.600,691,660.0,129.8,698.8,291.9,0.6472
528,17.600,575,444.5,155.2,467.9,227.4,0.6820
528,17.600,715,122.3,140.9,173.7,227.1,0.6204
529,17.633,521,403.0,144.3,429.4,227.0,0.8093
529,17.633,473,0.0,155.6,109.9,506.2,0.7337
529,17.633,610,681.0,118.4,751.0,302.1,0.7262
529,17.633,604,345.1,146.8,366.8,207.2,0.6422
529,17.633,644,573.5,146.7,602.3,218.6,0.7135
529,17.633,691,659.1,127.6,698.2,290.7,0.6074
529,17.633,575,441.7,153.5,465.0,225.5,0.6869
529,17.633,715,116.4,139.6,168.8,226.8,0.4217
530,17.667,521,400.2,143.8,426.9,226.7,0.7729
530,17.667,610,678.8,117.7,749.1,302.2,0.7172
530,17.667,604,343.6,146.5,365.1,206.1,0.6242
530,17.667,644,572.0,147.4,600.4,217.9,0.6180
530,17.667,691,657.5,126.9,696.5,289.9,0.5581
530,17.667,575,438.9,151.5,462.8,226.2,0.6137
530,17.667,715,112.3,138.8,165.0,225.9,0.3288
531,17.700,521,397.6,143.8,424.3,226.6,0.8120
531,17.700,610,677.3,117.2,747.9,302.1,0.7170
531,17.700,604,342.2,146.7,363.6,205.6,0.6702
531,17.700,644,569.1,148.3,596.5,217.2,0.5011
531,17.700,691,655.9,126.5,695.0,289.9,0.5236
531,17.700,575,437.5,151.2,461.4,226.3,0.6231
531,17.700,715,106.6,138.2,159.4,224.6,0.3659
532,17.733,521,393.4,144.2,420.0,227.0,0.7835
532,17.733,610,676.2,116.3,747.3,302.7,0.7225
532,17.733,604,340.1,147.4,361.4,205.9,0.7166
532,17.733,644,565.4,147.4,593.3,218.1,0.4724
532,17.733,691,652.7,126.0,692.4,290.3,0.5676
532,17.733,575,434.3,149.8,458.6,226.7,0.6614
532,17.733,715,99.3,138.5,153.3,226.8,0.4561
533,17.767,521,391.0,144.2,417.4,226.8,0.7742
533,17.767,610,676.0,115.4,747.5,303.6,0.7394
533,17.767,604,339.3,148.4,360.1,205.6,0.7171
533,17.767,644,563.1,146.3,591.0,217.8,0.4886
533,17.767,691,651.8,125.6,691.9,290.1,0.5651
533,17.767,575,432.8,150.2,456.6,226.5,0.5833
533,17.767,715,94.6,137.2,148.2,224.7,0.5500
534,17.800,521,389.3,143.8,416.0,227.4,0.7568
534,17.800,610,675.7,115.8,747.8,306.3,0.7437
534,17.800,604,337.2,147.2,359.1,207.5,0.7480
534,17.800,644,561.9,148.3,588.5,218.0,0.3962
534,17.800,691,653.9,125.0,694.8,295.6,0.4513
534,17.800,575,430.7,149.2,455.9,230.0,0.7070
534,17.800,715,89.2,136.6,144.5,227.4,0.5577
535,17.833,521,388.0,143.5,415.0,227.6,0.6953
535,17.833,610,676.9,114.9,749.5,306.6,0.7620
535,17.833,604,337.7,146.3,359.9,207.1,0.7052
535,17.833,644,561.5,147.9,588.2,218.8,0.4079
535,17.833,691,654.7,125.0,695.6,295.2,0.5566
535,17.833,575,430.4,149.8,455.4,229.7,0.7184
535,17.833,715,85.8,136.9,140.9,227.4,0.5303
535,17.833,752,87.3,143.4,112.1,229.6,0.4201
536,17.867,521,387.9,143.6,415.2,228.4,0.7279
536,17.867,610,677.4,114.5,750.0,306.2,0.7701
536,17.867,604,338.6,146.3,360.8,206.8,0.7660
536,17.867,644,561.7,149.2,587.3,218.1,0.4361
536,17.867,691,655.4,124.5,696.1,294.7,0.6083
536,17.867,575,429.9,149.8,454.6,229.4,0.7078
536,17.867,715,84.1,138.0,138.8,227.9,0.5663
536,17.867,752,87.0,141.8,112.3,229.5,0.4446
537,17.900,521,386.1,141.9,413.1,226.2,0.7315
537,17.900,610,680.0,113.4,752.6,305.6,0.7891
537,17.900,604,338.4,146.6,360.0,205.4,0.7538
537,17.900,644,561.4,148.2,586.7,216.8,0.4744
537,17.900,691,656.2,122.1,697.2,294.1,0.6208
537,17.900,575,428.7,146.4,453.8,227.8,0.6888
537,17.900,715,79.6,139.5,133.3,228.1,0.6569
538,17.933,521,385.7,139.9,412.6,223.9,0.7462
538,17.933,610,682.4,112.4,755.0,305.0,0.8008
538,17.933,604,339.5,145.8,360.9,204.0,0.6738
538,17.933,644,561.6,144.2,586.7,213.4,0.5003
538,17.933,691,657.7,120.0,699.0,292.8,0.6622
538,17.933,575,428.6,144.7,453.8,226.2,0.6918
538,17.933,715,77.2,138.6,131.2,228.0,0.6810
538,17.933,758,584.2,146.8,601.8,195.8,0.4470
539,17.967,521,385.8,139.0,412.4,222.2,0.7539
539,17.967,610,683.7,111.1,756.5,304.5,0.8120
539,17.967,604,340.4,146.4,361.2,203.4,0.6687
539,17.967,644,561.8,142.6,586.5,212.1,0.5395
539,17.967,691,660.7,120.2,700.7,288.9,0.6631
539,17.967,575,428.3,143.6,453.6,225.1,0.7422
539,17.967,715,74.6,137.4,129.0,228.1,0.6883
539,17.967,758,584.7,145.3,602.3,194.5,0.4560
540,18.000,521,385.4,138.0,411.9,221.1,0.7252
540,18.000,610,684.7,109.3,757.8,304.3,0.8009
540,18.000,604,340.3,143.5,361.5,201.9,0.6208
540,18.000,644,561.7,141.6,586.3,211.5,0.5463
540,18.000,691,662.8,118.5,702.4,287.0,0.6274
540,18.000,575,427.8,143.9,452.8,224.5,0.6783
540,18.000,715,71.5,136.1,126.9,229.2,0.7591
540,18.000,758,584.6,144.0,603.0,195.3,0.4939
541,18.033,521,385.2,137.0,411.2,218.9,0.7651
541,18.033,610,684.9,106.8,758.6,303.7,0.7583
541,18.033,604,340.2,141.7,361.3,200.2,0.6766
541,18.033,644,561.6,140.9,585.9,210.5,0.5427
541,18.033,691,664.1,116.6,703.3,285.1,0.6115
541,18.033,575,427.5,142.9,452.3,223.1,0.6351
541,18.033,715,70.0,134.6,125.1,227.7,0.7337
541,18.033,758,583.7,142.5,603.3,196.9,0.4530
542,18.067,521,384.3,133.8,410.3,216.4,0.7960
542,18.067,610,685.2,103.6,759.6,304.0,0.7463
542,18.067,604,340.8,141.4,361.1,198.4,0.6340
542,18.067,644,561.6,141.2,585.0,208.2,0.6880
542,18.067,691,666.2,114.1,705.2,283.7,0.6592
542,18.067,575,426.4,142.2,451.0,222.1,0.4877
542,18.067,715,65.5,132.9,120.9,227.9,0.7383
542,18.067,758,584.0,139.7,603.7,194.6,0.5271
543,18.100,521,383.6,132.4,409.6,215.4,0.7930
543,18.100,610,685.9,101.5,760.5,304.4,0.7259
543,18.100,604,340.5,140.2,360.9,197.5,0.6167
543,18.100,644,561.2,141.5,584.3,207.2,0.7001
543,18.100,691,667.7,112.6,706.6,283.1,0.6479
543,18.100,575,425.0,139.2,450.2,221.5,0.5260
543,18.100,715,62.3,131.6,117.4,227.4,0.7827
543,18.100,758,583.0,136.9,603.9,195.4,0.5449
543,18.100,770,465.3,153.3,490.1,201.8,0.3936
544,18.133,521,383.4,131.5,409.3,215.2,0.7981
544,18.133,610,687.2,99.8,761.4,304.6,0.7023
544,18.133,604,341.4,140.0,361.6,196.9,0.6236
544,18.133,644,560.7,141.5,583.9,206.9,0.6876
544,18.133,691,669.5,111.2,708.5,282.8,0.6719
544,18.133,575,424.3,137.0,449.6,220.4,0.5907
544,18.133,715,59.4,131.3,113.9,227.0,0.6806
544,18.133,758,582.6,135.3,604.1,195.6,0.5234
544,18.133,770,465.5,151.6,490.8,201.3,0.4123
545,18.167,521,383.3,131.2,409.0,214.8,0.7948
545,18.167,610,690.3,99.9,764.1,304.7,0.7586
545,18.167,604,342.0,140.2,362.1,196.7,0.6284
545,18.167,644,560.6,141.5,583.9,206.8,0.6471
545,18.167,691,671.2,110.0,710.3,282.9,0.6813
545,18.167,575,423.8,137.2,449.0,220.2,0.6052
545,18.167,715,57.2,130.9,112.0,228.4,0.7443
545,18.167,758,583.6,136.3,604.6,195.4,0.6011
545,18.167,770,465.6,151.4,491.0,201.2,0.4011
546,18.200,521,382.9,131.7,408.4,215.0,0.7931
546,18.200,610,692.3,99.9,766.1,305.6,0.8003
546,18.200,604,342.1,141.6,361.9,197.5,0.6782
546,18.200,644,560.2,142.2,583.5,207.1,0.6294
546,18.200,691,672.8,109.6,711.9,283.2,0.6643
546,18.200,575,423.2,138.1,448.3,220.3,0.6609
546,18.200,715,54.5,130.2,110.0,229.3,0.7287
546,18.200,758,584.2,137.8,604.6,195.0,0.6332
546,18.200,770,465.6,152.7,490.7,201.9,0.3077
547,18.233,521,381.6,132.8,406.9,215.2,0.8010
547,18.233,610,694.1,100.2,768.6,308.8,0.7641
547,18.233,604,342.1,141.0,362.4,198.7,0.6544
547,18.233,644,559.6,142.1,583.2,207.7,0.6986
547,18.233,691,675.1,108.7,715.5,288.5,0.6482
547,18.233,575,422.3,139.0,447.6,221.8,0.6839
547,18.233,715,50.9,131.3,105.9,229.9,0.8149
547,18.233,758,584.5,139.4,604.6,195.4,0.6426
547,18.233,770,465.5,153.7,490.6,202.9,0.2955
548,18.267,521,380.0,132.8,405.8,216.8,0.7480
548,18.267,610,695.3,100.4,770.1,311.7,0.7508
548,18.267,604,341.5,140.3,362.6,199.9,0.6255
548,18.267,644,560.0,142.4,583.6,208.2,0.7484
548,18.267,691,676.9,108.6,717.8,290.9,0.7332
548,18.267,575,421.7,139.3,447.0,222.3,0.6315
548,18.267,715,48.8,132.8,102.2,228.9,0.7570
548,18.267,758,584.9,140.0,604.8,195.3,0.6900
549,18.300,521,381.1,133.7,406.8,217.2,0.7710
549,18.300,610,698.2,100.7,772.4,313.1,0.7431
549,18.300,604,343.0,142.4,363.3,200.0,0.5743
549,18.300,644,560.5,141.8,584.4,208.1,0.7730
549,18.300,691,678.6,109.5,720.2,294.1,0.7087
549,18.300,575,421.8,139.3,447.3,222.7,0.6043
549,18.300,715,47.2,133.9,101.4,231.4,0.7405
549,18.300,758,587.1,141.3,606.1,193.5,0.6667
550,18.333,521,380.7,133.7,406.4,216.7,0.7687
550,18.333,610,699.6,100.3,772.8,313.1,0.7238
550,18.333,604,343.5,142.0,364.2,200.8,0.5967
550,18.333,644,560.3,141.8,584.2,208.0,0.7483
550,18.333,691,680.0,108.2,722.7,297.3,0.6681
550,18.333,575,421.5,139.6,446.8,222.5,0.5858
550,18.333,715,45.5,134.2,99.0,230.4,0.7704
550,18.333,758,587.8,140.9,607.2,193.7,0.6520
550,18.333,770,466.6,153.9,492.0,203.7,0.2856
551,18.367,521,380.9,134.2,407.1,219.4,0.7786
551,18.367,610,702.5,101.0,775.1,313.2,0.7087
551,18.367,604,344.0,141.3,365.0,201.2,0.5996
551,18.367,644,560.1,140.1,585.1,209.3,0.7675
551,18.367,691,681.2,108.5,724.5,299.5,0.6924
551,18.367,575,421.9,141.9,446.6,222.7,0.6684
551,18.367,715,41.8,134.9,96.7,234.0,0.7841
551,18.367,758,588.7,142.0,608.1,194.4,0.5600
552,18.400,521,379.2,134.2,405.6,219.7,0.7632
552,18.400,610,705.4,100.5,778.5,314.2,0.7399
552,18.400,604,343.4,140.7,364.2,199.7,0.6553
552,18.400,644,559.4,141.4,584.0,209.1,0.7596
552,18.400,691,682.5,107.6,726.4,300.6,0.7061
552,18.400,575,421.2,142.3,445.6,221.7,0.7345
552,18.400,715,35.5,134.9,89.7,232.6,0.7368
552,18.400,758,587.8,140.4,608.2,195.2,0.6483
553,18.433,521,378.5,133.4,405.1,219.3,0.7690
553,18.433,610,706.9,98.3,781.3,316.8,0.7551
553,18.433,604,343.5,140.4,364.1,198.7,0.6811
553,18.433,644,559.0,140.4,583.6,208.4,0.7565
553,18.433,691,684.1,106.5,728.6,299.7,0.7343
553,18.433,575,420.4,140.7,445.2,221.7,0.6737
553,18.433,715,31.0,134.2,86.5,234.3,0.7842
553,18.433,758,587.6,138.3,608.7,194.7,0.6495
553,18.433,789,90.6,143.8,110.5,184.9,0.3691
554,18.467,521,377.3,132.0,404.2,218.9,0.7530
554,18.467,610,706.8,96.4,781.2,317.1,0.7470
554,18.467,604,343.3,139.6,363.9,198.0,0.6660
554,18.467,644,558.7,140.6,583.1,208.0,0.7186
554,18.467,691,685.4,105.5,730.4,299.7,0.7359
554,18.467,575,419.5,139.4,444.3,220.8,0.6714
554,18.467,715,27.0,133.5,83.7,235.7,0.7808
554,18.467,758,587.6,137.1,608.9,193.7,0.6654
554,18.467,770,466.3,152.1,492.4,203.2,0.3187
554,18.467,789,88.1,141.5,110.2,187.3,0.3918
555,18.500,521,376.4,131.3,403.5,218.1,0.7114
555,18.500,610,709.3,95.4,784.0,317.1,0.7577
555,18.500,604,342.8,138.9,363.6,197.6,0.6534
555,18.500,644,558.4,141.0,582.4,207.2,0.7286
555,18.500,691,686.5,104.8,732.0,300.6,0.7136
555,18.500,575,418.3,137.8,443.5,220.7,0.7196
555,18.500,715,23.9,132.2,80.9,234.8,0.8048
555,18.500,758,587.3,136.1,608.7,192.6,0.6531
555,18.500,770,464.3,150.5,490.9,202.7,0.3339
555,18.500,789,85.9,140.5,108.4,187.1,0.4511
556,18.533,521,375.1,131.3,402.2,218.2,0.7581
556,18.533,610,707.3,94.4,781.8,318.5,0.8023
556,18.533,604,342.0,138.4,362.9,197.3,0.6679
556,18.533,644,557.7,141.0,581.5,206.8,0.7286
556,18.533,691,686.5,104.3,732.3,301.2,0.7120
556,18.533,575,416.8,137.1,442.1,220.5,0.7415
556,18.533,715,19.4,132.8,77.2,236.2,0.7717
556,18.533,758,586.1,135.1,609.0,196.0,0.6756
556,18.533,789,83.5,142.3,105.3,187.4,0.3609
557,18.567,521,373.8,131.9,400.7,217.6,0.7870
557,18.567,610,708.7,92.9,783.1,320.3,0.7737
557,18.567,604,341.7,138.1,362.7,197.2,0.6674
557,18.567,644,557.3,138.7,581.6,206.0,0.7283
557,18.567,691,689.1,103.4,735.1,301.7,0.7139
557,18.567,575,416.3,137.2,441.3,219.8,0.7194
557,18.567,715,14.8,132.0,72.7,234.5,0.7975
557,18.567,758,586.8,135.5,609.6,195.9,0.7607
557,18.567,770,463.0,149.9,489.5,201.9,0.2832
557,18.567,789,81.1,141.2,102.6,186.0,0.3706
558,18.600,521,372.5,133.0,399.0,217.9,0.8048
558,18.600,610,710.9,92.5,785.1,322.1,0.7273
558,18.600,604,341.4,138.3,362.8,198.9,0.7128
558,18.600,644,556.9,138.0,581.3,206.1,0.7195
558,18.600,691,690.4,103.5,736.5,302.5,0.7378
558,18.600,575,415.7,138.0,440.8,220.6,0.7160
558,18.600,715,9.9,132.0,69.4,236.5,0.8078
558,18.600,758,586.8,137.0,609.7,198.0,0.7872
558,18.600,789,78.9,141.4,101.3,188.3,0.2749
559,18.633,521,371.2,134.1,397.6,218.7,0.7943
559,18.633,610,713.1,92.2,787.5,324.2,0.7076
559,18.633,604,341.3,138.8,362.9,200.2,0.6617
559,18.633,644,556.3,138.4,580.7,206.5,0.6906
559,18.633,691,691.2,103.7,737.4,303.6,0.7271
559,18.633,575,414.9,137.3,440.4,221.7,0.6496
559,18.633,715,5.3,132.5,64.8,235.8,0.7753
559,18.633,758,586.8,137.8,610.3,200.6,0.7775
559,18.633,796,692.5,105.5,733.2,207.1,0.3224
560,18.667,521,369.8,134.5,396.6,220.3,0.7601
560,18.667,610,713.7,92.6,787.7,326.4,0.6983
560,18.667,604,341.9,140.7,363.0,200.9,0.6136
560,18.667,644,555.9,138.2,580.6,207.4,0.6675
560,18.667,691,691.8,103.7,738.1,304.8,0.7039
560,18.667,575,414.6,138.1,440.1,222.6,0.6962
560,18.667,715,2.1,133.0,61.2,235.0,0.7632
560,18.667,758,587.4,137.7,610.7,200.1,0.7170
560,18.667,789,77.2,146.2,97.5,189.1,0.2791
560,18.667,796,692.9,105.4,733.5,206.9,0.3013
560,18.667,799,43.9,139.3,69.5,195.1,0.4051
561,18.700,521,368.7,136.0,395.3,220.8,0.7931
561,18.700,610,713.6,93.6,786.4,327.3,0.6862
561,18.700,604,342.3,142.7,363.2,202.1,0.6594
561,18.700,644,555.7,138.4,580.6,208.2,0.6528
561,18.700,691,692.1,104.7,737.8,305.7,0.6737
561,18.700,575,414.4,139.3,439.0,220.9,0.5948
561,18.700,715,0.0,134.1,57.4,234.6,0.7726
561,18.700,758,588.7,140.1,610.1,197.1,0.6797
561,18.700,789,76.2,148.3,94.6,186.6,0.2955
561,18.700,796,692.7,105.7,734.3,210.1,0.3267
561,18.700,799,43.0,141.2,69.8,199.8,0.2808
562,18.733,521,368.9,136.8,396.3,223.8,0.7881
562,18.733,610,724.3,93.0,800.3,332.4,0.7295
562,18.733,604,344.3,143.9,365.3,203.2,0.6799
562,18.733,644,557.3,142.1,581.6,210.2,0.7034
562,18.733,691,696.3,105.1,743.4,312.1,0.7499
562,18.733,575,416.0,142.1,440.7,223.4,0.6674
562,18.733,715,0.0,135.6,53.9,235.8,0.6338
562,18.733,758,591.5,140.6,614.0,200.0,0.6514
562,18.733,796,697.3,106.3,740.2,214.0,0.3218
562,18.733,799,42.0,143.7,69.4,203.5,0.4656
563,18.767,521,371.2,138.8,398.8,226.6,0.7996
563,18.767,610,726.2,93.7,802.6,336.5,0.8026
563,18.767,604,347.1,145.9,368.2,205.1,0.6849
563,18.767,644,559.5,144.5,584.0,212.8,0.7309
563,18.767,691,701.7,105.4,749.7,315.9,0.6875
563,18.767,575,419.1,145.2,443.4,225.3,0.5997
563,18.767,715,0.0,138.3,54.0,239.5,0.7449
563,18.767,758,594.8,142.0,617.3,201.4,0.6288
563,18.767,796,702.0,107.5,744.4,214.7,0.4041
563,18.767,799,41.3,145.9,69.2,207.2,0.5790
564,18.800,521,373.0,140.0,400.6,226.6,0.7780
564,18.800,610,731.8,94.6,809.2,339.7,0.7979
564,18.800,604,349.8,144.4,372.3,206.8,0.7052
564,18.800,644,560.3,145.4,585.0,213.9,0.6994
564,18.800,691,705.0,105.5,753.4,318.2,0.6815
564,18.800,575,420.9,144.3,445.9,226.9,0.6792
564,18.800,715,0.0,140.2,53.1,241.8,0.6937
564,18.800,758,596.8,142.0,621.6,207.7,0.3982
564,18.800,796,705.8,108.5,748.2,215.8,0.3208
564,18.800,799,39.4,147.1,68.0,210.6,0.5370
564,18.800,807,81.3,150.4,99.8,194.6,0.4363
565,18.833,521,374.6,141.3,402.0,226.6,0.7691
565,18.833,610,734.2,96.0,811.5,342.3,0.7220
565,18.833,604,352.2,144.6,374.7,206.7,0.6885
565,18.833,644,562.2,145.1,587.4,214.9,0.7207
565,18.833,691,709.3,105.6,758.2,319.3,0.7280
565,18.833,575,422.7,144.7,447.7,227.4,0.6282
565,18.833,715,0.0,141.4,50.4,235.2,0.6162
565,18.833,758,600.0,143.1,623.9,205.9,0.6528
565,18.833,796,709.7,108.6,752.8,218.0,0.4002
565,18.833,799,41.6,148.3,70.2,211.8,0.5467
565,18.833,807,82.5,152.5,99.7,193.6,0.3276
565,18.833,809,48.7,148.5,74.5,209.7,0.4719
566,18.867,521,375.3,141.5,402.9,226.7,0.7905
566,18.867,610,737.6,96.6,814.6,343.7,0.7349
566,18.867,604,355.1,147.7,376.4,206.3,0.6721
566,18.867,644,564.5,145.1,589.8,215.0,0.6929
566,18.867,691,713.4,106.3,762.5,320.3,0.7289
566,18.867,575,424.8,145.6,449.7,227.6,0.3869
566,18.867,715,0.0,142.1,51.3,238.8,0.6313
566,18.867,758,603.5,142.4,627.7,205.8,0.6348
566,18.867,796,714.3,107.4,757.8,218.6,0.3234
566,18.867,799,43.3,148.8,71.6,211.9,0.5652
567,18.900,521,377.8,141.3,405.2,225.5,0.8504
567,18.900,610,743.2,94.1,821.3,346.7,0.6822
567,18.900,604,356.9,146.4,378.5,206.1,0.6549
567,18.900,644,566.0,144.5,591.5,214.4,0.6197
567,18.900,691,718.7,106.1,768.6,324.1,0.7466
567,18.900,575,426.5,143.9,452.1,227.9,0.5107
567,18.900,715,0.0,139.7,51.7,242.7,0.7476
567,18.900,758,607.0,142.6,630.9,204.8,0.6327
567,18.900,799,40.4,147.5,69.0,211.6,0.5582
567,18.900,807,83.7,151.2,103.7,198.8,0.5655
567,18.900,770,454.0,156.3,480.2,208.3,0.3527
568,18.933,521,379.3,140.0,407.0,224.4,0.8565
568,18.933,610,747.3,92.8,826.0,349.0,0.7652
568,18.933,604,359.1,145.4,380.6,205.3,0.5777
568,18.933,644,567.5,144.9,592.6,213.6,0.6533
568,18.933,691,723.5,105.1,773.8,324.0,0.7559
568,18.933,575,427.7,145.5,452.4,226.4,0.3970
568,18.933,715,0.0,139.1,50.8,244.3,0.7190
568,18.933,758,609.8,142.9,633.0,202.8,0.6466
568,18.933,799,39.4,147.0,67.6,211.0,0.5931
568,18.933,807,83.6,149.4,104.5,199.4,0.5578
568,18.933,814,478.1,161.0,503.2,210.4,0.4752
568,18.933,770,454.6,156.7,479.9,208.0,0.2999
568,18.933,789,58.3,150.2,84.0,206.3,0.5008
569,18.967,521,380.5,137.8,408.4,223.4,0.8086
569,18.967,610,751.3,91.6,830.2,350.4,0.7294
569,18.967,604,361.6,146.8,381.9,203.1,0.4820
569,18.967,644,568.6,144.8,593.2,211.7,0.6916
569,18.967,691,728.3,103.4,779.6,324.3,0.7423
569,18.967,575,428.9,145.3,453.5,225.3,0.6682
569,18.967,715,0.0,138.9,49.7,243.5,0.7673
569,18.967,758,612.4,142.3,634.9,199.7,0.6828
569,18.967,799,39.2,146.6,66.9,210.3,0.6472
569,18.967,807,84.1,148.6,104.6,198.0,0.5198
569,18.967,789,58.2,150.9,82.2,204.8,0.4408
570,19.000,521,381.7,137.0,409.7,223.0,0.8407
570,19.000,610,754.0,91.9,832.6,351.4,0.6903
570,19.000,604,363.0,147.2,383.1,202.6,0.5444
570,19.000,644,569.1,144.6,593.6,210.9,0.7164
570,19.000,691,731.0,102.3,783.1,324.1,0.7673
570,19.000,575,429.4,145.2,454.1,225.2,0.7461
570,19.000,715,0.0,139.0,48.2,243.4,0.7986
570,19.000,758,614.2,142.1,636.9,199.2,0.6004
570,19.000,799,38.6,146.5,65.9,209.6,0.6693
570,19.000,807,83.8,149.0,103.9,197.5,0.5561
570,19.000,789,57.9,150.4,82.2,206.8,0.5387
570,19.000,818,758.1,92.2,866.4,350.3,0.5172
570,19.000,819,516.5,145.9,528.1,180.9,0.3497
570,19.000,820,465.8,152.4,487.8,207.0,0.3402
571,19.033,521,382.9,135.4,411.0,222.3,0.8069
571,19.033,610,758.1,91.1,836.8,352.4,0.6832
571,19.033,604,363.9,146.9,384.0,202.1,0.6337
571,19.033,644,569.5,144.6,593.9,210.5,0.7038
571,19.033,691,733.3,102.6,785.3,324.3,0.7877
571,19.033,575,429.4,144.4,454.6,225.3,0.7548
571,19.033,715,0.0,138.2,46.8,243.0,0.7684
571,19.033,758,615.0,141.1,638.4,199.1,0.5888
571,19.033,796,734.3,105.1,777.7,218.2,0.3031
571,19.033,799,38.1,145.0,65.2,208.6,0.6528
571,19.033,807,83.0,149.3,103.0,197.9,0.5944
571,19.033,789,58.9,151.7,81.2,204.4,0.5234
571,19.033,818,759.2,91.6,868.3,351.8,0.5107
571,19.033,819,516.2,144.0,528.6,181.0,0.2777
571,19.033,820,464.0,151.7,486.1,206.5,0.3375
572,19.067,521,383.4,135.9,411.5,223.0,0.7881
572,19.067,604,365.8,146.8,385.9,202.0,0.5330
572,19.067,644,570.1,144.2,594.9,211.0,0.7141
572,19.067,691,737.1,101.9,790.1,326.4,0.7686
572,19.067,575,428.1,142.2,454.5,226.5,0.7638
572,19.067,715,0.0,137.1,44.3,242.7,0.7501
572,19.067,758,616.8,142.3,640.7,201.6,0.5829
572,19.067,796,738.4,104.7,782.2,219.3,0.2814
572,19.067,799,35.3,143.9,62.6,208.4,0.7124
572,19.067,807,81.5,148.5,101.6,197.4,0.7125
572,19.067,814,478.1,154.3,505.2,208.1,0.2627
572,19.067,789,59.5,152.1,80.3,202.0,0.5766
572,19.067,818,755.4,87.1,867.2,355.0,0.7452
572,19.067,820,460.8,151.9,482.9,206.9,0.4006
573,19.100,521,384.0,137.2,412.0,224.1,0.8009
573,19.100,604,366.6,146.4,387.1,202.3,0.6200
573,19.100,644,570.9,144.7,595.8,211.9,0.7301
573,19.100,691,739.5,101.6,793.2,328.7,0.7162
573,19.100,575,427.5,141.5,454.1,226.1,0.7423
573,19.100,715,0.0,136.2,40.7,242.2,0.6787
573,19.100,758,619.0,143.2,642.1,200.2,0.6175
573,19.100,796,742.1,104.6,786.7,221.2,0.2577
573,19.100,799,32.6,143.3,59.7,208.4,0.6758
573,19.100,807,80.7,148.1,101.0,197.5,0.7004
573,19.100,814,479.0,153.6,506.9,209.0,0.2925
573,19.100,789,60.0,153.4,79.3,200.4,0.5631
573,19.100,818,758.7,85.9,871.9,359.1,0.7144
573,19.100,819,517.8,144.1,530.7,182.4,0.3180
573,19.100,820,461.9,152.9,483.9,207.4,0.4317
574,19.133,521,384.7,138.3,412.7,225.3,0.8065
574,19.133,604,367.9,146.4,388.5,202.7,0.6789
574,19.133,644,572.3,145.6,597.3,213.3,0.7832
574,19.133,691,742.0,102.6,795.5,331.1,0.7294
574,19.133,575,427.9,143.2,454.2,226.4,0.7394
574,19.133,715,0.0,135.7,38.8,241.9,0.6827
574,19.133,758,621.0,143.3,644.9,202.1,0.6191
574,19.133,799,31.5,142.3,58.4,207.9,0.7663
574,19.133,807,80.3,148.7,100.4,197.9,0.6661
574,19.133,789,60.0,152.7,79.0,199.7,0.5758
574,19.133,819,519.4,145.7,532.1,183.4,0.2698
574,19.133,820,461.3,157.7,481.4,207.7,0.2943
574,19.133,610,771.8,89.5,853.6,362.5,0.7190
575,19.167,521,385.1,140.3,412.7,226.2,0.8296
575,19.167,604,368.2,147.0,389.0,203.9,0.7340
575,19.167,644,572.6,146.9,597.9,215.0,0.7954
575,19.167,691,745.1,102.6,799.8,335.2,0.6967
575,19.167,575,427.8,144.7,454.1,227.5,0.7333
575,19.167,715,0.0,137.0,37.0,243.1,0.6332
575,19.167,758,622.5,143.8,647.2,204.1,0.6393
575,19.167,799,30.1,142.0,57.5,209.9,0.8184
575,19.167,807,80.0,150.0,99.7,198.0,0.6230
575,19.167,789,59.3,152.6,77.9,199.4,0.6363
575,19.167,610,775.1,89.9,857.3,366.3,0.7005
576,19.200,521,385.0,141.9,411.9,225.0,0.7242
576,19.200,604,368.6,151.8,388.2,204.7,0.4220
576,19.200,644,572.6,147.2,598.1,216.3,0.7037
576,19.200,691,746.3,102.9,802.0,338.9,0.6427
576,19.200,575,428.1,145.8,449.7,212.8,0.5087
576,19.200,758,622.6,144.7,647.3,204.7,0.5214
576,19.200,796,749.2,105.9,795.2,227.1,0.3352
576,19.200,610,778.2,88.7,861.0,369.9,0.7379
577,19.233,521,385.0,142.9,412.4,228.2,0.7936
577,19.233,604,368.2,151.4,388.7,206.8,0.6874
577,19.233,644,572.6,148.9,598.5,219.4,0.7466
577,19.233,691,751.2,105.1,808.0,344.1,0.8063
577,19.233,575,426.7,146.3,452.0,224.9,0.6552
577,19.233,758,623.8,147.2,648.7,207.8,0.5908
577,19.233,610,783.9,90.1,867.3,375.9,0.8378
577,19.233,799,25.2,144.8,51.8,211.1,0.6521
577,19.233,807,78.1,149.8,98.3,199.9,0.5242
577,19.233,789,55.2,151.1,75.4,203.5,0.5586
578,19.267,521,383.9,143.2,411.6,229.4,0.7361
578,19.267,604,367.9,153.2,387.9,207.1,0.4047
578,19.267,644,572.6,150.3,598.5,221.0,0.7459
578,19.267,691,753.0,107.0,810.4,347.4,0.8026
578,19.267,575,425.4,144.9,452.0,228.9,0.6055
578,19.267,758,624.8,149.5,648.4,206.2,0.5470
578,19.267,610,787.3,91.0,871.9,381.2,0.8531
578,19.267,799,22.2,145.1,48.3,211.2,0.5574
578,19.267,807,75.9,150.5,95.2,198.8,0.5961
578,19.267,789,53.0,152.6,72.7,204.5,0.3685
579,19.300,521,383.5,143.6,411.1,229.4,0.7946
579,19.300,604,367.4,153.6,387.5,208.1,0.6367
579,19.300,644,572.2,151.3,598.2,221.9,0.7525
579,19.300,691,754.6,107.0,812.9,349.9,0.8229
579,19.300,575,424.6,144.2,451.8,230.8,0.7149
579,19.300,758,623.9,149.6,650.1,212.7,0.6293
579,19.300,610,790.8,90.8,876.0,385.0,0.8358
579,19.300,799,18.6,143.6,45.5,211.9,0.6358
579,19.300,807,73.9,150.2,93.3,199.5,0.5980
579,19.300,789,49.9,151.7,70.1,206.1,0.5726
580,19.333,521,382.5,144.0,410.2,230.2,0.7753
580,19.333,604,366.7,154.1,386.8,208.7,0.4504
580,19.333,644,572.1,151.8,597.9,222.1,0.7479
580,19.333,691,755.4,106.8,814.8,352.6,0.8078
580,19.333,575,423.8,146.2,450.2,230.5,0.6944
580,19.333,758,623.3,150.1,650.0,214.7,0.5320
580,19.333,610,792.5,91.1,877.6,387.3,0.8295
580,19.333,799,15.2,142.7,42.8,212.5,0.6724
580,19.333,807,71.2,149.3,91.0,200.0,0.6857
580,19.333,789,48.1,154.3,67.0,205.3,0.6785
581,19.367,521,380.2,144.6,407.5,229.8,0.7909
581,19.367,604,364.2,152.8,384.0,207.7,0.4268
581,19.367,644,570.4,153.2,595.4,222.0,0.7657
581,19.367,691,755.4,107.1,815.8,354.7,0.8271
581,19.367,575,422.0,146.2,448.0,229.6,0.7287
581,19.367,758,621.6,150.1,649.3,217.3,0.6646
581,19.367,610,793.4,90.4,878.8,389.9,0.8247
581,19.367,799,9.5,140.7,37.8,212.0,0.7073
581,19.367,807,67.3,148.8,87.1,200.1,0.7079
581,19.367,789,44.0,153.3,63.1,205.1,0.6752
582,19.400,521,378.2,143.9,405.6,229.1,0.7544
582,19.400,604,362.9,152.2,382.3,206.2,0.4936
582,19.400,644,568.7,152.1,593.5,220.2,0.7354
582,19.400,691,756.6,106.9,818.4,358.4,0.8173
582,19.400,575,420.3,147.1,445.6,228.1,0.7774
582,19.400,758,620.9,149.9,648.8,217.8,0.7196
582,19.400,610,795.2,90.2,880.8,392.5,0.8006
582,19.400,799,3.3,138.9,32.0,210.7,0.6077
582,19.400,807,62.6,145.9,82.6,198.2,0.6574
582,19.400,789,38.9,152.0,57.5,202.3,0.6619
583,19.433,521,375.6,143.6,403.0,228.5,0.7578
583,19.433,604,361.7,152.4,380.6,205.6,0.5369
583,19.433,644,567.6,151.3,592.4,219.8,0.7579
583,19.433,691,757.1,106.3,820.0,360.9,0.8052
583,19.433,575,418.7,147.5,443.9,227.9,0.7964
583,19.433,758,620.7,149.4,648.6,217.9,0.7154
583,19.433,610,796.8,89.3,882.8,395.2,0.7716
583,19.433,799,0.0,137.1,27.2,210.2,0.6260
583,19.433,807,58.4,144.7,78.7,198.1,0.7151
583,19.433,789,34.9,148.9,54.5,202.3,0.7101
583,19.433,770,455.7,157.1,484.0,215.8,0.4301
584,19.467,521,374.1,141.9,402.2,229.0,0.7396
584,19.467,604,360.5,151.0,379.7,205.7,0.5357
584,19.467,644,566.4,151.0,591.5,220.0,0.7291
584,19.467,691,757.2,105.7,821.0,362.5,0.7419
584,19.467,575,417.4,147.7,442.9,229.3,0.7243
584,19.467,758,621.0,149.6,648.8,218.6,0.6871
584,19.467,610,798.5,88.9,884.8,397.6,0.7603
584,19.467,799,0.0,136.9,23.2,209.7,0.7047
584,19.467,807,55.5,144.8,75.6,198.0,0.6490
584,19.467,789,31.9,148.4,51.3,201.5,0.6836
584,19.467,843,475.7,160.0,503.7,216.7,0.3495
584,19.467,844,511.0,152.2,525.1,189.5,0.3187
584,19.467,770,454.6,157.3,483.4,216.3,0.3876
585,19.500,521,373.5,142.7,401.3,228.8,0.8032
585,19.500,604,359.7,151.1,378.8,206.3,0.6178
585,19.500,644,565.5,151.1,590.6,219.7,0.7504
585,19.500,691,757.5,104.5,822.1,363.0,0.7072
585,19.500,575,416.9,147.1,442.7,229.3,0.7273
585,19.500,758,621.7,149.3,648.5,216.6,0.7112
585,19.500,610,801.0,88.6,888.1,399.6,0.7604
585,19.500,799,0.0,136.3,20.3,208.6,0.6481
585,19.500,807,53.4,143.8,73.5,197.3,0.6482
585,19.500,789,29.8,147.7,48.8,199.2,0.6589
585,19.500,843,475.6,160.7,503.0,216.2,0.3709
585,19.500,844,510.9,152.9,524.7,189.2,0.2628
585,19.500,770,454.9,157.7,483.4,216.3,0.3602
586,19.533,521,372.5,143.4,400.2,229.0,0.8124
586,19.533,604,359.1,151.4,378.1,207.1,0.6478
586,19.533,644,565.1,152.8,590.1,220.8,0.7418
586,19.533,691,760.3,104.1,826.3,364.2,0.7163
586,19.533,575,416.4,146.8,442.8,230.9,0.6775
586,19.533,758,622.4,150.1,648.5,216.4,0.6756
586,19.533,610,802.2,88.7,890.3,401.7,0.7865
586,19.533,807,51.9,144.1,72.1,197.7,0.6334
586,19.533,789,27.5,148.0,46.7,199.8,0.6236
586,19.533,843,475.6,162.1,503.0,217.6,0.2802
586,19.533,770,454.7,159.6,482.8,217.1,0.2916
587,19.567,521,370.7,144.7,398.4,229.6,0.7676
587,19.567,604,358.5,153.5,376.5,207.2,0.3418
587,19.567,644,564.2,155.5,589.2,222.4,0.7884
587,19.567,691,764.4,103.6,832.5,368.8,0.7974
587,19.567,575,415.6,147.7,441.6,230.5,0.6507
587,19.567,758,622.8,151.3,649.4,219.7,0.6569
587,19.567,610,804.9,90.1,893.4,403.6,0.7537
587,19.567,807,48.7,144.8,68.7,198.6,0.6384
587,19.567,789,23.9,148.7,43.1,201.0,0.7156
588,19.600,521,369.1,145.0,397.7,231.6,0.8344
588,19.600,644,564.2,156.9,589.6,224.3,0.7536
588,19.600,691,767.9,105.8,837.0,373.7,0.8069
588,19.600,575,416.2,150.5,442.0,232.2,0.6931
588,19.600,758,623.9,153.3,650.4,221.5,0.5543
588,19.600,610,809.3,88.6,900.1,411.6,0.8454
588,19.600,807,48.0,146.0,68.0,200.4,0.7041
588,19.600,789,22.5,149.6,41.9,202.7,0.6908
588,19.600,843,476.3,165.5,503.3,220.8,0.4794
588,19.600,770,454.2,165.7,480.9,219.7,0.3958
589,19.633,521,370.0,146.2,397.4,227.4,0.7212
589,19.633,644,565.0,159.3,589.8,224.6,0.6145
589,19.633,691,770.8,105.2,841.6,378.3,0.8387
589,19.633,575,417.1,152.5,442.0,230.6,0.5565
589,19.633,758,625.5,154.3,651.7,222.1,0.4210
589,19.633,610,814.2,87.5,906.8,417.2,0.8564
589,19.633,807,47.3,147.7,66.5,200.5,0.5192
589,19.633,789,22.3,153.5,40.1,203.2,0.4870
590,19.667,521,370.0,145.3,399.6,232.0,0.8069
590,19.667,644,565.2,160.2,590.1,225.7,0.7935
590,19.667,691,773.5,105.8,845.4,382.5,0.8051
590,19.667,575,417.7,152.5,443.7,233.9,0.7621
590,19.667,758,627.0,154.1,653.7,223.7,0.5965
590,19.667,610,817.5,87.4,911.7,421.1,0.8314
590,19.667,807,47.0,149.5,66.5,203.3,0.7448
590,19.667,789,22.5,154.5,40.5,205.2,0.6551
590,19.667,843,476.5,167.5,504.0,223.5,0.3294
590,19.667,844,512.9,158.8,526.6,194.0,0.3252
590,19.667,770,454.3,164.3,483.1,222.2,0.2905
591,19.700,521,369.8,146.5,400.0,234.2,0.7917
591,19.700,644,565.2,160.7,590.5,227.1,0.8077
591,19.700,691,775.7,106.7,848.2,384.8,0.7544
591,19.700,575,417.4,153.2,444.0,236.5,0.7670
591,19.700,758,628.3,154.8,654.6,223.5,0.5774
591,19.700,610,821.7,87.5,917.8,426.2,0.8439
591,19.700,807,46.4,150.0,66.2,205.4,0.7589
591,19.700,789,22.0,155.5,39.7,205.6,0.7110
591,19.700,843,477.9,170.7,504.5,224.7,0.4186
591,19.700,844,514.1,159.7,527.7,194.5,0.2994
591,19.700,770,453.9,165.1,483.2,223.9,0.2904
592,19.733,521,370.2,147.8,400.8,235.8,0.8345
592,19.733,644,565.3,160.6,590.7,227.4,0.8494
592,19.733,691,781.6,108.2,855.5,388.8,0.7287
592,19.733,575,417.3,154.0,444.0,237.7,0.7094
592,19.733,758,629.3,155.2,656.2,225.6,0.6357
592,19.733,610,828.6,86.4,926.7,432.1,0.8119
592,19.733,807,44.5,149.3,65.0,207.8,0.7563
592,19.733,789,19.8,155.7,38.1,207.6,0.7780
592,19.733,843,478.3,172.7,504.5,225.8,0.4586
592,19.733,844,515.0,160.0,528.7,195.0,0.2752
592,19.733,770,455.2,165.5,484.3,224.3,0.3355
593,19.767,521,370.5,149.2,401.1,236.7,0.8365
593,19.767,644,565.9,160.7,591.5,227.9,0.8369
593,19.767,691,786.0,105.7,861.9,390.7,0.7521
593,19.767,575,417.5,154.7,443.7,236.9,0.7361
593,19.767,758,630.5,155.9,657.3,226.2,0.7029
593,19.767,610,836.4,86.2,936.3,436.9,0.8024
593,19.767,807,43.8,149.2,64.3,208.8,0.7417
593,19.767,789,18.7,156.3,37.4,209.1,0.7809
593,19.767,843,478.3,172.9,504.9,226.6,0.4127
593,19.767,844,514.0,158.9,528.7,195.6,0.3266
593,19.767,770,455.8,166.5,484.7,224.8,0.3860
594,19.800,521,370.2,149.7,400.9,236.8,0.8212
594,19.800,644,565.7,160.4,591.6,228.3,0.8425
594,19.800,691,788.8,105.7,865.5,392.4,0.7982
594,19.800,575,417.3,155.8,443.2,236.9,0.6817
594,19.800,758,631.7,156.4,658.4,226.2,0.6989
594,19.800,610,843.9,87.0,946.2,442.4,0.8457
594,19.800,807,42.8,149.9,63.1,209.5,0.6470
594,19.800,789,16.7,156.8,36.0,210.3,0.7457
594,19.800,843,478.2,172.6,505.1,227.2,0.4158
594,19.800,844,514.5,159.0,529.3,195.9,0.3292
594,19.800,770,456.4,168.6,485.1,226.2,0.4089
595,19.833,521,370.0,150.1,400.8,236.9,0.8473
595,19.833,644,566.1,160.4,592.1,228.9,0.8098
595,19.833,691,790.9,108.5,868.8,399.5,0.8319
595,19.833,575,417.0,156.3,443.0,237.4,0.7167
595,19.833,758,632.4,155.9,659.6,227.8,0.6920
595,19.833,610,847.1,88.5,950.7,445.6,0.8654
595,19.833,807,42.1,150.4,62.1,209.8,0.5781
595,19.833,789,15.0,157.8,34.4,211.3,0.6944
595,19.833,843,478.1,173.4,504.8,227.6,0.3913
595,19.833,844,515.2,159.2,530.1,196.8,0.4193
595,19.833,770,455.0,169.8,483.3,226.5,0.3526
596,19.867,521,370.1,151.0,400.8,237.0,0.8424
596,19.867,644,566.7,160.6,592.5,228.8,0.8013
596,19.867,691,793.5,108.8,872.6,403.8,0.8364
596,19.867,575,416.8,157.3,442.7,238.1,0.6704
596,19.867,758,633.7,156.3,660.9,228.3,0.7018
596,19.867,610,851.6,86.8,957.1,449.2,0.8573
596,19.867,807,41.4,150.4,61.1,209.4,0.5734
596,19.867,789,13.4,158.1,33.1,212.1,0.6830
596,19.867,843,477.9,174.2,504.5,227.8,0.4235
596,19.867,844,515.4,159.0,530.3,196.7,0.3743
596,19.867,770,456.6,169.4,484.7,226.0,0.4025
597,19.900,521,370.5,153.7,400.9,238.1,0.8513
597,19.900,644,566.6,161.4,592.4,229.5,0.7864
597,19.900,691,801.1,109.3,882.0,409.6,0.7941
597,19.900,575,415.3,157.8,441.8,240.9,0.7483
597,19.900,758,634.7,157.0,662.1,229.3,0.7542
597,19.900,610,854.5,86.1,960.0,450.6,0.8685
597,19.900,807,39.2,154.3,58.7,212.7,0.6018
597,19.900,789,11.2,160.6,30.7,213.9,0.5962
597,19.900,843,478.9,174.5,505.6,228.4,0.2927
597,19.900,844,516.3,161.7,530.5,197.6,0.2720
597,19.900,770,457.6,170.1,485.7,227.3,0.3697
598,19.933,521,370.8,155.1,401.4,239.4,0.8366
598,19.933,644,567.7,162.5,593.2,230.2,0.7449
598,19.933,691,805.2,108.4,887.2,411.8,0.7772
598,19.933,575,415.1,158.7,441.7,242.5,0.7622
598,19.933,758,635.9,158.1,664.0,232.5,0.7322
598,19.933,610,857.0,85.1,960.0,457.3,0.8663
598,19.933,807,37.6,156.2,57.2,214.3,0.6230
598,19.933,789,10.7,161.3,30.4,215.4,0.6058
598,19.933,843,480.2,175.8,506.7,229.3,0.2805
598,19.933,770,458.5,169.3,486.8,227.9,0.3400
599,19.967,521,371.3,156.2,402.3,241.3,0.7659
599,19.967,644,568.4,164.4,593.7,232.1,0.7870
599,19.967,691,809.5,108.7,892.3,415.0,0.7678
599,19.967,575,415.1,159.4,442.2,244.6,0.7657
599,19.967,758,637.1,158.9,665.9,235.4,0.6976
599,19.967,610,857.8,84.4,960.0,462.9,0.8734
599,19.967,807,37.2,159.1,56.5,215.8,0.5958
599,19.967,789,9.9,162.6,29.9,217.6,0.6534
599,19.967,843,481.9,179.0,507.6,231.2,0.3108
599,19.967,844,518.3,162.6,532.9,199.9,0.3773
599,19.967,770,458.4,168.8,487.4,229.4,0.3422
600,20.000,521,372.5,156.9,404.2,243.3,0.7738
600,20.000,644,569.5,166.4,594.2,232.8,0.7148
600,20.000,691,815.3,108.1,899.5,417.9,0.8072
600,20.000,575,416.0,161.7,442.5,245.7,0.7205
600,20.000,758,639.4,161.6,668.1,237.3,0.7332
600,20.000,610,861.7,86.0,960.0,469.8,0.8341
600,20.000,807,36.2,161.5,55.6,218.2,0.6077
600,20.000,789,10.2,164.7,29.6,218.5,0.6696
600,20.000,843,483.1,180.2,508.8,232.9,0.2720
600,20.000,770,458.4,174.0,485.7,231.5,0.3404
601,20.033,521,373.9,157.0,406.2,245.1,0.8058
601,20.033,644,571.5,168.1,596.5,234.9,0.6478
601,20.033,691,819.7,108.3,904.7,420.6,0.8043
601,20.033,575,416.7,162.6,442.8,245.9,0.7764
601,20.033,758,642.2,162.7,670.8,238.4,0.7538
601,20.033,610,866.7,86.1,960.0,477.0,0.7946
601,20.033,807,36.4,163.1,56.0,219.7,0.7087
601,20.033,789,10.8,167.9,29.4,220.0,0.7194
602,20.067,521,375.3,160.4,408.3,249.3,0.8507
602,20.067,644,573.3,171.3,598.2,238.8,0.6036
602,20.067,691,829.3,109.0,916.7,429.7,0.7479
602,20.067,575,417.8,166.3,443.5,248.6,0.7760
602,20.067,758,645.5,165.0,674.4,241.3,0.7266
602,20.067,610,875.8,89.3,960.0,483.1,0.6829
602,20.067,807,34.9,167.3,54.6,224.7,0.5131
602,20.067,789,10.7,170.3,29.0,221.9,0.3228
603,20.100,521,377.7,162.1,410.7,250.6,0.8168
603,20.100,644,575.6,172.3,600.6,240.8,0.7079
603,20.100,691,836.2,108.9,925.2,435.1,0.7860
603,20.100,575,419.6,167.9,445.1,250.2,0.7972
603,20.100,758,648.1,166.1,677.5,243.6,0.7877
603,20.100,807,35.4,168.5,55.0,225.5,0.7226
603,20.100,789,10.6,171.6,29.3,224.8,0.6759
603,20.100,843,487.3,187.2,513.5,240.3,0.3304
603,20.100,844,521.5,171.6,536.7,210.5,0.3302
603,20.100,770,465.2,182.8,492.0,238.8,0.3845
604,20.133,521,378.5,162.5,411.8,251.8,0.8303
604,20.133,644,576.3,173.2,601.4,242.4,0.7444
604,20.133,691,844.5,108.4,936.3,439.2,0.8247
604,20.133,575,419.7,169.3,445.0,251.3,0.8124
604,20.133,758,650.6,167.5,680.0,245.0,0.7810
604,20.133,807,34.4,169.5,54.4,227.6,0.7939
604,20.133,789,9.7,172.0,29.0,227.2,0.6008
604,20.133,843,487.9,185.2,515.7,241.9,0.3075
604,20.133,844,522.8,173.0,537.9,211.7,0.3148
604,20.133,770,467.7,183.5,494.7,240.4,0.3859
605,20.167,521,379.1,165.0,412.0,253.3,0.8499
605,20.167,644,577.2,174.3,602.2,243.8,0.7473
605,20.167,691,850.8,108.9,945.2,443.8,0.8846
605,20.167,575,419.7,171.9,444.3,252.2,0.7673
605,20.167,758,652.5,169.8,681.7,247.1,0.7576
605,20.167,807,32.9,172.2,52.9,230.3,0.6354
605,20.167,789,8.2,174.3,27.1,229.2,0.4756
605,20.167,843,488.7,187.2,516.6,244.1,0.3250
605,20.167,844,523.4,175.5,538.3,213.6,0.3011
605,20.167,770,467.5,183.8,495.1,242.5,0.3240
606,20.200,521,380.2,165.6,412.6,253.1,0.8698
606,20.200,644,577.5,174.4,602.3,243.7,0.7565
606,20.200,691,854.5,108.4,951.1,446.7,0.8219
606,20.200,575,420.5,171.1,445.4,252.3,0.8290
606,20.200,758,654.8,170.9,683.8,248.3,0.7666
606,20.200,807,31.9,171.7,52.6,231.6,0.7466
606,20.200,789,7.1,173.0,26.9,230.8,0.5165
606,20.200,843,489.5,187.6,517.4,244.4,0.3788
606,20.200,844,524.2,175.3,539.1,213.8,0.3348
606,20.200,770,468.7,183.5,496.3,242.7,0.3308
607,20.233,521,380.9,166.7,413.0,253.5,0.8742
607,20.233,644,578.2,174.5,603.0,243.7,0.7592
607,20.233,691,859.4,107.8,957.8,451.7,0.8505
607,20.233,575,421.1,173.1,445.5,252.4,0.8140
607,20.233,758,657.0,172.2,685.9,249.9,0.7925
607,20.233,807,30.2,173.0,50.7,232.2,0.6789
607,20.233,789,2.2,172.2,22.8,232.7,0.5267
607,20.233,843,490.0,187.2,518.2,244.9,0.3635
607,20.233,844,524.1,174.8,539.3,213.8,0.3838
607,20.233,770,468.9,184.4,496.1,243.1,0.3292
608,20.267,521,381.5,167.1,413.1,252.9,0.8801
608,20.267,644,579.0,174.5,603.6,243.2,0.7418
608,20.267,691,862.5,107.1,960.0,456.8,0.8987
608,20.267,575,421.7,173.1,446.1,252.3,0.8216
608,20.267,758,658.9,171.7,687.8,249.6,0.8161
608,20.267,807,28.7,173.0,49.2,231.5,0.6640
608,20.267,789,0.0,167.2,21.6,233.0,0.5687
608,20.267,843,491.5,185.3,520.2,244.9,0.3251
608,20.267,844,525.1,175.3,539.7,213.0,0.3139
609,20.300,521,382.0,166.5,413.6,252.6,0.8706
609,20.300,644,579.5,174.4,603.9,242.5,0.7562
609,20.300,691,864.6,104.9,960.0,458.2,0.9079
609,20.300,575,422.3,172.8,446.7,251.5,0.8335
609,20.300,758,660.7,170.4,689.7,248.6,0.7821
609,20.300,807,26.6,171.6,47.7,231.1,0.6736
609,20.300,789,0.0,165.2,20.5,231.6,0.5370
609,20.300,843,492.6,184.6,521.0,244.5,0.3258
609,20.300,844,525.8,175.1,540.1,212.2,0.3160
610,20.333,521,382.4,166.0,413.8,252.1,0.8525
610,20.333,644,580.0,174.2,604.3,241.5,0.7049
610,20.333,691,868.1,102.1,960.0,458.1,0.8915
610,20.333,575,422.9,172.4,447.5,251.3,0.8245
610,20.333,758,662.2,168.8,691.7,248.4,0.7283
610,20.333,807,25.0,171.8,46.1,230.7,0.6902
610,20.333,789,0.0,166.4,19.8,231.0,0.5005
610,20.333,843,492.8,184.8,520.5,243.9,0.3359
611,20.367,521,383.2,166.2,414.1,251.6,0.8296
611,20.367,644,580.3,173.9,604.5,241.1,0.6658
611,20.367,691,872.3,99.0,960.0,458.5,0.8822
611,20.367,575,423.5,171.6,448.4,251.2,0.7918
611,20.367,758,663.7,166.3,693.9,247.9,0.7381
611,20.367,807,24.0,171.6,45.8,232.3,0.7033
611,20.367,789,0.0,165.4,19.1,231.1,0.4712
611,20.367,843,492.9,185.2,520.1,243.0,0.3279
611,20.367,844,526.2,173.8,540.0,210.2,0.2871
611,20.367,770,470.5,183.9,497.4,240.7,0.2969
612,20.400,521,384.2,166.5,414.9,251.6,0.8021
612,20.400,644,581.3,173.4,605.5,240.3,0.6906
612,20.400,691,878.1,95.4,960.0,456.5,0.8648
612,20.400,575,425.8,170.0,451.3,251.4,0.7574
612,20.400,758,667.8,164.8,698.3,248.0,0.7985
612,20.400,807,24.5,172.9,46.2,232.5,0.7136
612,20.400,789,0.0,168.1,18.4,232.1,0.5732
612,20.400,843,495.7,182.6,523.8,242.5,0.4351
612,20.400,770,473.6,183.8,500.1,240.7,0.3633
613,20.433,521,384.7,166.1,415.4,252.1,0.7879
613,20.433,644,582.5,173.6,606.6,239.9,0.7039
613,20.433,691,882.9,94.3,960.0,456.3,0.8339
613,20.433,575,427.2,169.3,453.1,251.3,0.7164
613,20.433,758,671.0,164.0,701.6,247.5,0.7556
613,20.433,807,24.5,173.6,46.1,232.6,0.6991
613,20.433,789,0.0,169.0,18.0,232.6,0.5549
613,20.433,843,497.6,184.1,525.0,242.1,0.2966
613,20.433,770,474.2,184.8,500.1,240.5,0.3217
613,20.433,864,370.8,165.3,386.1,209.0,0.3828
614,20.467,521,385.3,166.3,415.5,251.7,0.7685
614,20.467,644,582.9,172.4,607.6,240.2,0.7259
614,20.467,691,887.1,93.8,960.0,458.2,0.7941
614,20.467,575,427.6,168.0,454.0,251.1,0.7383
614,20.467,758,673.1,163.4,704.0,248.4,0.7289
614,20.467,807,24.2,174.0,45.6,232.2,0.7056
614,20.467,789,0.0,168.9,18.2,232.8,0.5109
614,20.467,843,498.5,183.9,526.1,242.2,0.3281
614,20.467,770,475.4,184.8,501.5,240.6,0.2718
614,20.467,864,371.6,166.3,386.6,208.7,0.3948
615,20.500,521,386.8,166.0,416.6,249.5,0.7606
615,20.500,644,584.9,171.3,609.7,239.3,0.6538
615,20.500,691,893.5,95.7,960.0,461.5,0.4701
615,20.500,575,428.6,167.9,455.0,251.1,0.7609
615,20.500,758,675.6,163.1,706.4,248.6,0.5536
615,20.500,807,24.7,174.0,45.4,230.4,0.3171
616,20.533,521,387.2,165.9,417.3,250.9,0.7470
616,20.533,644,585.6,170.7,610.4,239.1,0.7878
616,20.533,691,899.8,113.9,960.0,464.4,0.6406
616,20.533,575,429.0,167.7,455.6,251.6,0.8065
616,20.533,758,678.9,163.8,709.2,248.9,0.7212
616,20.533,807,24.6,174.5,45.5,230.8,0.6275
616,20.533,789,0.0,171.5,17.8,232.1,0.3188
616,20.533,843,500.1,184.3,528.0,242.9,0.4039
616,20.533,770,478.2,184.5,504.7,241.2,0.3550
617,20.567,521,390.8,165.2,421.1,250.9,0.8149
617,20.567,644,587.8,169.7,612.8,239.4,0.6828
617,20.567,575,432.6,167.6,459.5,251.7,0.7854
617,20.567,758,685.9,164.7,715.8,249.9,0.5995
617,20.567,807,25.3,174.5,46.8,233.2,0.6316
617,20.567,789,0.3,173.6,19.2,234.1,0.6208
617,20.567,843,502.8,180.5,532.1,242.7,0.3280
617,20.567,770,481.6,183.2,508.6,240.9,0.3232
618,20.600,521,393.5,165.5,423.9,251.5,0.8324
618,20.600,644,589.7,170.3,614.3,239.5,0.6264
618,20.600,575,434.7,167.6,461.9,252.2,0.7561
618,20.600,758,688.9,164.6,719.1,251.6,0.6463
618,20.600,807,25.9,174.6,47.5,234.0,0.6640
618,20.600,789,0.0,168.6,20.5,235.1,0.5457
618,20.600,843,504.8,178.1,535.1,243.6,0.3009
619,20.633,521,395.5,165.7,426.0,251.8,0.8579
619,20.633,644,592.6,169.9,617.3,239.8,0.6661
619,20.633,575,436.8,168.1,464.2,252.5,0.7657
619,20.633,758,690.5,164.1,721.3,252.9,0.6808
619,20.633,807,26.4,174.8,47.9,234.4,0.7338
619,20.633,789,0.6,172.4,20.6,235.7,0.6435
619,20.633,843,508.9,184.2,536.7,244.0,0.3156
619,20.633,770,485.7,184.6,512.6,242.0,0.3621
620,20.667,521,396.2,165.8,426.8,252.1,0.8196
620,20.667,644,594.1,170.3,618.6,239.5,0.6095
620,20.667,575,438.2,169.2,465.6,253.4,0.7194
620,20.667,758,694.4,163.1,725.2,252.9,0.4739
620,20.667,807,27.0,174.6,48.4,234.2,0.6821
620,20.667,789,0.9,175.3,20.1,235.5,0.5963
620,20.667,843,510.6,186.1,537.8,244.3,0.3619
621,20.700,521,397.0,166.6,427.4,252.2,0.7957
621,20.700,644,595.5,171.8,619.7,239.9,0.6949
621,20.700,575,439.1,171.0,465.9,253.1,0.7304
621,20.700,758,696.0,163.7,726.3,252.6,0.5418
621,20.700,807,27.2,174.4,48.5,234.0,0.7009
621,20.700,789,0.9,177.5,19.9,236.5,0.6904
621,20.700,843,512.4,188.0,539.0,244.5,0.3354
621,20.700,770,487.4,185.7,514.1,242.6,0.3515
622,20.733,521,398.3,166.3,428.7,252.1,0.8006
622,20.733,644,596.4,170.7,620.9,239.8,0.6957
622,20.733,575,439.7,172.4,466.0,252.8,0.7807
622,20.733,758,699.2,163.1,729.4,252.6,0.4852
622,20.733,807,27.1,174.1,48.6,234.2,0.7196
622,20.733,789,0.5,178.6,19.4,237.1,0.6122
622,20.733,843,513.1,187.2,540.0,244.2,0.4082
622,20.733,770,488.5,185.1,515.6,242.9,0.2935
623,20.767,521,400.3,165.8,430.6,251.9,0.7961
623,20.767,644,598.5,170.7,623.0,239.7,0.7197
623,20.767,575,441.2,173.3,467.3,252.9,0.8261
623,20.767,758,702.8,162.0,733.6,254.0,0.6011
623,20.767,807,27.5,174.0,49.5,234.9,0.6319
623,20.767,789,0.0,175.8,19.9,237.8,0.4529
623,20.767,843,514.6,186.8,541.6,244.2,0.3249
623,20.767,770,489.0,183.6,516.8,243.1,0.2850
624,20.800,521,401.8,165.6,432.2,252.2,0.8019
624,20.800,644,600.1,170.8,624.3,239.3,0.7398
624,20.800,575,441.9,173.6,467.9,253.0,0.8271
624,20.800,758,705.9,161.1,736.8,253.5,0.5820
624,20.800,807,27.1,174.9,49.4,236.0,0.6448
624,20.800,789,0.0,178.9,19.1,238.4,0.3986
624,20.800,843,516.8,186.9,543.7,244.0,0.3378
624,20.800,770,492.6,183.8,520.1,242.9,0.3304
625,20.833,521,403.5,166.3,433.8,252.4,0.8196
625,20.833,644,601.0,170.9,625.2,239.4,0.7508
625,20.833,575,442.8,173.5,468.7,252.5,0.8334
625,20.833,758,710.0,161.0,740.6,253.5,0.6450
625,20.833,807,26.9,174.9,49.6,236.5,0.5411
625,20.833,789,0.2,182.9,18.1,238.4,0.3667
625,20.833,843,518.6,187.3,545.6,244.1,0.3028
625,20.833,770,493.7,184.0,521.1,242.4,0.2756
626,20.867,521,404.9,166.9,434.9,252.5,0.8371
626,20.867,644,601.9,171.7,625.8,239.3,0.7701
626,20.867,575,443.7,173.8,469.6,252.5,0.8111
626,20.867,758,714.9,162.1,745.1,254.8,0.6797
626,20.867,807,26.6,175.2,49.7,237.1,0.5378
626,20.867,789,0.1,185.5,17.4,238.7,0.3164
626,20.867,843,520.3,186.0,548.1,244.7,0.3786
626,20.867,770,496.6,183.8,523.8,242.5,0.2617
627,20.900,521,405.6,166.9,435.6,253.2,0.8392
627,20.900,644,602.5,171.5,626.7,240.1,0.7724
627,20.900,575,443.9,173.0,470.1,252.4,0.8307
627,20.900,758,718.2,162.2,748.7,255.7,0.7440
627,20.900,807,26.0,176.0,49.1,237.6,0.4696
627,20.900,789,0.0,185.5,17.3,239.1,0.3967
627,20.900,843,520.1,184.9,549.0,245.8,0.4909
627,20.900,770,498.1,183.1,525.6,242.6,0.2510
628,20.933,521,407.2,167.3,437.3,254.2,0.8278
628,20.933,644,603.7,172.3,628.0,239.8,0.6748
628,20.933,575,444.7,172.2,471.5,253.1,0.8097
628,20.933,758,720.6,163.5,751.6,257.4,0.7486
628,20.933,807,22.9,177.6,46.6,239.2,0.4818
628,20.933,789,0.0,184.4,16.9,241.1,0.4326
628,20.933,843,521.0,186.5,549.6,246.8,0.5056
628,20.933,770,496.7,183.5,525.0,243.9,0.3080
629,20.967,521,407.9,167.7,438.5,256.2,0.8223
629,20.967,644,603.0,173.1,627.9,240.9,0.6342
629,20.967,575,445.2,172.9,471.9,254.0,0.8298
629,20.967,758,722.0,163.8,753.9,259.5,0.8098
629,20.967,807,21.3,179.1,45.5,241.2,0.6094
629,20.967,843,522.8,185.8,552.1,247.8,0.2947
630,21.000,521,408.5,168.4,439.1,257.4,0.8182
630,21.000,644,603.7,172.9,629.3,242.2,0.6605
630,21.000,575,445.8,173.8,472.7,255.9,0.7864
630,21.000,758,724.7,163.7,757.3,261.1,0.7986
630,21.000,807,19.8,180.2,44.6,242.9,0.5652
630,21.000,843,524.2,190.0,552.5,249.2,0.4745
630,21.000,770,496.2,185.0,525.9,248.3,0.3348
631,21.033,521,409.3,168.6,439.6,257.4,0.7880
631,21.033,644,605.1,173.7,630.7,242.6,0.7042
631,21.033,575,446.5,174.5,473.6,257.5,0.7528
631,21.033,758,727.5,165.0,760.5,263.0,0.7584
631,21.033,807,17.8,179.7,43.3,243.5,0.6111
631,21.033,843,524.8,191.5,552.9,250.1,0.3836
631,21.033,770,497.9,187.2,527.2,248.6,0.2622
631,21.033,878,0.0,185.7,9.9,242.7,0.3752
632,21.067,521,409.8,167.6,440.3,257.7,0.8065
632,21.067,644,604.7,173.1,631.0,243.5,0.6748
632,21.067,575,446.7,175.4,473.5,257.7,0.7584
632,21.067,758,729.7,163.8,763.5,263.5,0.6997
632,21.067,807,16.4,177.8,43.1,244.5,0.5644
632,21.067,843,525.4,188.0,554.8,249.7,0.4103
633,21.100,521,410.2,166.9,440.4,256.2,0.7795
633,21.100,644,604.2,172.1,631.1,243.4,0.7345
633,21.100,575,447.2,175.0,473.8,256.5,0.7827
633,21.100,758,732.0,162.8,766.2,263.0,0.6513
633,21.100,807,12.3,176.4,38.7,242.7,0.5641
633,21.100,843,525.1,186.3,555.1,249.3,0.4145
634,21.133,521,409.8,166.2,439.8,255.1,0.7858
634,21.133,644,602.5,170.4,630.5,243.8,0.6959
634,21.133,575,447.3,175.2,473.4,254.7,0.7530
634,21.133,758,733.2,160.0,768.6,262.8,0.6888
634,21.133,807,7.6,174.4,34.7,241.9,0.6430
634,21.133,843,523.3,185.5,553.6,248.4,0.3443
635,21.167,521,409.7,165.0,439.3,253.2,0.7901
635,21.167,644,601.5,169.7,629.1,241.8,0.7573
635,21.167,575,446.2,174.4,472.1,253.1,0.7988
635,21.167,758,733.6,160.1,769.0,261.7,0.7191
635,21.167,807,4.7,174.0,31.1,240.4,0.6533
635,21.167,843,523.6,185.8,553.3,247.4,0.5041
636,21.200,521,409.0,163.1,438.7,252.1,0.7716
636,21.200,644,600.3,168.3,627.9,240.5,0.7374
636,21.200,575,446.0,173.7,471.8,251.8,0.7592
636,21.200,758,735.5,158.0,771.6,260.5,0.4259
636,21.200,807,3.5,173.5,29.0,237.7,0.6343
636,21.200,843,524.2,184.1,553.8,245.8,0.5788
636,21.200,770,505.1,184.4,532.1,244.8,0.2687
637,21.233,521,409.2,162.4,438.4,249.4,0.7774
637,21.233,644,600.2,165.7,628.1,238.5,0.7501
637,21.233,575,446.1,170.7,472.5,250.7,0.7660
637,21.233,758,738.7,155.5,775.3,259.1,0.6656
637,21.233,807,2.5,172.7,27.6,236.2,0.5899
637,21.233,843,523.3,182.7,553.3,245.0,0.5667
637,21.233,770,500.5,181.3,528.7,243.3,0.4049
637,21.233,891,558.3,168.5,572.7,207.8,0.3532
638,21.267,521,407.1,160.5,436.3,248.0,0.8328
638,21.267,644,598.2,164.3,625.6,235.9,0.7926
638,21.267,575,445.1,168.6,471.6,249.1,0.7860
638,21.267,758,742.8,154.3,780.1,258.9,0.6843
638,21.267,807,0.0,168.7,23.3,234.8,0.4309
638,21.267,843,522.4,180.8,552.4,243.1,0.4908
639,21.300,521,406.2,159.7,435.4,247.3,0.8413
639,21.300,644,597.6,162.5,625.0,234.4,0.8009
639,21.300,575,445.1,167.4,471.4,247.0,0.8086
639,21.300,758,744.6,153.4,782.6,259.4,0.7565
639,21.300,807,0.0,167.9,20.0,233.3,0.4971
639,21.300,843,521.7,179.6,552.3,242.9,0.4545
640,21.333,521,405.9,159.2,435.2,247.0,0.8331
640,21.333,644,597.6,162.4,624.5,233.2,0.7800
640,21.333,575,445.2,166.5,471.2,245.2,0.7968
640,21.333,758,745.6,153.4,783.8,259.9,0.7358
640,21.333,807,0.0,167.5,19.0,232.8,0.3344
640,21.333,843,521.8,179.2,552.7,242.9,0.4620
640,21.333,770,497.0,175.3,527.4,240.1,0.2654
641,21.367,521,405.6,159.5,434.9,246.9,0.8362
641,21.367,644,597.3,162.1,624.1,232.8,0.7899
641,21.367,575,445.4,165.8,471.4,244.5,0.8135
641,21.367,758,744.5,153.7,783.6,260.4,0.7299
641,21.367,843,521.6,179.0,552.8,243.1,0.4913
641,21.367,770,497.1,177.0,527.4,240.7,0.3027
642,21.400,521,405.8,159.7,434.5,244.5,0.8183
642,21.400,644,597.0,160.2,624.4,233.6,0.6087
642,21.400,575,446.0,165.5,471.3,242.3,0.7549
642,21.400,758,745.2,154.3,785.2,261.3,0.7138
642,21.400,843,522.8,179.5,553.8,243.5,0.3300
642,21.400,770,498.8,179.3,528.6,241.5,0.2505
643,21.433,521,406.2,160.0,435.4,245.1,0.8493
643,21.433,644,598.0,162.3,624.5,233.9,0.6895
643,21.433,575,446.6,165.0,472.8,244.8,0.7446
643,21.433,758,750.2,154.3,791.2,263.7,0.7354
643,21.433,843,524.5,180.7,554.9,244.1,0.4430
643,21.433,770,498.7,179.9,528.9,242.8,0.3426
644,21.467,521,407.6,159.8,437.8,247.3,0.8361
644,21.467,644,600.1,163.0,626.8,235.6,0.7122
644,21.467,575,449.0,165.3,476.2,247.8,0.7984
644,21.467,758,755.8,152.4,797.7,265.6,0.7479
644,21.467,843,526.7,181.0,557.0,244.5,0.4470
644,21.467,770,500.5,180.2,530.8,243.6,0.4177
645,21.500,521,408.7,159.5,439.3,247.6,0.7590
645,21.500,644,601.4,164.6,627.9,237.3,0.6514
645,21.500,575,449.7,166.0,477.4,249.6,0.7383
645,21.500,758,761.1,150.8,803.7,267.1,0.7196
645,21.500,843,527.0,178.6,558.9,245.3,0.4104
645,21.500,770,502.0,180.4,533.0,244.3,0.3589
646,21.533,521,409.7,159.4,440.9,248.7,0.8204
646,21.533,644,602.7,165.1,629.5,239.1,0.6772
646,21.533,575,451.2,166.9,478.7,249.6,0.7963
646,21.533,758,764.5,149.6,807.9,268.4,0.8029
646,21.533,843,528.1,181.3,559.5,246.4,0.4202
646,21.533,770,502.7,180.6,534.0,244.5,0.4277
647,21.567,521,410.8,160.0,442.1,249.6,0.7907
647,21.567,644,604.6,164.3,632.0,240.7,0.6762
647,21.567,575,453.1,167.3,480.4,249.3,0.8180
647,21.567,758,770.2,149.9,813.3,269.0,0.7519
647,21.567,843,531.2,182.9,562.1,246.9,0.4096
648,21.600,521,414.0,159.4,444.9,247.1,0.8232
648,21.600,644,606.1,164.1,633.5,241.1,0.6615
648,21.600,575,456.1,167.9,482.5,246.9,0.7625
648,21.600,758,776.8,150.9,819.6,269.4,0.7410
648,21.600,843,535.2,184.3,564.9,246.1,0.5478
648,21.600,770,506.6,184.2,537.5,245.4,0.2827
649,21.633,521,416.8,160.2,447.2,246.7,0.8439
649,21.633,644,608.9,165.6,635.3,240.5,0.6961
649,21.633,575,457.8,168.3,484.1,246.3,0.7612
649,21.633,758,782.4,152.1,825.1,270.1,0.8030
649,21.633,843,537.2,183.7,566.8,245.7,0.5582
649,21.633,770,508.0,182.5,539.4,245.1,0.5144
649,21.633,894,521.8,182.0,541.9,245.8,0.4132
650,21.667,521,419.5,159.8,450.1,246.3,0.8494
650,21.667,644,611.7,163.1,638.1,238.9,0.7126
650,21.667,575,459.3,168.5,485.6,246.7,0.7454
650,21.667,758,788.7,151.8,831.8,271.2,0.7846
650,21.667,843,539.8,181.9,570.0,245.5,0.4055
650,21.667,770,510.1,181.7,541.0,244.1,0.4246
651,21.700,521,421.4,159.0,452.1,246.1,0.8051
651,21.700,644,613.8,162.4,639.3,235.7,0.7123
651,21.700,575,460.5,167.9,487.3,247.2,0.7417
651,21.700,758,794.0,152.4,837.3,272.2,0.7270
651,21.700,843,540.4,180.8,571.3,245.6,0.4696
651,21.700,770,512.8,180.2,544.5,244.2,0.3979
652,21.733,521,423.3,158.6,454.3,246.6,0.8302
652,21.733,644,616.0,161.4,641.2,233.9,0.6895
652,21.733,575,461.9,167.2,489.0,247.5,0.7494
652,21.733,758,798.2,153.3,842.2,274.0,0.6572
652,21.733,843,541.6,179.7,573.4,245.9,0.5059
652,21.733,770,514.9,180.0,547.0,244.4,0.4965
653,21.767,521,426.5,158.1,457.8,247.1,0.8253
653,21.767,644,619.0,160.9,644.3,233.4,0.6829
653,21.767,575,465.9,167.0,492.3,245.6,0.7680
653,21.767,758,805.1,154.9,850.1,275.2,0.7919
653,21.767,843,546.1,180.8,576.9,245.7,0.4114
653,21.767,770,518.2,181.5,550.1,244.6,0.3220
