frame,timestamp,track_id,x1,y1,x2,y2,confidence
0,0.000,1,0.0,158.0,58.4,452.4,0.8171
0,0.000,2,645.4,230.9,678.8,327.7,0.6293
0,0.000,3,125.4,228.9,176.4,352.2,0.5942
0,0.000,4,626.7,269.7,652.7,329.2,0.5741
0,0.000,5,58.5,262.4,98.7,373.9,0.5391
0,0.000,6,846.2,197.3,915.2,363.8,0.4998
0,0.000,7,942.6,193.3,959.7,291.0,0.4491
0,0.000,8,888.5,211.7,938.3,360.7,0.3838
1,0.033,1,0.8,154.4,60.0,452.6,0.8564
1,0.033,2,647.7,230.8,681.4,328.5,0.6401
1,0.033,3,129.0,229.1,179.2,350.9,0.6856
1,0.033,4,629.1,269.7,655.2,329.4,0.5439
1,0.033,5,56.8,254.4,100.0,374.4,0.6107
1,0.033,6,839.2,195.7,909.3,365.6,0.6370
1,0.033,7,941.5,192.8,958.9,292.1,0.5243
1,0.033,8,889.0,219.6,936.4,361.6,0.5604
2,0.067,1,1.4,150.0,61.4,452.5,0.8712
2,0.067,2,648.3,231.0,681.6,328.0,0.6240
2,0.067,3,130.8,229.4,180.7,350.9,0.6733
2,0.067,4,630.4,269.7,656.4,329.1,0.5025
2,0.067,5,56.3,252.9,100.0,374.2,0.6138
2,0.067,6,841.9,195.3,912.2,365.7,0.5589
2,0.067,7,940.6,191.0,958.6,293.1,0.5295
2,0.067,8,887.4,216.3,936.4,362.6,0.4476
3,0.100,1,1.6,139.3,63.9,452.3,0.8808
3,0.100,2,648.4,230.7,682.1,329.0,0.6315
3,0.100,3,131.2,231.0,180.7,351.8,0.6633
3,0.100,4,631.1,270.4,656.7,328.9,0.4342
3,0.100,5,56.3,249.4,101.3,374.1,0.6548
3,0.100,6,851.3,196.4,921.9,365.5,0.6209
3,0.100,7,940.3,188.3,958.8,293.2,0.5019
3,0.100,8,885.1,210.6,936.5,364.2,0.2695
4,0.133,1,2.8,126.4,67.9,452.2,0.8963
4,0.133,2,648.3,230.5,682.0,329.7,0.5953
4,0.133,3,131.2,230.8,180.8,352.5,0.6558
4,0.133,4,631.0,268.6,657.5,329.9,0.3996
4,0.133,5,56.1,252.5,100.0,374.2,0.5214
4,0.133,6,853.9,194.9,926.3,366.0,0.8087
4,0.133,7,939.4,183.3,959.0,293.6,0.5523
5,0.167,1,4.9,120.5,71.8,451.9,0.8949
5,0.167,2,648.7,230.0,682.5,329.8,0.5170
5,0.167,3,131.8,231.2,181.1,352.4,0.6769
5,0.167,4,632.2,269.0,658.9,331.4,0.4264
5,0.167,5,56.2,252.3,100.3,374.3,0.5153
5,0.167,6,853.5,194.9,927.0,366.8,0.7862
5,0.167,7,939.0,181.7,958.9,293.7,0.5469
6,0.200,1,4.4,116.4,72.5,451.9,0.8974
6,0.200,2,650.9,229.6,685.1,330.5,0.4769
6,0.200,3,133.1,230.7,181.9,351.7,0.6385
6,0.200,4,633.7,269.1,660.3,332.3,0.3352
6,0.200,5,55.8,253.1,99.8,374.5,0.5408
6,0.200,6,852.8,195.0,927.6,368.3,0.7286
6,0.200,7,938.6,180.6,958.9,293.9,0.5673
7,0.233,1,4.6,113.7,73.9,451.9,0.9007
7,0.233,2,653.5,228.8,688.4,330.9,0.4479
7,0.233,3,135.3,229.2,183.8,351.6,0.5683
7,0.233,4,635.1,269.6,661.1,332.1,0.3140
7,0.233,5,55.7,252.5,100.1,374.8,0.5492
7,0.233,6,850.5,194.8,926.1,368.7,0.7372
7,0.233,7,938.0,179.9,958.7,294.4,0.5800
8,0.267,1,5.1,111.4,75.7,451.6,0.9066
8,0.267,2,655.1,228.4,690.4,330.4,0.5195
8,0.267,3,137.4,229.4,184.8,351.1,0.5899
8,0.267,4,636.2,269.3,662.0,332.0,0.3323
8,0.267,5,55.8,252.5,100.0,374.5,0.6071
8,0.267,6,848.4,195.4,924.5,369.8,0.6995
8,0.267,7,937.2,179.2,958.4,295.3,0.6113
9,0.300,1,5.8,112.2,77.1,451.5,0.9011
9,0.300,2,656.0,227.8,691.4,328.9,0.5880
9,0.300,3,138.8,229.4,185.1,350.5,0.5677
9,0.300,5,55.5,251.7,99.7,374.2,0.5466
9,0.300,6,846.0,196.1,922.5,371.2,0.7437
9,0.300,7,936.3,179.5,958.1,297.0,0.6623
10,0.333,1,6.6,113.5,78.8,451.3,0.8960
10,0.333,2,656.0,226.7,692.2,329.3,0.5720
10,0.333,3,140.6,230.0,185.3,349.2,0.3890
10,0.333,5,55.5,251.4,99.5,374.1,0.5880
10,0.333,6,842.0,195.8,918.3,371.4,0.7474
10,0.333,7,935.4,180.4,957.7,298.9,0.6908
10,0.333,16,668.6,237.7,692.7,325.1,0.3903
11,0.367,1,7.7,113.1,81.4,451.4,0.8927
11,0.367,2,655.6,226.0,692.6,330.0,0.5262
11,0.367,3,142.7,230.8,186.1,348.7,0.3952
11,0.367,5,54.4,249.0,98.9,374.0,0.5414
11,0.367,6,840.8,195.1,917.3,371.8,0.7620
11,0.367,7,934.0,179.4,957.9,305.1,0.6732
11,0.367,16,670.2,240.7,693.0,322.6,0.2571
12,0.400,1,8.6,114.9,85.5,460.3,0.8905
12,0.400,2,655.9,227.3,693.0,330.5,0.5180
12,0.400,3,144.3,232.1,186.8,349.0,0.5026
12,0.400,5,53.7,245.8,99.0,374.1,0.6139
12,0.400,6,840.7,192.3,918.6,371.7,0.8073
12,0.400,7,932.0,178.2,958.3,315.3,0.6809
13,0.433,1,9.0,116.3,87.6,462.2,0.8993
13,0.433,2,657.6,229.8,694.1,330.6,0.4934
13,0.433,3,147.7,236.8,188.4,350.3,0.4578
13,0.433,5,53.6,243.6,99.1,374.1,0.5823
13,0.433,6,839.2,190.6,917.5,371.8,0.7993
13,0.433,7,930.8,177.6,958.8,323.2,0.6867
13,0.433,18,941.3,175.2,959.5,321.4,0.3630
14,0.467,1,9.2,116.7,89.3,461.3,0.8960
14,0.467,2,659.6,230.9,695.8,330.7,0.5265
14,0.467,3,151.3,241.7,190.4,350.9,0.3759
14,0.467,5,51.6,242.0,98.0,375.1,0.4757
14,0.467,6,838.7,190.0,917.2,371.8,0.7599
14,0.467,7,929.8,177.0,959.9,334.4,0.6635
14,0.467,18,939.9,171.4,960.0,335.0,0.3436
14,0.467,19,903.4,221.3,931.7,307.2,0.4051
14,0.467,4,644.6,269.6,668.8,329.8,0.4456
15,0.500,1,9.4,116.8,91.0,459.7,0.8924
15,0.500,2,660.4,231.5,696.5,331.0,0.5747
15,0.500,3,150.9,237.2,191.7,350.8,0.3133
15,0.500,5,51.9,241.0,98.2,374.7,0.2843
15,0.500,6,836.2,189.6,914.2,371.7,0.6616
15,0.500,7,929.3,174.7,960.0,338.2,0.6349
15,0.500,16,673.6,234.3,699.6,327.8,0.3540
15,0.500,18,939.3,167.0,960.0,339.9,0.3300
15,0.500,19,904.6,221.6,933.0,307.8,0.5108
15,0.500,4,644.9,270.1,669.3,331.5,0.4641
16,0.533,1,9.7,116.6,92.7,457.6,0.8991
16,0.533,2,660.7,231.7,696.5,330.9,0.5043
16,0.533,3,154.9,241.0,194.4,351.1,0.3247
16,0.533,5,54.3,242.2,99.2,373.5,0.3022
16,0.533,6,829.5,190.2,904.4,370.8,0.6309
16,0.533,7,928.7,172.6,960.0,341.4,0.6976
16,0.533,16,674.3,235.0,700.5,328.7,0.3946
16,0.533,19,905.2,221.8,933.2,306.8,0.4653
16,0.533,4,645.3,270.6,669.5,332.1,0.4710
16,0.533,20,647.6,230.0,670.5,331.1,0.3652
16,0.533,8,864.4,194.6,921.6,370.6,0.4026
17,0.567,1,10.8,115.8,95.9,456.0,0.9170
17,0.567,2,663.4,232.3,699.0,330.6,0.4689
17,0.567,3,159.2,249.7,196.4,352.0,0.4950
17,0.567,6,825.2,189.3,898.9,371.6,0.6836
17,0.567,7,926.9,171.0,960.0,361.3,0.6951
17,0.567,16,676.6,236.7,702.7,328.8,0.4087
17,0.567,19,905.5,221.4,934.1,308.0,0.5053
17,0.567,4,645.7,271.0,669.5,332.3,0.4631
17,0.567,8,864.1,194.0,919.6,370.3,0.4794
18,0.600,1,11.9,115.3,99.2,454.3,0.9345
18,0.600,2,665.0,232.3,700.7,330.6,0.4870
18,0.600,3,158.1,243.4,198.3,352.5,0.5435
18,0.600,6,824.5,188.0,898.6,373.5,0.7259
18,0.600,7,926.7,170.5,960.0,368.7,0.7184
18,0.600,16,679.0,238.9,704.1,327.1,0.4170
18,0.600,19,905.8,222.3,934.1,308.2,0.6173
18,0.600,4,646.5,271.4,669.8,331.9,0.4273
18,0.600,20,648.9,233.6,670.9,331.1,0.2931
18,0.600,8,864.0,196.1,916.9,370.4,0.3869
18,0.600,22,661.7,232.8,689.6,330.5,0.3959
19,0.633,1,13.4,117.1,102.8,453.0,0.9418
19,0.633,2,665.4,231.6,701.8,331.1,0.5866
19,0.633,3,156.5,237.9,199.5,352.8,0.5439
19,0.633,6,821.5,187.8,895.0,375.3,0.7396
19,0.633,7,926.6,170.0,960.0,371.5,0.7611
19,0.633,16,677.9,237.2,704.0,327.0,0.3985
19,0.633,19,905.2,222.7,934.0,310.1,0.6088
19,0.633,4,647.3,271.2,670.3,331.5,0.4220
19,0.633,8,863.4,196.6,915.3,371.2,0.3413
19,0.633,22,662.5,230.8,690.9,330.3,0.3691
20,0.667,1,13.9,118.0,105.8,452.1,0.9414
20,0.667,2,665.5,230.9,702.4,331.3,0.5983
20,0.667,3,155.6,235.4,200.2,352.9,0.5667
20,0.667,6,820.4,188.0,893.0,376.3,0.7719
20,0.667,7,926.6,170.8,960.0,375.6,0.7566
20,0.667,16,677.9,235.5,704.9,326.8,0.3722
20,0.667,19,904.9,221.7,934.0,309.7,0.5811
20,0.667,4,648.2,271.2,671.0,331.4,0.4333
20,0.667,8,864.8,198.2,915.7,372.0,0.3496
20,0.667,24,905.1,184.4,934.7,320.3,0.3504
21,0.700,1,14.2,118.6,108.8,452.2,0.9454
21,0.700,2,665.4,230.9,702.3,331.1,0.6050
21,0.700,3,154.1,232.2,200.6,353.2,0.5967
21,0.700,6,821.6,188.4,893.5,376.3,0.7462
21,0.700,7,926.1,169.4,960.0,378.8,0.7538
21,0.700,16,677.4,234.3,705.3,326.8,0.3335
21,0.700,19,903.9,221.9,933.1,310.6,0.5366
21,0.700,4,648.8,271.3,671.3,331.3,0.4850
21,0.700,8,863.6,195.3,914.9,372.6,0.3651
22,0.733,1,16.8,119.9,114.8,452.0,0.9181
22,0.733,2,665.3,230.4,702.2,330.9,0.6384
22,0.733,3,153.6,230.8,200.9,353.2,0.6491
22,0.733,6,822.2,189.4,894.0,377.4,0.7564
22,0.733,7,925.2,168.6,960.0,381.6,0.7463
22,0.733,19,903.4,222.0,932.2,309.5,0.5338
22,0.733,4,649.9,271.0,672.3,331.1,0.4662
23,0.767,1,20.1,120.4,122.3,451.4,0.9312
23,0.767,2,665.4,230.2,702.4,331.2,0.6307
23,0.767,3,153.8,229.2,201.9,352.9,0.6537
23,0.767,6,820.3,190.2,891.5,378.5,0.7447
23,0.767,7,923.7,168.0,960.0,382.8,0.7843
23,0.767,19,903.4,222.1,931.9,309.2,0.5226
23,0.767,4,650.7,270.9,673.2,331.5,0.5300
23,0.767,8,859.1,195.3,911.2,373.5,0.2841
24,0.800,1,23.8,119.2,131.8,451.7,0.9192
24,0.800,2,665.9,230.5,703.0,331.7,0.6460
24,0.800,3,155.2,229.3,203.2,352.7,0.7256
24,0.800,6,818.1,190.4,889.2,379.7,0.7077
24,0.800,7,920.6,167.7,958.3,383.2,0.8354
24,0.800,19,904.1,221.0,932.6,308.1,0.3223
24,0.800,4,651.2,270.7,673.7,332.0,0.5364
24,0.800,8,851.8,192.8,906.6,374.8,0.4018
25,0.833,1,25.6,119.3,139.1,451.6,0.9188
25,0.833,2,666.0,230.5,703.2,332.0,0.6345
25,0.833,3,156.9,228.7,205.0,352.6,0.7200
25,0.833,6,816.0,190.9,886.7,380.4,0.7331
25,0.833,7,918.6,164.5,957.6,384.2,0.8450
25,0.833,4,651.5,270.9,673.7,331.7,0.4700
25,0.833,8,855.5,194.2,909.6,374.4,0.5416
26,0.867,1,25.7,118.7,144.7,451.5,0.9178
26,0.867,2,666.0,230.6,703.3,332.2,0.6202
26,0.867,3,157.1,225.6,206.3,352.6,0.7339
26,0.867,6,815.3,190.7,885.6,380.7,0.7232
26,0.867,7,918.0,162.8,957.8,385.1,0.8591
26,0.867,4,652.5,272.4,674.6,333.4,0.3884
26,0.867,8,857.3,194.8,910.9,374.3,0.4978
27,0.900,1,28.4,118.1,153.8,451.5,0.9167
27,0.900,2,666.2,230.8,703.5,332.2,0.6386
27,0.900,3,159.0,228.1,207.3,352.9,0.6523
27,0.900,6,813.4,190.8,883.0,381.1,0.7074
27,0.900,7,916.3,160.2,957.3,386.0,0.8599
27,0.900,16,687.0,239.9,710.4,320.4,0.2617
27,0.900,4,653.4,272.6,675.8,334.5,0.5129
27,0.900,8,854.9,193.3,909.2,375.1,0.4214
28,0.933,1,31.6,116.9,164.2,450.9,0.9220
28,0.933,2,666.1,230.9,703.4,332.2,0.5994
28,0.933,3,162.1,240.2,206.2,353.1,0.6629
28,0.933,6,812.0,191.2,880.1,381.4,0.7434
28,0.933,7,915.6,160.2,957.2,386.3,0.8655
28,0.933,16,686.5,241.4,709.7,321.4,0.3357
28,0.933,4,654.2,272.5,676.8,334.9,0.5022
28,0.933,8,854.0,194.1,907.8,375.6,0.4363
29,0.967,1,30.7,115.8,169.9,450.7,0.9194
29,0.967,2,666.4,231.3,703.5,332.1,0.6039
29,0.967,3,164.3,245.3,206.8,352.9,0.4659
29,0.967,6,814.2,189.7,883.0,381.3,0.7477
29,0.967,7,913.9,157.7,956.7,386.7,0.8823
29,0.967,16,686.4,241.8,709.3,321.2,0.2915
29,0.967,4,655.0,272.4,677.6,334.8,0.4862
30,1.000,1,31.9,115.5,177.9,450.4,0.9312
30,1.000,2,666.6,231.7,703.6,331.8,0.6034
30,1.000,3,165.3,248.7,207.1,352.8,0.4018
30,1.000,6,813.2,188.5,882.4,381.2,0.7033
30,1.000,7,913.3,156.7,956.9,386.8,0.8874
30,1.000,16,686.4,242.5,709.2,321.9,0.3363
30,1.000,4,655.4,272.3,678.2,334.7,0.5399
31,1.033,1,30.8,115.2,183.2,450.2,0.9286
31,1.033,2,666.9,232.0,703.9,331.7,0.5326
31,1.033,6,811.7,188.1,880.4,381.2,0.7791
31,1.033,7,911.8,155.8,956.4,387.1,0.8812
31,1.033,16,686.2,242.9,709.1,323.1,0.4103
31,1.033,4,655.9,272.2,678.7,334.4,0.5275
31,1.033,8,851.7,197.6,903.4,374.4,0.3707
32,1.067,1,30.7,117.4,188.4,450.2,0.7970
32,1.067,2,668.1,232.5,705.4,331.7,0.4980
32,1.067,6,813.5,186.4,883.6,381.5,0.7446
32,1.067,7,909.3,154.3,955.3,387.3,0.8814
32,1.067,16,685.8,242.8,709.4,325.7,0.4471
32,1.067,4,657.1,269.9,680.6,333.5,0.5435
33,1.100,1,28.7,122.2,189.9,450.0,0.9008
33,1.100,2,668.7,232.9,706.0,331.7,0.3976
33,1.100,6,813.4,185.9,884.3,382.0,0.8141
33,1.100,7,907.3,154.3,954.5,387.4,0.8855
33,1.100,16,685.8,242.7,709.8,327.4,0.4793
33,1.100,4,657.0,270.6,680.5,333.9,0.5799
34,1.133,1,30.9,125.1,197.4,450.5,0.9023
34,1.133,2,669.1,233.5,706.5,331.7,0.4897
34,1.133,6,814.4,185.7,886.5,383.0,0.8114
34,1.133,7,904.9,154.0,953.6,387.6,0.8913
34,1.133,16,684.0,240.3,709.2,329.9,0.4336
34,1.133,4,657.3,270.7,681.1,334.2,0.5902
35,1.167,1,31.7,127.8,203.7,450.9,0.9256
35,1.167,2,669.3,233.9,706.7,331.7,0.4726
35,1.167,6,814.0,185.8,887.0,384.6,0.8037
35,1.167,7,903.0,153.5,953.2,387.5,0.9043
35,1.167,16,685.0,241.2,709.6,329.0,0.4175
35,1.167,4,657.3,271.1,681.3,334.6,0.6014
36,1.200,1,30.6,128.1,208.6,450.9,0.9244
36,1.200,2,670.6,237.7,706.7,331.2,0.4985
36,1.200,6,812.7,186.0,886.3,385.8,0.7703
36,1.200,7,901.4,153.3,953.1,388.0,0.9028
36,1.200,16,685.9,240.3,710.5,329.2,0.3941
36,1.200,4,657.8,269.6,682.3,334.1,0.6280
37,1.233,1,29.7,128.5,213.2,451.1,0.9011
37,1.233,2,669.7,235.9,706.7,331.4,0.5540
37,1.233,6,812.0,186.1,885.6,386.3,0.7795
37,1.233,7,899.7,153.0,953.1,388.9,0.9128
37,1.233,16,686.7,239.5,711.2,329.2,0.3674
37,1.233,4,658.5,269.4,683.2,334.1,0.6106
38,1.267,1,33.9,129.4,220.6,450.5,0.9018
38,1.267,2,669.6,235.2,706.8,331.4,0.5788
38,1.267,6,810.9,186.2,884.7,387.7,0.7761
38,1.267,7,898.2,152.9,953.2,390.3,0.9222
38,1.267,16,686.9,238.8,711.4,329.0,0.4050
38,1.267,4,659.0,269.4,683.5,333.9,0.6191
38,1.267,5,57.0,251.3,96.2,369.3,0.3998
39,1.300,1,43.9,128.9,232.1,450.7,0.9058
39,1.300,2,669.5,234.9,706.7,331.4,0.6012
39,1.300,6,808.5,186.5,881.6,388.7,0.7934
39,1.300,7,896.9,153.1,953.3,391.1,0.9235
39,1.300,16,687.0,238.4,711.3,328.8,0.3694
39,1.300,4,659.4,269.7,683.7,333.7,0.6380
39,1.300,5,57.0,250.4,96.8,371.3,0.3939
40,1.333,1,54.3,132.1,240.5,450.4,0.9051
40,1.333,2,669.7,234.8,706.8,331.4,0.5957
40,1.333,6,807.4,186.2,880.0,389.7,0.8006
40,1.333,7,895.9,153.4,953.6,391.3,0.9221
40,1.333,16,686.7,238.2,710.9,328.7,0.3458
40,1.333,4,659.6,269.8,683.8,333.4,0.6357
40,1.333,5,52.9,239.2,96.9,372.1,0.3677
41,1.367,1,65.0,133.4,250.0,449.7,0.8831
41,1.367,2,670.0,234.8,707.0,331.4,0.5999
41,1.367,6,806.4,186.1,878.6,390.6,0.7919
41,1.367,7,895.1,153.8,953.9,391.5,0.9185
41,1.367,16,685.8,237.8,710.3,328.7,0.3308
41,1.367,4,659.6,269.9,683.7,333.3,0.6281
41,1.367,5,53.9,234.4,99.6,372.1,0.5509
42,1.400,1,83.3,133.2,263.9,447.1,0.8753
42,1.400,2,670.2,234.8,707.0,331.3,0.6223
42,1.400,6,807.5,185.6,880.0,391.0,0.7647
42,1.400,7,894.3,154.0,954.5,393.6,0.9207
42,1.400,16,684.0,237.4,709.1,328.8,0.3312
42,1.400,4,659.8,269.8,683.7,332.9,0.6257
42,1.400,5,54.3,242.7,96.9,371.7,0.3219
43,1.433,1,100.6,134.3,275.5,444.2,0.8845
43,1.433,2,670.2,234.8,706.8,331.4,0.6386
43,1.433,6,806.6,184.7,879.5,391.4,0.7927
43,1.433,7,893.5,154.3,955.1,396.1,0.9203
43,1.433,4,659.9,269.7,683.8,332.8,0.5773
43,1.433,5,53.1,243.4,95.6,372.4,0.4988
44,1.467,1,117.6,133.5,285.6,440.2,0.8705
44,1.467,2,670.1,234.6,706.5,331.5,0.6347
44,1.467,6,806.1,183.5,879.5,391.2,0.7686
44,1.467,7,892.7,153.9,955.9,399.2,0.9203
44,1.467,16,684.1,237.0,709.9,328.5,0.2651
44,1.467,4,660.1,269.7,684.0,332.6,0.5732
44,1.467,5,53.1,247.0,94.6,372.5,0.5487
45,1.500,1,129.4,130.5,291.2,435.8,0.8469
45,1.500,2,670.0,234.5,706.2,331.6,0.6186
45,1.500,6,807.1,182.9,881.7,391.0,0.7759
45,1.500,7,892.1,152.8,956.7,401.2,0.9242
45,1.500,4,660.2,269.8,684.1,332.6,0.5551
45,1.500,5,52.9,250.1,93.8,372.7,0.4643
46,1.533,1,139.6,129.9,295.7,434.7,0.8477
46,1.533,2,670.1,234.5,706.0,331.6,0.6027
46,1.533,6,804.3,182.1,880.1,391.6,0.7882
46,1.533,7,891.7,151.5,957.2,401.9,0.9215
46,1.533,4,660.3,269.8,684.2,332.7,0.5920
46,1.533,5,51.8,247.4,93.9,372.6,0.5040
47,1.567,1,155.0,127.9,305.3,432.2,0.8501
47,1.567,2,670.1,234.5,705.7,331.7,0.6075
47,1.567,6,802.0,181.6,879.5,391.2,0.7886
47,1.567,7,891.3,149.5,957.7,402.3,0.9193
47,1.567,4,660.2,269.9,684.2,332.9,0.5893
47,1.567,5,53.0,245.1,95.6,372.7,0.4697
47,1.567,41,121.7,230.3,153.9,286.9,0.3921
48,1.600,1,169.3,129.8,314.8,431.9,0.9069
48,1.600,2,670.1,234.5,705.4,331.7,0.5917
48,1.600,6,799.4,179.8,878.7,391.0,0.7604
48,1.600,7,891.2,147.8,958.1,401.8,0.9141
48,1.600,4,660.2,269.9,684.2,332.8,0.5981
48,1.600,5,56.0,248.7,96.9,371.8,0.4633
48,1.600,41,121.7,230.2,153.8,286.8,0.4791
49,1.633,1,185.2,132.9,327.9,430.0,0.9010
49,1.633,2,670.3,234.5,705.2,331.7,0.5744
49,1.633,6,792.3,178.5,872.5,391.3,0.8167
49,1.633,7,890.9,145.9,958.3,400.8,0.9200
49,1.633,4,660.2,269.9,684.2,332.8,0.5943
49,1.633,5,57.4,253.5,96.8,371.5,0.5185
49,1.633,41,121.5,230.2,153.5,286.7,0.4168
50,1.667,1,194.0,133.6,336.9,429.0,0.8891
50,1.667,2,670.3,234.5,705.1,331.7,0.5702
50,1.667,6,788.6,177.8,869.9,392.5,0.7978
50,1.667,7,890.6,144.2,958.6,400.6,0.9168
50,1.667,16,688.8,238.3,713.7,328.5,0.2587
50,1.667,4,660.2,269.9,684.2,332.8,0.5936
50,1.667,5,54.5,248.0,95.9,372.3,0.4491
50,1.667,41,121.6,230.3,153.3,286.5,0.4416
50,1.667,43,171.3,221.4,216.1,349.9,0.6470
51,1.700,1,200.5,135.0,344.4,428.3,0.8928
51,1.700,2,670.4,234.5,704.9,331.8,0.5582
51,1.700,6,786.9,179.0,868.5,393.2,0.7887
51,1.700,7,890.3,143.3,958.7,400.4,0.9161
51,1.700,16,688.9,238.5,713.7,328.7,0.2580
51,1.700,4,660.2,269.9,684.1,332.8,0.6017
51,1.700,5,55.9,249.0,96.5,371.6,0.4746
51,1.700,41,121.3,230.3,153.2,286.9,0.4346
51,1.700,43,180.4,223.0,224.1,348.2,0.5662
52,1.733,1,206.2,138.5,351.0,427.8,0.9175
52,1.733,2,670.3,234.4,704.6,331.7,0.5763
52,1.733,6,786.0,178.5,868.0,393.0,0.7884
52,1.733,7,889.8,142.4,958.7,400.7,0.9093
52,1.733,16,689.1,238.7,713.7,328.6,0.2562
52,1.733,4,660.1,269.9,684.1,332.9,0.6081
52,1.733,5,58.4,256.6,96.5,371.6,0.5371
52,1.733,41,121.0,230.1,153.1,287.3,0.4244
52,1.733,43,188.7,220.1,234.4,350.8,0.5644
53,1.767,1,208.0,140.5,354.3,427.5,0.9207
53,1.767,2,670.4,234.5,704.5,331.7,0.5922
53,1.767,6,786.0,179.2,868.6,393.9,0.8122
53,1.767,7,889.1,142.0,958.6,401.9,0.9082
53,1.767,16,689.3,238.6,713.7,328.4,0.2534
53,1.767,4,660.1,269.8,684.0,332.9,0.6080
53,1.767,5,58.6,260.4,95.8,372.3,0.4337
53,1.767,41,120.7,230.2,152.5,287.4,0.3912
53,1.767,43,198.5,218.3,244.6,349.8,0.4402
54,1.800,1,210.3,141.0,358.3,427.8,0.9197
54,1.800,2,670.6,234.5,704.5,331.7,0.5882
54,1.800,6,786.7,180.4,869.6,394.9,0.7749
54,1.800,7,888.3,141.8,958.4,402.6,0.9004
54,1.800,16,689.0,238.6,713.5,328.4,0.2681
54,1.800,4,660.1,269.8,684.0,332.9,0.5958
54,1.800,5,58.6,255.5,97.3,372.4,0.4905
54,1.800,41,120.5,230.8,151.9,287.9,0.2599
54,1.800,43,194.3,222.7,240.0,352.2,0.5953
55,1.833,1,213.4,139.9,362.6,427.6,0.8965
55,1.833,2,670.7,234.5,704.4,331.6,0.5840
55,1.833,6,786.0,181.0,869.6,396.3,0.7380
55,1.833,7,887.1,141.4,958.0,403.9,0.8958
55,1.833,16,689.0,238.7,713.4,328.4,0.2782
55,1.833,4,660.0,269.7,684.0,332.9,0.5961
55,1.833,5,59.0,258.0,96.7,371.5,0.4795
55,1.833,41,120.6,231.5,151.6,288.1,0.3608
55,1.833,43,192.2,224.6,238.1,353.0,0.7127
56,1.867,1,219.2,137.7,368.4,426.8,0.8750
56,1.867,2,670.8,234.5,704.3,331.6,0.5764
56,1.867,6,783.3,181.3,868.2,398.7,0.7330
56,1.867,7,886.1,141.7,957.6,404.5,0.8873
56,1.867,16,688.9,238.7,713.3,328.5,0.2809
56,1.867,4,660.0,269.7,683.8,332.8,0.5889
56,1.867,5,59.1,261.4,95.7,371.2,0.4802
56,1.867,41,120.4,231.3,151.0,287.8,0.4192
56,1.867,43,191.6,224.6,238.1,353.4,0.7691
57,1.900,1,228.8,130.4,377.3,423.8,0.8602
57,1.900,2,670.8,234.6,704.1,331.6,0.5874
57,1.900,6,779.7,180.2,865.6,399.6,0.7102
57,1.900,7,884.5,141.7,956.9,405.1,0.8884
57,1.900,16,689.0,238.6,713.4,328.4,0.2664
57,1.900,4,659.8,269.7,683.5,332.8,0.5912
57,1.900,5,59.1,262.9,95.3,371.5,0.4706
57,1.900,43,191.5,224.9,238.4,353.2,0.7721
58,1.933,1,239.3,127.4,385.6,423.2,0.8441
58,1.933,2,670.9,234.6,704.0,331.5,0.5892
58,1.933,6,778.0,178.4,864.9,399.4,0.7168
58,1.933,7,883.2,142.5,955.8,403.3,0.8891
58,1.933,16,689.2,238.8,713.4,328.3,0.2607
58,1.933,4,659.6,269.8,683.3,332.8,0.5878
58,1.933,5,59.1,263.5,95.1,371.7,0.4545
58,1.933,43,191.4,224.1,239.2,353.2,0.7345
59,1.967,1,263.6,129.2,404.6,422.8,0.8114
59,1.967,2,671.0,234.6,703.9,331.6,0.5941
59,1.967,6,773.7,176.1,862.3,399.3,0.7176
59,1.967,7,881.4,142.5,955.3,404.1,0.8831
59,1.967,16,689.3,238.7,713.4,328.2,0.2530
59,1.967,4,659.5,269.8,683.2,333.0,0.5822
59,1.967,5,59.2,263.6,95.3,371.9,0.4718
59,1.967,43,190.9,224.5,239.2,353.0,0.7592
60,2.000,1,280.9,129.3,418.4,422.2,0.8740
60,2.000,2,671.4,234.8,704.2,331.7,0.5741
60,2.000,6,771.3,174.7,861.3,399.8,0.7599
60,2.000,7,879.8,142.1,955.3,406.6,0.8899
60,2.000,16,688.4,238.0,713.0,328.6,0.2672
60,2.000,4,659.5,269.5,683.3,333.3,0.5435
60,2.000,5,59.7,262.7,95.9,371.8,0.4745
60,2.000,43,190.5,223.6,239.7,353.2,0.7785
61,2.033,1,291.9,131.8,425.9,421.7,0.8977
61,2.033,2,671.5,234.8,704.3,331.7,0.5754
61,2.033,6,767.3,173.7,858.7,400.0,0.7525
61,2.033,7,878.5,141.8,955.5,408.3,0.8846
61,2.033,16,688.0,237.8,712.9,328.8,0.2605
61,2.033,4,659.5,269.4,683.3,333.4,0.5532
61,2.033,5,59.7,262.4,96.1,371.8,0.4852
61,2.033,43,191.4,223.4,241.1,353.4,0.7734
62,2.067,1,302.4,134.2,434.2,422.1,0.8774
62,2.067,2,671.5,234.9,704.2,331.7,0.5798
62,2.067,6,762.1,173.9,854.2,400.3,0.8579
62,2.067,7,876.7,141.6,954.8,408.3,0.8882
62,2.067,4,659.5,269.9,683.1,333.5,0.5417
62,2.067,5,59.9,258.3,97.7,372.4,0.4555
62,2.067,43,193.6,222.1,243.6,353.3,0.7644
63,2.100,1,310.2,134.9,441.4,422.6,0.8716
63,2.100,2,671.5,234.8,704.1,331.6,0.5832
63,2.100,6,759.4,174.4,851.7,400.6,0.8813
63,2.100,7,875.0,140.6,954.7,408.9,0.8900
63,2.100,4,659.5,270.1,682.9,333.3,0.5227
63,2.100,5,60.2,256.3,98.8,372.8,0.4969
63,2.100,43,196.2,221.1,246.3,353.2,0.7850
64,2.133,1,316.3,139.1,445.9,421.9,0.8753
64,2.133,2,671.5,234.8,704.1,331.6,0.5887
64,2.133,6,756.7,174.8,849.0,401.6,0.8575
64,2.133,7,872.4,138.6,954.3,410.2,0.9120
64,2.133,4,659.5,270.3,682.8,333.3,0.5072
64,2.133,5,60.0,257.2,98.3,372.9,0.4772
64,2.133,43,200.3,220.7,249.9,352.0,0.8147
65,2.167,1,321.6,141.5,450.6,421.6,0.8653
65,2.167,2,671.7,234.9,704.1,331.6,0.5839
65,2.167,6,755.9,175.0,848.0,402.6,0.8433
65,2.167,7,870.6,137.6,954.2,410.9,0.9230
65,2.167,4,659.3,269.8,682.7,333.3,0.5243
65,2.167,5,59.8,257.1,98.1,372.9,0.4889
65,2.167,43,202.9,220.9,252.0,351.5,0.8185
66,2.200,1,325.8,144.2,454.3,420.4,0.8778
66,2.200,2,671.7,234.9,704.0,331.6,0.5871
66,2.200,6,756.6,175.2,848.6,403.9,0.8200
66,2.200,7,869.1,136.4,954.2,411.1,0.9262
66,2.200,4,659.4,270.2,682.6,333.3,0.5195
66,2.200,5,59.9,260.4,96.8,372.2,0.4858
66,2.200,43,204.8,220.7,253.3,350.6,0.8071
66,2.200,51,124.0,236.7,156.8,351.5,0.4982
67,2.233,1,328.8,144.9,457.9,420.5,0.8824
67,2.233,2,671.7,234.9,704.0,331.6,0.5735
67,2.233,6,756.6,175.2,848.7,405.9,0.7729
67,2.233,7,866.3,135.4,953.3,411.4,0.9168
67,2.233,4,659.2,269.7,682.5,333.3,0.5271
67,2.233,5,60.0,257.3,98.2,372.8,0.5624
67,2.233,43,207.2,220.6,255.8,350.4,0.7970
67,2.233,51,126.2,239.5,158.4,352.2,0.6150
68,2.267,1,333.7,145.8,462.2,419.6,0.8746
68,2.267,2,671.7,234.9,704.0,331.6,0.5737
68,2.267,6,755.9,175.3,847.2,406.3,0.7589
68,2.267,7,863.9,134.9,952.6,411.3,0.9046
68,2.267,4,659.1,269.5,682.5,333.4,0.5331
68,2.267,5,60.1,255.1,99.0,373.1,0.5857
68,2.267,43,208.9,220.9,257.6,350.1,0.8023
68,2.267,51,126.9,239.6,159.6,353.1,0.6943
69,2.300,1,343.3,145.1,470.5,418.0,0.8635
69,2.300,2,671.7,234.9,703.9,331.6,0.5756
69,2.300,6,756.5,175.7,848.1,409.2,0.7184
69,2.300,7,861.0,134.1,951.2,410.7,0.9027
69,2.300,4,659.1,269.5,682.6,333.6,0.5494
69,2.300,5,59.9,257.0,98.1,373.2,0.5212
69,2.300,43,209.8,220.2,259.4,351.2,0.8243
69,2.300,51,128.3,238.4,162.0,354.0,0.6641
70,2.333,1,351.1,145.1,475.5,414.3,0.8412
70,2.333,2,671.5,234.9,703.6,331.6,0.5857
70,2.333,6,754.7,175.8,845.7,410.9,0.7530
70,2.333,7,858.3,133.1,950.3,411.0,0.8943
70,2.333,4,659.1,269.5,682.6,333.6,0.5564
70,2.333,5,60.0,257.1,98.0,373.1,0.5376
70,2.333,43,210.0,219.6,260.3,352.1,0.7997
70,2.333,51,128.6,237.2,163.2,354.5,0.6553
71,2.367,1,359.4,143.3,481.7,411.5,0.8507
71,2.367,2,671.4,234.9,703.4,331.5,0.5838
71,2.367,6,752.8,175.8,843.0,412.2,0.7891
71,2.367,7,855.7,132.0,949.7,413.4,0.8892
71,2.367,4,659.1,269.4,682.6,333.7,0.5701
71,2.367,5,60.0,257.9,97.7,373.1,0.5495
71,2.367,43,210.9,219.0,261.7,351.5,0.8157
71,2.367,51,129.1,236.8,164.3,354.6,0.6351
71,2.367,54,13.6,253.1,58.0,373.0,0.3168
72,2.400,1,368.0,141.0,486.9,407.7,0.8657
72,2.400,2,671.5,234.9,703.4,331.6,0.5800
72,2.400,6,751.1,175.3,840.7,414.0,0.7930
72,2.400,7,852.3,132.8,947.5,416.4,0.9014
72,2.400,4,659.3,269.3,682.8,333.8,0.5815
72,2.400,5,60.5,259.3,97.7,373.0,0.6319
72,2.400,43,211.8,219.3,263.4,351.6,0.8038
72,2.400,51,130.0,236.5,165.3,353.8,0.6121
72,2.400,54,14.0,252.6,58.6,372.9,0.4514
73,2.433,1,374.8,139.9,490.4,404.9,0.8501
73,2.433,2,671.5,234.9,703.3,331.6,0.5746
73,2.433,6,751.3,175.1,840.2,414.3,0.7795
73,2.433,7,850.0,133.0,946.3,418.5,0.9029
73,2.433,4,659.4,269.3,682.9,333.9,0.5799
73,2.433,5,60.6,260.1,97.6,372.9,0.6408
73,2.433,43,211.2,219.3,263.6,352.7,0.7882
73,2.433,51,130.0,235.1,166.0,353.4,0.5982
73,2.433,54,14.8,255.0,58.7,373.2,0.4480
74,2.467,1,382.1,141.3,493.6,402.6,0.8607
74,2.467,2,671.5,234.9,703.2,331.6,0.5884
74,2.467,6,752.4,173.5,842.1,414.8,0.8038
74,2.467,7,848.0,133.5,944.9,419.9,0.9058
74,2.467,4,659.5,270.0,682.9,334.0,0.5851
74,2.467,5,60.6,260.6,97.4,372.9,0.6327
74,2.467,43,210.4,219.0,263.4,353.3,0.7900
74,2.467,51,129.9,233.4,167.1,353.2,0.6745
74,2.467,54,15.6,260.2,57.6,373.1,0.4587
75,2.500,1,389.3,143.0,498.8,401.4,0.8645
75,2.500,2,671.6,234.9,703.2,331.6,0.5923
75,2.500,6,752.4,171.7,843.0,414.8,0.8122
75,2.500,7,846.6,133.7,943.7,419.4,0.9133
75,2.500,4,659.4,269.7,682.8,333.8,0.5882
75,2.500,5,60.7,261.5,97.2,372.7,0.6273
75,2.500,43,209.5,218.5,263.1,354.3,0.7761
75,2.500,51,129.8,232.8,168.0,353.5,0.6822
75,2.500,54,16.1,263.7,57.1,373.2,0.4416
76,2.533,1,399.6,144.5,508.7,401.3,0.8619
76,2.533,2,671.7,234.9,703.3,331.6,0.6086
76,2.533,6,750.0,169.4,841.4,414.6,0.7884
76,2.533,7,845.3,133.8,942.8,419.7,0.9158
76,2.533,4,659.3,269.4,682.8,333.8,0.5889
76,2.533,5,60.6,260.6,97.4,372.6,0.6331
76,2.533,43,209.6,217.6,263.3,353.9,0.7728
76,2.533,51,129.1,232.5,168.2,353.1,0.7192
76,2.533,54,15.8,264.5,56.8,373.3,0.4356
77,2.567,1,411.7,146.2,521.7,401.5,0.8680
77,2.567,2,671.7,234.9,703.3,331.6,0.6050
77,2.567,6,747.5,167.1,839.7,413.9,0.8078
77,2.567,7,844.1,133.9,942.3,421.1,0.9192
77,2.567,4,659.4,269.8,682.7,334.0,0.5853
77,2.567,5,60.6,259.2,97.9,372.6,0.6221
77,2.567,43,209.5,216.8,263.8,354.6,0.7824
77,2.567,51,131.2,232.3,171.1,352.9,0.6438
77,2.567,54,15.3,259.5,58.2,373.4,0.4288
78,2.600,1,418.7,148.9,529.6,401.7,0.8813
78,2.600,2,671.8,234.9,703.4,331.4,0.6242
78,2.600,6,745.0,165.4,838.4,413.1,0.8268
78,2.600,7,843.1,134.1,942.2,423.2,0.9175
78,2.600,4,659.4,269.9,682.7,334.0,0.5909
78,2.600,5,60.5,259.5,97.9,372.7,0.6103
78,2.600,43,210.4,216.3,265.1,354.9,0.7961
78,2.600,51,136.4,233.1,176.6,352.9,0.6215
78,2.600,54,16.3,259.8,59.0,373.6,0.4409
79,2.633,1,422.0,150.1,533.7,400.6,0.8938
79,2.633,2,671.8,235.0,703.4,331.4,0.6249
79,2.633,6,744.0,163.8,838.9,413.4,0.8663
79,2.633,7,841.8,133.7,941.8,424.3,0.9303
79,2.633,4,659.4,270.0,682.6,334.1,0.5709
79,2.633,5,60.3,258.9,97.9,372.8,0.5874
79,2.633,43,212.4,216.0,267.0,355.4,0.8030
79,2.633,51,142.1,233.5,182.7,353.1,0.6076
79,2.633,54,16.1,262.1,58.2,374.0,0.4298
79,2.633,61,273.0,198.9,309.5,260.8,0.3255
80,2.667,1,424.7,151.4,537.3,401.0,0.8373
80,2.667,2,671.8,234.9,703.4,331.3,0.6255
80,2.667,6,741.7,163.1,838.0,414.2,0.8459
80,2.667,7,840.5,132.8,941.6,426.5,0.9272
80,2.667,4,659.4,270.0,682.6,334.1,0.5547
80,2.667,5,60.2,256.5,98.7,373.1,0.5675
80,2.667,43,214.2,215.7,268.4,355.1,0.7831
80,2.667,51,145.7,233.8,187.2,353.2,0.6077
80,2.667,54,16.1,264.6,57.5,374.0,0.3467
80,2.667,61,271.8,198.7,310.9,265.0,0.2969
81,2.700,1,426.5,153.4,539.2,401.2,0.8200
81,2.700,2,672.0,235.0,703.7,331.2,0.6316
81,2.700,6,738.6,163.3,836.3,415.6,0.8591
81,2.700,7,839.8,131.9,941.7,428.0,0.9278
81,2.700,4,659.4,270.1,682.6,334.2,0.5490
81,2.700,5,60.2,256.0,98.8,373.0,0.5848
81,2.700,43,215.2,215.2,269.0,354.8,0.7915
81,2.700,51,146.8,233.4,189.0,353.0,0.4311
81,2.700,54,16.5,264.7,57.8,373.7,0.3193
81,2.700,61,272.3,198.8,310.4,263.5,0.2918
82,2.733,1,430.2,155.6,541.8,400.5,0.8354
82,2.733,2,672.5,234.9,704.5,331.3,0.6368
82,2.733,6,735.7,163.7,835.0,416.8,0.8358
82,2.733,7,839.4,130.1,942.3,429.0,0.9274
82,2.733,4,659.2,269.3,682.6,334.1,0.5708
82,2.733,5,60.0,256.1,98.6,372.9,0.5554
82,2.733,43,216.4,214.5,269.5,354.1,0.7966
82,2.733,51,148.0,232.6,191.2,353.3,0.5557
82,2.733,54,14.9,263.0,57.6,374.8,0.2852
82,2.733,61,272.3,198.2,310.4,263.0,0.2907
83,2.767,1,435.1,154.8,545.0,397.2,0.7963
83,2.767,2,672.7,234.9,705.0,331.3,0.6274
83,2.767,6,733.4,164.0,833.2,416.7,0.8689
83,2.767,7,839.1,128.4,942.8,429.3,0.9227
83,2.767,4,659.2,269.1,682.6,334.1,0.5730
83,2.767,5,59.9,255.3,98.7,372.9,0.5544
83,2.767,43,217.5,215.1,269.7,354.2,0.7744
83,2.767,51,148.7,234.0,191.9,353.5,0.5997
83,2.767,61,271.6,198.1,311.0,265.4,0.2966
84,2.800,1,445.4,152.6,552.3,393.2,0.8543
84,2.800,2,672.5,234.9,705.1,331.2,0.6129
84,2.800,6,729.0,163.9,830.1,417.9,0.8409
84,2.800,7,838.2,125.6,943.1,430.0,0.9176
84,2.800,4,659.1,268.9,682.6,333.9,0.5707
84,2.800,5,59.9,254.7,99.2,373.1,0.5611
84,2.800,43,220.5,216.1,271.5,353.2,0.7681
84,2.800,51,149.8,234.0,193.5,354.1,0.7419
84,2.800,54,15.9,264.9,58.2,374.9,0.3288
84,2.800,61,272.2,198.1,310.3,263.2,0.2551
85,2.833,1,452.8,151.0,557.9,390.6,0.8449
85,2.833,2,672.5,234.9,705.5,331.3,0.5969
85,2.833,6,726.6,164.8,829.1,419.3,0.8395
85,2.833,7,837.6,123.4,943.6,430.4,0.9143
85,2.833,4,659.1,268.8,682.5,333.9,0.5532
85,2.833,5,60.0,254.9,99.2,373.1,0.5334
85,2.833,43,223.0,216.3,273.3,352.8,0.7781
85,2.833,51,151.0,233.8,195.2,354.4,0.7361
85,2.833,54,15.2,263.8,58.0,374.7,0.2745
86,2.867,1,460.0,150.0,564.6,389.8,0.8653
86,2.867,2,672.4,234.8,705.7,331.5,0.6154
86,2.867,6,721.8,166.1,825.1,421.6,0.8179
86,2.867,7,837.2,122.0,943.5,429.8,0.9038
86,2.867,4,659.3,269.5,682.5,333.8,0.5027
86,2.867,5,59.7,257.3,97.9,372.1,0.4805
86,2.867,43,225.3,216.0,275.7,353.3,0.8161
86,2.867,51,152.4,231.4,197.8,354.9,0.6922
87,2.900,1,467.7,150.4,571.9,389.5,0.8658
87,2.900,2,671.8,234.7,705.3,331.5,0.6040
87,2.900,6,718.0,167.2,821.9,423.6,0.8489
87,2.900,7,836.5,119.9,943.8,429.8,0.8946
87,2.900,4,659.4,269.7,682.6,334.1,0.4827
87,2.900,5,59.7,255.5,98.5,372.0,0.5007
87,2.900,43,227.6,215.8,278.5,353.9,0.8445
87,2.900,51,154.3,230.8,200.0,354.8,0.7465
87,2.900,54,15.5,263.5,58.4,374.2,0.2614
88,2.933,1,474.7,150.9,579.1,390.3,0.8767
88,2.933,2,671.2,234.6,704.7,331.4,0.5758
88,2.933,6,713.5,167.2,818.6,425.6,0.8722
88,2.933,7,835.0,118.9,943.2,430.6,0.8915
88,2.933,4,659.5,269.8,682.8,334.1,0.4957
88,2.933,5,59.8,254.4,99.0,371.9,0.4783
88,2.933,43,230.1,215.8,281.8,354.4,0.8452
88,2.933,51,154.7,229.3,201.0,354.9,0.7215
89,2.967,1,480.6,153.4,584.6,390.2,0.8922
89,2.967,2,670.2,234.5,703.5,331.1,0.5749
89,2.967,6,709.4,166.2,815.7,425.8,0.8335
89,2.967,7,833.5,118.0,942.3,431.4,0.8903
89,2.967,4,659.6,269.8,682.8,333.9,0.4859
89,2.967,5,59.7,252.0,99.8,371.8,0.4403
89,2.967,43,232.6,216.2,285.1,355.3,0.8591
89,2.967,51,155.3,227.1,202.2,354.3,0.7017
90,3.000,1,485.8,156.3,589.4,389.6,0.8414
90,3.000,2,670.4,233.8,703.8,330.6,0.5560
90,3.000,6,707.2,164.6,814.1,424.8,0.8427
90,3.000,7,831.8,117.8,941.0,432.8,0.8916
90,3.000,4,659.6,269.7,682.9,333.8,0.5027
90,3.000,5,58.9,252.9,99.2,372.6,0.4389
90,3.000,43,232.9,216.3,285.9,356.0,0.8547
90,3.000,51,155.8,226.0,203.3,353.8,0.7256
91,3.033,1,489.1,158.2,592.6,388.2,0.8473
91,3.033,2,669.3,233.8,702.3,330.0,0.5226
91,3.033,6,703.6,163.2,811.5,424.7,0.8085
91,3.033,7,830.1,117.8,939.7,434.3,0.8889
91,3.033,4,659.6,269.8,682.8,333.7,0.4558
91,3.033,5,58.6,254.1,98.8,372.9,0.4416
91,3.033,43,232.1,215.9,285.4,356.3,0.8439
91,3.033,51,156.6,227.0,204.1,353.1,0.6662
92,3.067,1,493.8,160.3,597.5,387.4,0.8684
92,3.067,2,669.5,233.2,702.7,330.1,0.5825
92,3.067,6,698.0,161.4,808.1,425.6,0.8213
92,3.067,7,826.5,118.7,937.2,435.6,0.8882
92,3.067,4,659.6,269.9,682.8,333.5,0.4360
92,3.067,5,58.4,255.6,98.4,373.0,0.4450
92,3.067,43,231.8,216.0,284.9,357.0,0.8412
92,3.067,51,157.9,227.7,205.9,354.4,0.7010
93,3.100,1,497.0,162.2,600.7,386.5,0.8990
93,3.100,2,668.7,232.9,701.5,329.7,0.5793
93,3.100,6,694.3,160.4,805.9,426.4,0.8293
93,3.100,7,823.2,119.8,935.0,436.7,0.8879
93,3.100,4,659.7,270.0,682.9,333.3,0.4014
93,3.100,5,58.3,255.2,98.7,373.0,0.4743
93,3.100,43,232.7,215.5,285.7,356.6,0.8398
93,3.100,51,158.9,227.9,207.0,354.2,0.6840
94,3.133,1,499.8,162.9,603.9,386.7,0.8832
94,3.133,2,668.6,232.9,701.2,329.7,0.5177
94,3.133,6,689.9,160.0,802.4,427.7,0.8683
94,3.133,7,821.0,121.0,934.0,438.8,0.8944
94,3.133,4,658.6,271.3,681.5,333.7,0.4151
94,3.133,5,58.3,254.4,99.0,373.0,0.5154
94,3.133,43,233.4,214.6,286.2,356.2,0.8310
94,3.133,51,159.7,229.6,207.7,354.5,0.7071
95,3.167,1,506.6,162.9,611.1,387.4,0.8806
95,3.167,2,668.6,233.4,700.7,330.1,0.5400
95,3.167,6,686.3,159.7,798.4,428.8,0.8532
95,3.167,7,817.6,120.9,931.6,441.0,0.9181
95,3.167,4,658.2,271.8,681.1,334.3,0.4732
95,3.167,5,58.1,254.4,99.0,373.1,0.5008
95,3.167,43,234.2,214.1,286.7,355.9,0.8292
95,3.167,51,160.5,229.6,208.8,355.1,0.7415
95,3.167,54,12.3,260.3,57.8,373.3,0.2838
95,3.167,61,272.9,199.9,309.5,262.1,0.2852
95,3.167,70,659.1,244.0,683.8,334.0,0.3211
96,3.200,1,513.5,161.9,615.9,383.1,0.8624
96,3.200,2,669.0,233.9,700.8,330.5,0.6210
96,3.200,6,683.7,159.1,794.6,429.4,0.8338
96,3.200,7,813.6,120.0,928.6,442.9,0.9256
96,3.200,4,659.4,270.8,682.7,333.8,0.4770
96,3.200,5,59.0,253.8,100.3,372.8,0.5909
96,3.200,43,234.7,213.5,287.1,356.1,0.8385
96,3.200,51,161.8,230.1,209.8,355.1,0.7416
96,3.200,54,10.4,254.8,58.2,373.3,0.4088
96,3.200,61,273.0,199.4,309.7,262.0,0.2908
97,3.233,1,519.0,160.4,619.2,379.4,0.8766
97,3.233,2,669.9,234.6,701.8,331.0,0.5031
97,3.233,6,680.9,158.3,791.5,432.2,0.7918
97,3.233,7,809.4,117.6,925.5,443.5,0.9194
97,3.233,4,658.6,271.8,681.8,334.1,0.4213
97,3.233,5,59.3,253.8,100.8,372.8,0.5876
97,3.233,43,235.6,212.9,287.8,355.3,0.8171
97,3.233,51,163.0,230.4,210.7,355.5,0.7344
97,3.233,54,11.1,255.0,59.0,374.0,0.3515
97,3.233,61,273.2,199.0,309.6,261.0,0.2510
98,3.267,1,522.9,160.0,621.4,378.9,0.8658
98,3.267,2,670.2,234.6,702.2,331.1,0.4606
98,3.267,6,678.6,158.1,788.7,435.2,0.8085
98,3.267,7,806.5,116.1,923.1,443.8,0.9143
98,3.267,4,658.0,271.8,681.3,334.4,0.4810
98,3.267,5,59.3,253.9,100.9,372.8,0.5783
98,3.267,43,235.5,212.5,287.8,355.2,0.8214
98,3.267,51,162.7,230.4,210.6,356.4,0.7218
98,3.267,54,12.2,256.7,59.3,374.1,0.2761
99,3.300,1,525.2,159.3,621.5,377.9,0.8530
99,3.300,2,670.6,234.5,703.0,331.3,0.4969
99,3.300,6,678.3,157.9,787.7,437.2,0.7952
99,3.300,7,804.2,114.0,921.4,444.3,0.9138
99,3.300,4,657.7,271.7,681.3,334.8,0.4356
99,3.300,5,59.1,254.6,100.6,372.7,0.5712
99,3.300,43,235.0,211.9,287.5,354.7,0.8225
99,3.300,51,162.5,229.1,210.6,356.6,0.7351
99,3.300,70,660.7,254.9,682.7,334.0,0.2912
100,3.333,1,531.3,160.5,624.9,377.3,0.8356
100,3.333,2,669.4,234.6,701.5,330.6,0.5695
100,3.333,6,677.7,158.8,785.9,439.0,0.8046
100,3.333,7,801.6,113.5,918.9,444.3,0.9137
100,3.333,4,658.5,270.3,682.6,334.4,0.5044
100,3.333,5,58.7,255.7,99.9,372.8,0.5716
100,3.333,43,234.4,211.1,287.2,354.2,0.8474
100,3.333,51,163.3,226.7,211.8,356.6,0.7731
100,3.333,70,659.2,246.5,683.7,334.2,0.3188
101,3.367,1,539.9,161.3,631.5,376.3,0.8389
101,3.367,2,668.2,234.8,699.5,329.0,0.3986
101,3.367,6,677.9,159.2,785.4,439.4,0.7997
101,3.367,7,798.4,112.3,916.0,444.2,0.9200
101,3.367,4,657.8,270.8,681.9,334.7,0.4680
101,3.367,5,58.4,259.4,98.4,371.9,0.5605
101,3.367,43,234.7,210.8,288.2,354.2,0.8526
101,3.367,51,163.9,224.9,212.6,356.3,0.7735
102,3.400,1,549.0,162.0,640.3,375.5,0.8689
102,3.400,6,673.3,160.2,782.2,444.0,0.8357
102,3.400,7,793.4,110.0,911.4,444.2,0.9199
102,3.400,4,657.9,269.8,682.5,334.8,0.4005
102,3.400,5,58.3,256.8,99.3,372.5,0.5825
102,3.400,43,235.5,210.6,289.9,354.9,0.8443
102,3.400,51,165.1,224.9,213.5,356.3,0.7705
102,3.400,54,12.1,255.0,59.0,372.3,0.2800
103,3.433,1,555.4,162.5,647.0,375.2,0.8868
103,3.433,6,670.6,160.4,780.2,447.2,0.7993
103,3.433,7,790.2,108.8,908.2,444.1,0.9194
103,3.433,4,658.0,269.7,682.8,334.8,0.3785
103,3.433,5,58.6,260.1,98.3,372.0,0.5695
103,3.433,43,235.9,210.3,291.2,355.2,0.8511
103,3.433,51,166.5,225.6,214.3,355.9,0.7788
104,3.467,1,559.7,164.4,651.0,374.6,0.8878
104,3.467,6,668.5,159.5,778.6,448.5,0.7819
104,3.467,7,787.5,108.0,905.5,444.6,0.9215
104,3.467,4,657.8,269.7,682.7,334.6,0.2859
104,3.467,5,58.3,261.7,97.5,371.7,0.5605
104,3.467,43,236.1,210.3,292.0,355.4,0.8445
104,3.467,51,167.8,225.6,215.6,356.3,0.7712
105,3.500,1,561.9,164.6,653.6,374.1,0.8896
105,3.500,6,664.9,156.7,776.4,449.2,0.7406
105,3.500,7,783.7,107.4,902.6,447.9,0.9152
105,3.500,5,58.2,262.2,97.4,371.6,0.5596
105,3.500,43,235.9,211.2,292.0,355.5,0.8418
105,3.500,51,168.3,225.5,216.2,356.4,0.7558
106,3.533,1,564.2,165.9,655.7,373.8,0.8766
106,3.533,6,660.3,155.3,772.6,448.7,0.8047
106,3.533,7,781.5,107.4,900.8,450.9,0.9069
106,3.533,5,57.9,262.3,97.3,371.7,0.5595
106,3.533,43,235.5,211.4,292.0,356.0,0.8571
106,3.533,51,168.7,225.7,216.4,355.9,0.7556
107,3.567,1,566.8,166.5,657.5,373.2,0.8699
107,3.567,6,655.2,152.2,768.8,448.6,0.8033
107,3.567,7,777.5,108.2,897.1,455.5,0.9032
107,3.567,5,57.6,262.0,97.2,371.7,0.5631
107,3.567,43,234.6,212.0,291.1,356.7,0.8607
107,3.567,51,169.7,225.0,217.5,355.8,0.7379
107,3.567,54,8.8,250.5,57.5,373.4,0.2719
108,3.600,1,571.1,167.3,659.9,371.0,0.8793
108,3.600,6,650.7,150.6,765.3,448.3,0.8460
108,3.600,7,775.3,108.5,895.0,458.5,0.9038
108,3.600,5,57.3,261.3,97.4,371.7,0.5413
108,3.600,43,233.8,212.0,290.6,358.3,0.8613
108,3.600,51,171.3,225.3,218.6,356.0,0.7344
108,3.600,54,9.7,250.4,58.0,373.1,0.2812
109,3.633,1,576.4,167.0,663.3,369.2,0.8702
109,3.633,6,645.9,149.4,761.4,448.4,0.8339
109,3.633,7,773.7,108.4,893.2,459.8,0.8948
109,3.633,5,56.9,261.1,97.3,371.8,0.5366
109,3.633,43,233.5,212.0,290.1,358.7,0.8511
109,3.633,51,172.1,224.3,219.5,357.1,0.7334
110,3.667,1,581.2,165.7,666.3,367.9,0.8578
110,3.667,6,643.8,148.6,759.2,447.1,0.8359
110,3.667,7,770.4,107.9,890.0,460.5,0.8883
110,3.667,5,56.7,257.5,98.8,372.8,0.5393
110,3.667,43,233.0,210.8,289.8,359.1,0.8548
110,3.667,51,173.7,224.5,220.5,357.4,0.7253
110,3.667,54,9.8,249.9,57.8,372.8,0.2738
110,3.667,61,274.2,199.0,310.4,267.7,0.2794
111,3.700,1,583.9,164.8,667.3,367.2,0.8565
111,3.700,6,642.0,147.6,757.8,447.6,0.8378
111,3.700,7,769.0,108.6,888.3,461.1,0.8968
111,3.700,5,56.6,255.8,99.4,373.2,0.5322
111,3.700,43,232.5,209.7,289.4,359.7,0.8513
111,3.700,51,174.5,224.7,220.9,357.6,0.7183
111,3.700,54,8.9,249.7,56.9,372.5,0.2539
111,3.700,61,274.2,199.2,311.4,270.9,0.3210
112,3.733,1,586.1,164.6,667.8,366.8,0.8339
112,3.733,6,638.2,146.4,755.9,451.5,0.8444
112,3.733,7,767.1,109.2,886.4,462.2,0.9031
112,3.733,5,56.9,254.9,100.2,373.3,0.5410
112,3.733,43,231.7,208.9,288.8,360.5,0.8355
112,3.733,51,175.2,223.5,221.9,358.2,0.7077
112,3.733,54,5.8,249.5,54.8,372.7,0.3572
112,3.733,61,274.1,199.2,311.9,272.8,0.3213
113,3.767,1,588.3,166.3,667.7,366.1,0.7720
113,3.767,6,636.2,146.4,754.7,453.3,0.8128
113,3.767,7,764.5,109.3,884.4,464.7,0.8974
113,3.767,5,57.0,255.0,99.9,372.2,0.5394
113,3.767,43,231.0,208.2,288.1,360.7,0.8284
113,3.767,51,175.8,222.7,222.4,358.1,0.7127
113,3.767,54,4.3,249.8,53.9,372.5,0.3436
113,3.767,61,274.7,199.0,312.0,272.8,0.3154
114,3.800,1,589.9,167.3,666.9,364.1,0.6391
114,3.800,6,632.0,147.0,751.0,453.3,0.8203
114,3.800,7,760.4,108.8,881.4,469.3,0.8993
114,3.800,5,57.1,254.8,100.4,372.8,0.5462
114,3.800,43,230.5,208.2,287.5,361.3,0.8317
114,3.800,51,176.5,222.3,222.9,358.2,0.7137
114,3.800,54,3.6,250.0,53.9,372.3,0.3662
114,3.800,61,275.5,198.8,312.3,272.9,0.3010
115,3.833,1,591.5,169.5,665.9,362.1,0.4778
115,3.833,6,627.4,148.3,747.4,455.4,0.8258
115,3.833,7,756.5,106.4,879.1,472.8,0.9095
115,3.833,5,57.0,255.7,99.7,372.0,0.5541
115,3.833,43,230.0,207.3,286.5,360.2,0.8170
115,3.833,51,176.6,222.5,223.0,359.6,0.7182
115,3.833,54,2.9,249.9,54.1,372.8,0.3866
115,3.833,61,275.0,198.5,312.2,274.5,0.3263
116,3.867,6,623.7,149.6,744.9,459.3,0.8319
116,3.867,7,751.9,104.2,875.8,474.7,0.9092
116,3.867,5,57.5,254.8,100.8,372.7,0.5697
116,3.867,43,229.0,206.2,285.7,361.3,0.8178
116,3.867,51,176.5,222.3,223.0,360.7,0.7379
116,3.867,54,2.6,250.2,54.5,373.4,0.3948
116,3.867,61,274.4,198.5,312.1,276.2,0.2897
117,3.900,6,613.3,148.5,738.6,463.2,0.8215
117,3.900,7,749.2,100.8,874.0,475.8,0.9150
117,3.900,5,57.8,254.3,101.5,373.1,0.5994
117,3.900,43,228.0,205.5,284.7,361.9,0.8361
117,3.900,51,176.2,221.7,222.9,361.7,0.7283
117,3.900,54,4.6,249.8,56.9,374.3,0.5107
117,3.900,61,273.7,197.9,311.5,276.4,0.3203
118,3.933,6,606.2,148.5,734.8,468.4,0.8751
118,3.933,7,747.4,97.8,872.9,476.5,0.9176
118,3.933,5,57.7,254.8,101.2,373.3,0.5864
118,3.933,43,227.2,204.8,283.9,362.5,0.8405
118,3.933,51,175.8,221.9,222.5,363.2,0.7257
118,3.933,54,6.1,250.1,58.2,374.4,0.4601
118,3.933,61,273.4,197.6,311.0,276.1,0.3167
119,3.967,6,602.9,147.8,732.7,470.3,0.8647
119,3.967,7,745.5,95.2,871.2,476.5,0.9162
119,3.967,5,58.1,254.3,101.8,373.4,0.5798
119,3.967,43,226.6,204.6,283.1,362.5,0.8485
119,3.967,51,175.8,222.9,221.9,363.6,0.7081
119,3.967,54,7.2,250.3,58.9,374.4,0.4735
119,3.967,61,273.8,197.4,310.5,274.1,0.3264
120,4.000,6,598.7,146.4,728.9,469.1,0.7735
120,4.000,7,743.8,92.9,870.0,476.1,0.9176
120,4.000,5,59.2,258.0,101.4,372.4,0.5678
120,4.000,43,226.1,204.4,282.4,362.5,0.8556
120,4.000,51,175.7,223.1,221.5,363.4,0.7156
120,4.000,54,8.6,255.6,58.5,375.7,0.3109
120,4.000,61,274.4,198.0,311.2,275.8,0.3796
121,4.033,6,591.6,144.5,724.0,470.5,0.8551
121,4.033,7,740.9,87.1,868.3,475.6,0.9090
121,4.033,5,58.9,259.3,100.5,372.1,0.5720
121,4.033,43,225.3,204.0,281.7,363.1,0.8625
121,4.033,51,174.8,223.6,220.8,364.8,0.7176
121,4.033,54,9.9,251.7,60.6,374.9,0.3923
121,4.033,61,274.4,198.0,311.4,276.8,0.3729
122,4.067,6,584.1,142.4,719.5,471.9,0.8803
122,4.067,7,737.2,79.4,866.0,474.5,0.9046
122,4.067,5,58.5,257.5,100.4,371.9,0.5725
122,4.067,43,224.9,204.3,281.2,363.9,0.8597
122,4.067,51,173.4,223.0,220.0,365.6,0.7338
122,4.067,54,11.5,249.7,62.1,373.9,0.3555
122,4.067,61,274.4,198.1,311.3,277.4,0.3703
123,4.100,6,577.1,140.3,714.4,471.6,0.8531
123,4.100,7,735.3,77.1,864.2,474.3,0.8979
123,4.100,5,57.5,252.6,100.6,372.1,0.5863
123,4.100,43,224.6,204.2,280.5,363.6,0.8512
123,4.100,51,172.0,221.9,219.3,365.8,0.7697
123,4.100,54,12.0,249.5,62.2,373.6,0.3793
123,4.100,61,274.3,198.1,310.7,276.5,0.3689
124,4.133,6,571.8,139.7,711.0,472.7,0.8609
124,4.133,7,733.9,78.5,862.4,474.9,0.8970
124,4.133,5,56.8,253.7,99.1,372.2,0.5845
124,4.133,43,224.4,204.6,280.0,363.9,0.8485
124,4.133,51,171.1,220.1,219.2,366.0,0.7614
124,4.133,54,11.5,250.1,61.2,373.7,0.3380
124,4.133,61,274.6,198.3,310.6,275.9,0.3437
125,4.167,6,563.9,138.4,704.1,472.2,0.8618
125,4.167,7,731.5,81.2,859.2,475.0,0.8965
125,4.167,5,56.6,249.7,99.8,372.0,0.6203
125,4.167,43,224.2,204.7,279.7,364.2,0.8532
125,4.167,51,170.6,218.5,219.1,365.9,0.7740
125,4.167,54,10.9,249.9,60.9,374.1,0.3828
125,4.167,61,274.3,198.3,310.5,276.7,0.3681
126,4.200,6,561.1,137.5,702.1,471.8,0.8798
126,4.200,7,727.0,82.4,855.7,477.9,0.8716
126,4.200,5,56.5,247.4,100.0,372.9,0.6130
126,4.200,43,224.2,204.2,279.5,364.4,0.8424
126,4.200,51,170.0,216.7,219.3,366.1,0.7789
126,4.200,54,11.8,249.0,61.9,373.7,0.4616
126,4.200,61,273.8,197.7,310.5,277.5,0.3603
127,4.233,6,560.9,136.7,704.7,476.5,0.8864
127,4.233,7,718.2,85.9,848.4,481.1,0.8941
127,4.233,5,57.5,252.0,99.1,372.7,0.6065
127,4.233,43,224.2,203.2,279.6,364.4,0.8357
127,4.233,51,167.7,215.6,218.0,366.3,0.8258
127,4.233,54,11.8,248.3,62.0,373.4,0.4735
127,4.233,61,274.6,197.7,309.5,272.9,0.3373
128,4.267,6,560.0,136.4,705.4,481.3,0.8827
128,4.267,7,709.5,87.4,841.6,481.9,0.9108
128,4.267,5,58.4,248.1,101.7,373.4,0.5616
128,4.267,43,224.2,202.2,279.5,364.5,0.8333
128,4.267,51,167.0,215.7,217.9,366.4,0.8319
128,4.267,54,11.5,247.8,61.6,373.3,0.4355
128,4.267,61,275.0,197.7,309.6,272.4,0.3402
129,4.300,6,560.6,136.3,706.2,483.8,0.8564
129,4.300,7,701.6,86.2,836.5,483.1,0.9085
129,4.300,5,58.2,254.9,99.0,373.3,0.5431
129,4.300,43,224.1,201.5,279.5,365.1,0.8442
129,4.300,51,166.3,215.9,217.8,367.0,0.8482
129,4.300,54,11.8,248.3,61.5,373.4,0.4063
129,4.300,61,275.3,197.7,309.0,269.8,0.3353
130,4.333,6,559.3,135.6,705.3,486.6,0.8665
130,4.333,7,696.1,85.6,834.2,487.8,0.9088
130,4.333,5,58.5,258.1,98.2,373.0,0.5647
130,4.333,43,223.7,201.0,279.2,365.6,0.8390
130,4.333,51,166.0,216.7,217.7,367.6,0.8455
130,4.333,54,13.4,248.6,62.7,373.9,0.4177
130,4.333,61,275.5,197.7,309.3,269.8,0.3139
131,4.367,6,555.9,135.3,701.5,488.5,0.8433
131,4.367,7,691.8,85.1,832.3,491.2,0.9029
131,4.367,5,58.8,259.6,97.8,372.7,0.5975
131,4.367,43,223.8,200.6,279.2,365.7,0.8279
131,4.367,51,166.0,216.6,218.1,367.5,0.8595
131,4.367,54,14.7,248.4,63.4,373.6,0.4480
131,4.367,61,275.3,197.7,310.3,272.7,0.3400
131,4.367,71,677.8,182.5,721.3,350.5,0.3970
132,4.400,6,550.1,135.5,696.2,494.8,0.8114
132,4.400,7,688.3,83.3,830.4,493.9,0.9024
132,4.400,5,59.8,256.4,100.4,373.2,0.5625
132,4.400,43,223.4,200.3,278.9,365.5,0.8413
132,4.400,51,165.7,216.3,218.4,368.3,0.8645
132,4.400,61,277.8,197.9,313.2,276.2,0.3696
133,4.433,6,547.8,135.1,695.0,500.3,0.8301
133,4.433,7,685.6,81.7,828.5,495.4,0.9096
133,4.433,5,59.5,256.6,100.0,373.1,0.5682
133,4.433,43,223.2,199.9,278.9,365.9,0.8543
133,4.433,51,165.3,216.2,218.3,369.0,0.8637
133,4.433,61,279.4,198.2,314.3,277.8,0.3729
134,4.467,6,544.3,134.6,691.0,502.1,0.7922
134,4.467,7,683.3,80.1,826.7,496.3,0.9055
134,4.467,5,59.5,256.5,100.4,373.0,0.6164
134,4.467,43,223.1,199.3,279.0,366.2,0.8534
134,4.467,51,164.8,215.7,218.4,369.9,0.8689
134,4.467,61,280.1,198.1,314.4,278.5,0.3613
135,4.500,6,536.6,132.8,682.9,503.2,0.8348
135,4.500,7,679.3,77.9,823.6,498.2,0.8887
135,4.500,5,59.7,255.7,101.0,373.3,0.6477
135,4.500,43,223.2,198.8,279.2,366.1,0.8671
135,4.500,51,164.9,216.0,218.7,370.4,0.8706
135,4.500,61,280.2,198.1,313.5,277.8,0.3574
135,4.500,54,0.0,216.0,77.1,446.7,0.6702
136,4.533,6,529.4,130.3,675.4,504.5,0.8300
136,4.533,7,675.2,77.7,820.0,499.7,0.8927
136,4.533,5,59.9,255.8,101.3,372.6,0.6084
136,4.533,43,223.2,198.6,279.3,366.3,0.8676
136,4.533,51,164.9,214.8,219.4,370.8,0.8645
136,4.533,61,279.0,197.8,312.1,277.7,0.3253
136,4.533,54,0.0,209.6,82.9,459.3,0.8465
137,4.567,6,525.3,128.4,671.4,504.6,0.8767
137,4.567,7,670.0,75.4,816.0,500.6,0.9150
137,4.567,5,58.5,257.5,99.0,372.0,0.2608
137,4.567,43,223.2,198.6,279.3,366.9,0.8638
137,4.567,51,164.9,213.8,219.7,369.8,0.8659
137,4.567,61,276.8,197.4,310.4,277.8,0.3304
137,4.567,54,0.0,169.9,97.3,464.4,0.8323
138,4.600,6,521.9,127.1,669.0,504.7,0.8790
138,4.600,7,664.1,71.4,812.0,500.8,0.9162
138,4.600,43,222.9,198.5,279.2,367.3,0.8702
138,4.600,51,163.9,212.9,219.2,369.5,0.8647
138,4.600,61,276.2,197.3,309.9,278.0,0.3307
138,4.600,54,0.0,151.7,103.1,466.2,0.8642
139,4.633,6,516.9,123.5,666.4,503.4,0.8686
139,4.633,7,658.8,69.2,807.7,500.7,0.9155
139,4.633,43,222.7,198.6,279.1,367.3,0.8744
139,4.633,51,162.7,211.7,218.9,370.3,0.8572
139,4.633,61,277.0,197.4,310.3,277.3,0.3438
139,4.633,54,0.0,142.4,106.2,466.5,0.8651
140,4.667,6,508.7,120.9,660.8,503.5,0.8897
140,4.667,7,653.3,66.9,802.6,500.8,0.9115
140,4.667,43,222.5,199.4,278.9,367.4,0.8829
140,4.667,51,161.2,210.5,218.5,371.6,0.8602
140,4.667,61,279.1,197.7,310.4,273.2,0.3766
140,4.667,54,0.0,135.9,107.8,465.6,0.8691
141,4.700,6,500.3,117.6,655.8,503.6,0.8843
141,4.700,7,647.5,65.6,797.2,501.8,0.9149
141,4.700,43,222.2,200.1,278.9,368.7,0.8871
141,4.700,51,160.3,210.0,218.1,371.9,0.8453
141,4.700,61,279.0,197.9,309.8,272.0,0.3498
141,4.700,54,0.0,132.9,108.8,466.1,0.9019
142,4.733,6,492.3,115.5,651.8,506.6,0.8664
142,4.733,7,641.6,63.7,793.2,506.9,0.9218
142,4.733,43,222.3,200.6,279.4,370.5,0.8893
142,4.733,51,159.1,210.1,217.6,373.1,0.8470
142,4.733,61,277.8,198.0,309.1,272.8,0.2891
142,4.733,54,0.0,133.2,109.4,465.3,0.9012
143,4.767,6,485.1,114.1,647.5,508.6,0.8662
143,4.767,7,636.8,62.6,791.0,514.4,0.9236
143,4.767,43,222.2,201.3,279.9,372.9,0.8807
143,4.767,51,158.3,210.4,217.3,373.7,0.8530
143,4.767,61,277.9,197.8,310.4,276.0,0.2707
143,4.767,54,0.0,133.9,111.4,468.9,0.9093
144,4.800,6,477.7,114.1,642.5,510.4,0.8400
144,4.800,7,633.3,61.4,789.3,519.7,0.9164
144,4.800,43,222.4,201.2,280.6,373.5,0.8729
144,4.800,51,157.6,210.4,217.3,374.6,0.8383
144,4.800,54,0.0,134.0,113.8,466.8,0.8948
145,4.833,6,470.1,115.2,637.0,513.7,0.8152
145,4.833,7,628.0,60.6,785.4,524.2,0.9037
145,4.833,43,222.8,200.2,281.6,374.0,0.8736
145,4.833,51,156.8,210.6,217.5,376.5,0.8590
145,4.833,54,8.3,135.5,120.4,465.7,0.9026
145,4.833,82,4.4,195.0,27.3,402.2,0.6244
146,4.867,6,465.3,115.3,634.7,518.4,0.8640
146,4.867,7,622.6,61.1,781.0,526.6,0.9039
146,4.867,43,223.1,199.5,282.8,374.6,0.8756
146,4.867,51,156.1,210.4,217.4,377.2,0.8582
146,4.867,54,17.1,136.1,127.9,464.9,0.9055
146,4.867,82,7.8,196.4,31.7,409.7,0.7042
147,4.900,6,464.3,116.9,634.5,521.5,0.8563
147,4.900,7,618.9,61.7,777.5,528.9,0.9137
147,4.900,43,223.1,198.3,283.6,374.8,0.8781
147,4.900,51,155.1,209.1,217.1,377.3,0.8548
147,4.900,61,278.5,198.0,309.2,270.5,0.2900
147,4.900,54,35.7,136.9,147.0,462.9,0.8085
148,4.933,6,459.7,117.3,632.0,527.3,0.8539
148,4.933,7,616.1,61.4,775.2,531.7,0.9077
148,4.933,43,222.8,197.8,283.7,374.7,0.8751
148,4.933,51,153.9,208.5,216.2,377.0,0.8254
148,4.933,61,280.0,197.8,310.2,269.5,0.3016
148,4.933,54,50.5,138.5,164.0,461.1,0.8603
148,4.933,82,19.8,198.1,46.8,423.3,0.6539
149,4.967,6,455.4,117.0,630.3,534.6,0.8681
149,4.967,7,613.8,60.5,773.9,534.7,0.9093
149,4.967,43,222.8,196.8,284.1,374.4,0.8766
149,4.967,51,153.2,208.4,215.9,377.3,0.8272
149,4.967,61,281.1,197.9,310.7,268.7,0.2753
149,4.967,54,62.9,142.1,179.5,459.1,0.8669
149,4.967,85,0.0,198.0,82.1,453.2,0.5388
150,5.000,6,447.9,118.6,623.4,537.0,0.8618
150,5.000,7,609.9,60.0,770.4,535.8,0.9141
150,5.000,43,222.8,196.3,284.4,373.9,0.8827
150,5.000,51,153.0,207.0,215.4,375.1,0.8025
150,5.000,61,283.2,198.5,311.4,266.9,0.3106
150,5.000,54,67.3,143.8,189.6,457.3,0.8064
150,5.000,85,0.0,192.9,85.5,452.3,0.3834
151,5.033,6,440.2,115.8,617.4,537.5,0.8914
151,5.033,7,605.6,58.3,766.0,535.8,0.9188
151,5.033,43,223.1,195.7,285.3,374.9,0.8822
151,5.033,51,154.0,206.7,215.9,373.3,0.8251
151,5.033,61,283.9,198.8,311.9,268.0,0.2720
151,5.033,54,62.2,145.1,192.0,456.2,0.8159
151,5.033,85,5.9,190.5,95.9,455.5,0.3272
152,5.067,6,429.9,112.2,609.3,537.6,0.9103
152,5.067,7,599.7,55.0,760.6,535.1,0.9140
152,5.067,43,223.9,195.5,286.5,375.6,0.8806
152,5.067,51,158.7,206.3,218.6,370.0,0.6283
152,5.067,61,283.0,198.7,312.4,272.9,0.2632
152,5.067,54,68.5,148.8,202.1,454.3,0.8668
153,5.100,6,421.0,109.4,602.5,537.6,0.9228
153,5.100,7,595.5,51.2,756.9,533.7,0.9234
153,5.100,43,224.3,195.0,287.3,376.5,0.8666
153,5.100,51,165.5,205.7,220.8,359.0,0.6987
153,5.100,54,73.7,150.6,210.9,454.4,0.8813
153,5.100,91,741.8,192.8,792.4,339.2,0.5712
154,5.133,6,410.7,108.5,593.8,537.2,0.9006
154,5.133,7,591.5,48.5,753.7,532.8,0.9333
154,5.133,43,225.0,194.6,288.4,377.1,0.8499
154,5.133,51,171.0,205.2,222.1,350.1,0.5722
154,5.133,61,283.3,197.7,311.1,269.1,0.2513
154,5.133,54,78.3,150.5,218.4,453.4,0.8673
154,5.133,91,739.6,190.5,791.4,339.9,0.6621
154,5.133,85,44.0,192.3,130.9,450.5,0.6471
155,5.167,6,399.1,109.5,583.6,537.1,0.8806
155,5.167,7,586.6,45.3,750.4,533.4,0.9106
155,5.167,43,227.4,195.1,291.0,376.8,0.8342
155,5.167,54,90.2,149.8,229.4,450.5,0.8613
155,5.167,91,737.2,187.6,790.3,340.5,0.7843
155,5.167,85,63.7,194.1,149.3,449.3,0.7739
156,5.200,6,390.1,108.8,576.7,538.1,0.8708
156,5.200,7,581.9,41.6,748.0,534.1,0.9183
156,5.200,43,229.7,195.7,294.1,377.4,0.8635
156,5.200,54,95.2,147.9,234.2,448.8,0.8008
156,5.200,91,735.9,186.8,789.8,340.7,0.7995
156,5.200,85,72.7,196.7,157.0,446.9,0.7830
157,5.233,6,381.8,106.6,571.0,537.5,0.8822
157,5.233,7,577.3,37.1,745.7,534.6,0.9225
157,5.233,43,230.5,196.1,295.0,378.0,0.8426
157,5.233,54,108.2,149.9,243.1,447.2,0.8412
157,5.233,91,736.3,186.5,790.8,340.8,0.7475
157,5.233,85,78.4,199.1,161.9,443.6,0.8371
158,5.267,6,376.8,102.8,568.6,536.8,0.8959
158,5.267,7,572.9,33.5,743.1,534.3,0.9223
158,5.267,43,231.6,197.4,296.0,378.9,0.8378
158,5.267,54,119.8,149.5,249.8,444.7,0.8552
158,5.267,91,738.5,186.4,793.2,340.1,0.7777
158,5.267,85,84.0,198.5,169.1,441.6,0.8408
159,5.300,6,372.2,100.9,563.9,536.3,0.8980
159,5.300,7,568.8,31.0,740.3,533.8,0.9235
159,5.300,43,232.2,198.5,296.2,379.4,0.8016
159,5.300,54,136.2,147.6,263.9,445.6,0.8698
159,5.300,91,741.2,185.8,796.3,340.2,0.7442
159,5.300,85,88.3,198.2,175.3,440.0,0.8548
159,5.300,5,57.0,260.6,96.4,374.1,0.2798
160,5.333,6,373.9,100.2,563.9,535.8,0.8893
160,5.333,7,563.7,28.0,737.4,535.1,0.9193
160,5.333,43,235.0,197.3,299.7,381.9,0.8131
160,5.333,54,153.8,147.2,278.2,443.0,0.9165
160,5.333,91,745.9,185.1,801.0,339.0,0.7493
160,5.333,85,93.2,202.0,181.1,440.4,0.7540
160,5.333,97,277.8,196.8,309.8,277.4,0.3172
160,5.333,5,58.5,259.8,96.6,372.6,0.4558
161,5.367,6,378.2,99.4,567.1,536.5,0.8960
161,5.367,7,558.9,26.8,733.9,535.1,0.9256
161,5.367,43,238.1,197.5,300.7,379.1,0.6079
161,5.367,54,168.0,148.4,290.2,442.5,0.8607
161,5.367,91,750.1,183.7,805.9,339.1,0.7020
161,5.367,85,103.1,199.7,195.3,441.9,0.7644
161,5.367,97,278.8,196.4,309.8,274.5,0.2993
161,5.367,5,60.5,260.2,98.3,371.8,0.5255
162,5.400,6,375.7,99.5,563.3,536.8,0.8990
162,5.400,7,553.1,25.7,729.3,534.8,0.9360
162,5.400,43,245.1,196.5,307.1,378.8,0.6656
162,5.400,61,283.1,195.4,309.3,249.2,0.2567
162,5.400,54,181.1,148.9,302.8,442.1,0.8374
162,5.400,91,753.7,183.7,809.4,338.0,0.7787
162,5.400,85,110.5,197.4,203.9,441.3,0.7295
162,5.400,97,280.6,196.2,310.4,271.5,0.2884
162,5.400,5,60.1,260.9,97.4,372.4,0.5956
163,5.433,6,372.4,99.9,558.4,536.9,0.9079
163,5.433,7,547.5,24.6,725.0,534.8,0.9319
163,5.433,43,252.8,196.7,313.5,374.9,0.6901
163,5.433,54,188.2,151.6,309.2,439.1,0.8208
163,5.433,91,754.7,184.6,810.6,338.1,0.8015
163,5.433,85,126.2,195.8,220.3,438.6,0.7143
163,5.433,97,281.9,196.3,310.0,267.4,0.3031
163,5.433,5,59.7,259.9,96.7,372.3,0.6053
163,5.433,98,11.6,249.2,56.0,373.7,0.3409
164,5.467,6,365.3,99.7,549.5,537.0,0.8755
164,5.467,7,541.8,24.2,720.4,535.4,0.9338
164,5.467,43,260.8,196.9,320.4,371.4,0.4826
164,5.467,54,191.0,153.6,314.7,442.6,0.8746
164,5.467,91,755.6,184.8,811.9,337.7,0.8065
164,5.467,85,133.0,195.3,223.1,431.6,0.7698
164,5.467,5,59.8,260.1,96.6,373.1,0.6309
164,5.467,98,12.5,248.9,56.9,373.3,0.3865
165,5.500,6,358.2,98.7,541.2,536.5,0.8807
165,5.500,7,532.7,23.3,713.1,535.6,0.9235
165,5.500,54,197.4,155.2,323.5,443.3,0.8811
165,5.500,91,755.9,186.8,811.9,337.5,0.7879
165,5.500,85,146.2,193.8,235.2,434.2,0.6876
165,5.500,5,60.4,259.6,96.9,373.8,0.4756
165,5.500,98,12.5,249.5,56.7,373.2,0.3386
166,5.533,6,350.6,97.4,533.0,536.1,0.8747
166,5.533,7,527.7,22.2,709.9,535.9,0.9255
166,5.533,54,201.6,156.5,329.7,442.9,0.8655
166,5.533,91,756.4,187.6,812.8,337.0,0.8087
166,5.533,85,155.3,193.0,244.0,437.4,0.7952
166,5.533,5,60.5,258.3,97.1,373.7,0.5938
166,5.533,98,13.0,250.9,56.5,372.5,0.2849
167,5.567,6,339.9,92.5,523.5,536.3,0.8879
167,5.567,7,519.6,20.3,703.5,535.6,0.9319
167,5.567,54,211.9,157.2,339.2,439.2,0.8239
167,5.567,91,757.3,188.8,814.3,337.2,0.7832
167,5.567,85,164.3,194.1,250.4,434.6,0.8167
167,5.567,5,60.1,256.9,97.0,373.4,0.4942
168,5.600,6,328.0,87.1,513.5,535.9,0.9052
168,5.600,7,512.2,17.0,698.5,534.9,0.9298
168,5.600,54,215.5,157.4,341.2,436.8,0.8362
168,5.600,91,757.9,190.6,815.0,337.3,0.7475
168,5.600,85,169.5,195.5,253.8,431.3,0.8137
168,5.600,5,61.0,259.8,96.7,373.0,0.5621
168,5.600,101,692.5,220.3,732.8,336.2,0.5750
169,5.633,6,314.3,84.1,501.5,535.4,0.8958
169,5.633,7,506.2,13.7,694.8,534.5,0.9378
169,5.633,54,223.4,157.9,345.1,433.3,0.8233
169,5.633,91,758.6,191.9,815.5,336.1,0.7682
169,5.633,85,177.1,194.1,261.8,430.8,0.7465
169,5.633,5,61.4,259.8,97.5,373.8,0.6078
169,5.633,101,690.5,216.7,732.3,337.0,0.5536
170,5.667,6,296.0,80.0,486.4,535.1,0.9129
170,5.667,7,499.2,9.1,690.8,534.7,0.9278
170,5.667,54,235.6,156.4,350.3,426.9,0.7601
170,5.667,91,760.0,191.9,816.6,334.2,0.7794
170,5.667,85,197.0,202.7,283.0,429.9,0.7071
170,5.667,5,62.6,259.2,98.8,373.2,0.5801
170,5.667,101,690.3,214.7,733.3,338.1,0.5797
171,5.700,6,285.6,76.6,477.7,533.5,0.9006
171,5.700,7,493.6,5.6,687.6,534.6,0.9192
171,5.700,54,244.5,155.7,352.6,422.1,0.4985
171,5.700,91,762.2,191.7,819.1,333.6,0.7749
171,5.700,85,206.3,202.7,297.7,429.9,0.7668
171,5.700,5,63.4,259.5,99.7,373.2,0.5621
171,5.700,101,691.7,216.2,734.1,337.8,0.5818
172,5.733,6,277.4,72.7,471.8,534.0,0.9014
172,5.733,7,486.6,1.5,683.9,535.6,0.9125
172,5.733,54,249.7,155.3,353.7,424.2,0.6439
172,5.733,91,764.3,191.5,821.5,333.6,0.8180
172,5.733,85,204.2,202.1,296.8,428.3,0.7768
172,5.733,5,63.7,262.0,99.6,373.1,0.4999
172,5.733,101,692.8,216.6,735.3,338.0,0.6389
172,5.733,102,667.3,273.0,694.0,341.9,0.5583
173,5.767,6,272.0,70.3,467.6,534.8,0.9040
173,5.767,7,481.2,0.2,680.2,535.4,0.9090
173,5.767,91,766.2,190.8,823.8,333.7,0.8181
173,5.767,85,204.1,199.5,297.7,426.8,0.8183
173,5.767,5,63.5,263.1,99.4,373.2,0.5370
173,5.767,101,693.1,216.7,735.8,337.6,0.6814
173,5.767,102,668.4,273.6,694.8,341.8,0.6196
173,5.767,103,177.6,208.1,236.9,391.7,0.7571
173,5.767,104,691.1,226.5,725.4,337.4,0.3722
174,5.800,6,265.4,68.3,461.8,535.4,0.8809
174,5.800,7,476.4,0.0,676.7,535.6,0.9100
174,5.800,91,768.2,190.2,825.6,333.1,0.8121
174,5.800,85,209.7,196.3,302.3,421.9,0.7751
174,5.800,5,63.4,263.1,99.7,373.2,0.5197
174,5.800,101,693.2,216.2,736.5,338.1,0.7092
174,5.800,102,668.7,273.8,695.2,342.0,0.7141
174,5.800,103,180.2,206.6,239.9,391.3,0.8066
175,5.833,6,255.8,68.2,452.3,535.7,0.8686
175,5.833,7,468.2,0.0,668.3,535.7,0.9072
175,5.833,91,771.4,190.5,828.4,332.8,0.7924
175,5.833,85,219.8,195.2,308.1,418.3,0.4627
175,5.833,5,63.0,262.6,99.7,373.3,0.5553
175,5.833,101,693.5,217.3,737.1,339.3,0.7067
175,5.833,102,669.4,273.8,696.0,342.0,0.7498
175,5.833,103,185.7,206.3,247.6,397.6,0.8251
176,5.867,6,250.9,67.7,446.9,535.5,0.8840
176,5.867,7,460.5,0.2,659.5,535.5,0.9203
176,5.867,91,774.6,192.1,831.1,332.4,0.8158
176,5.867,5,62.9,259.7,100.7,373.7,0.5669
176,5.867,101,694.4,218.8,737.6,339.1,0.6496
176,5.867,102,670.6,273.6,697.5,342.3,0.7166
176,5.867,103,187.7,206.3,250.1,398.7,0.8355
176,5.867,109,701.5,214.7,745.5,338.5,0.5686
177,5.900,6,242.8,67.8,439.0,535.0,0.8892
177,5.900,7,453.1,0.4,651.0,535.2,0.9339
177,5.900,91,776.9,193.1,833.5,332.1,0.8493
177,5.900,5,62.8,259.0,101.0,373.8,0.5573
177,5.900,101,696.3,223.4,737.9,338.0,0.5954
177,5.900,102,671.5,274.4,698.3,342.8,0.5680
177,5.900,103,188.9,205.6,251.7,399.3,0.8267
177,5.900,109,702.9,213.6,746.6,337.4,0.4081
178,5.933,6,229.9,68.6,427.9,535.3,0.8879
178,5.933,7,447.1,0.0,643.9,534.8,0.9345
178,5.933,91,780.8,194.3,837.2,331.8,0.8165
178,5.933,5,62.6,257.6,101.5,373.8,0.5049
178,5.933,101,696.3,224.9,737.4,338.6,0.5820
178,5.933,102,671.9,273.8,699.1,343.5,0.6478
178,5.933,103,190.3,202.6,254.3,400.0,0.8499
178,5.933,109,701.6,214.9,745.1,338.3,0.4009
179,5.967,6,224.2,69.2,423.6,534.9,0.8707
179,5.967,7,442.8,0.1,638.4,533.8,0.9344
179,5.967,91,782.6,195.1,838.8,331.1,0.8457
179,5.967,5,62.1,255.1,102.0,373.9,0.5523
179,5.967,101,697.4,225.7,738.2,338.9,0.6206
179,5.967,102,673.0,274.3,699.8,343.1,0.6522
179,5.967,103,191.0,200.1,255.2,399.7,0.7902
179,5.967,109,703.1,213.3,746.7,338.4,0.3309
179,5.967,111,0.0,214.2,43.3,500.5,0.5053
180,6.000,6,215.2,70.3,416.9,534.6,0.8962
180,6.000,7,437.7,1.1,632.0,532.7,0.9163
180,6.000,91,784.1,195.7,840.3,330.8,0.8517
180,6.000,5,62.9,258.2,101.6,373.5,0.3874
180,6.000,101,697.6,225.4,738.1,338.2,0.5562
180,6.000,102,673.8,273.8,701.0,343.4,0.6740
180,6.000,109,703.5,216.3,745.7,338.1,0.4442
180,6.000,111,0.0,122.0,62.2,506.8,0.8228
181,6.033,6,207.2,68.9,412.6,535.0,0.9064
181,6.033,7,433.0,1.5,626.6,532.1,0.9232
181,6.033,91,785.3,195.7,841.6,330.7,0.8458
181,6.033,5,63.4,259.5,101.3,372.7,0.4939
181,6.033,101,699.0,227.2,738.6,337.9,0.6017
181,6.033,102,674.6,273.3,701.9,343.5,0.6959
181,6.033,111,0.0,88.3,70.3,507.9,0.8577
181,6.033,113,719.2,224.3,744.5,328.5,0.3672
181,6.033,54,347.9,158.6,439.8,415.8,0.7607
182,6.067,6,197.8,66.5,407.6,535.5,0.9066
182,6.067,7,428.3,1.9,621.9,532.6,0.9297
182,6.067,91,786.3,195.8,842.7,330.9,0.8350
182,6.067,5,63.6,257.8,102.1,373.0,0.4659
182,6.067,101,700.9,227.1,740.7,338.6,0.5771
182,6.067,102,675.8,274.3,702.4,343.2,0.6197
182,6.067,111,6.3,77.1,83.6,506.7,0.8752
182,6.067,113,719.1,224.8,743.8,326.5,0.2548
182,6.067,54,350.8,158.5,441.5,416.4,0.7650
183,6.100,6,186.5,62.0,402.0,535.5,0.9189
183,6.100,7,421.5,1.1,615.9,534.7,0.9285
183,6.100,91,788.6,195.9,844.7,330.6,0.8571
183,6.100,101,702.2,225.3,743.2,339.6,0.5511
183,6.100,102,677.0,275.0,703.2,343.1,0.5411
183,6.100,111,24.2,78.4,103.5,501.9,0.8998
183,6.100,54,349.8,160.2,439.1,413.9,0.8474
184,6.133,6,171.9,58.8,391.5,535.7,0.9092
184,6.133,7,416.2,0.7,611.4,536.3,0.9274
184,6.133,91,789.8,195.3,846.2,330.9,0.8636
184,6.133,101,701.0,226.1,741.6,340.3,0.5089
184,6.133,102,677.5,275.1,703.5,343.3,0.5484
184,6.133,111,36.8,82.9,119.4,498.5,0.9031
184,6.133,54,358.4,161.0,445.7,413.6,0.8023
184,6.133,43,312.3,174.7,390.4,410.7,0.3854
184,6.133,109,708.0,221.3,747.6,338.0,0.2624
185,6.167,6,151.9,54.5,375.2,536.7,0.8982
185,6.167,7,408.7,0.9,603.8,535.8,0.9311
185,6.167,91,792.1,194.7,848.3,329.5,0.8605
185,6.167,101,701.9,225.1,742.4,339.8,0.6066
185,6.167,102,678.1,274.6,704.2,343.6,0.5122
185,6.167,111,38.0,87.0,123.7,494.3,0.9140
185,6.167,54,365.2,160.6,449.5,414.4,0.7967
185,6.167,85,303.7,203.4,385.3,409.5,0.7610
186,6.200,6,134.3,51.3,359.4,537.0,0.8654
186,6.200,7,402.7,0.8,597.8,535.5,0.9398
186,6.200,91,793.8,194.4,849.8,328.5,0.8454
186,6.200,101,700.4,225.9,740.2,340.4,0.5953
186,6.200,102,678.6,275.3,704.6,344.3,0.4327
186,6.200,111,35.6,91.8,124.1,492.0,0.9048
186,6.200,54,372.4,166.1,451.5,413.3,0.6594
186,6.200,109,707.7,226.8,744.7,335.1,0.3647
186,6.200,114,727.9,213.4,767.1,327.0,0.4186
186,6.200,85,311.1,201.7,392.2,408.4,0.7565
187,6.233,6,111.6,48.9,335.3,535.7,0.8487
187,6.233,7,396.5,0.4,591.7,535.6,0.9396
187,6.233,91,794.9,194.0,851.2,328.6,0.8401
187,6.233,101,701.2,224.3,740.6,340.2,0.5392
187,6.233,102,679.4,274.7,705.8,344.8,0.4688
187,6.233,111,31.4,98.7,123.1,494.3,0.8161
187,6.233,113,730.3,217.0,757.3,325.9,0.4952
187,6.233,54,384.3,181.4,457.7,413.4,0.4296
187,6.233,109,708.6,232.5,742.2,330.2,0.3016
187,6.233,114,732.2,214.8,770.8,326.9,0.4177
187,6.233,85,319.4,200.5,399.1,408.8,0.7262
187,6.233,116,281.9,187.8,331.4,389.2,0.7420
188,6.267,6,85.0,48.2,306.1,535.3,0.8299
188,6.267,7,388.8,0.0,584.6,535.6,0.9232
188,6.267,91,796.1,194.9,852.4,328.4,0.8222
188,6.267,101,702.4,223.5,741.3,339.6,0.4979
188,6.267,102,680.5,273.5,707.5,346.0,0.5136
188,6.267,111,21.2,101.4,115.2,497.0,0.7398
188,6.267,109,709.3,230.0,744.3,331.1,0.4735
188,6.267,114,734.7,215.8,772.5,325.7,0.4437
188,6.267,85,330.0,200.0,406.2,407.9,0.5760
188,6.267,116,281.1,188.6,332.1,394.3,0.6705
188,6.267,118,6.6,116.6,38.9,478.5,0.7044
189,6.300,6,48.7,42.8,273.6,535.7,0.7976
189,6.300,7,381.6,0.7,577.3,535.1,0.8944
189,6.300,91,797.0,195.8,853.4,328.5,0.8149
189,6.300,101,703.5,223.5,741.5,339.3,0.4107
189,6.300,102,681.9,272.4,709.2,346.6,0.6149
189,6.300,111,21.0,106.7,113.4,488.8,0.4527
189,6.300,109,709.2,225.8,747.4,336.7,0.4899
189,6.300,114,738.0,216.2,775.7,325.7,0.4941
189,6.300,85,337.9,200.0,411.8,408.6,0.6955
189,6.300,116,289.9,190.7,341.4,395.5,0.6792
189,6.300,118,20.0,117.8,54.2,491.3,0.7322
190,6.333,6,20.4,39.7,248.6,533.3,0.8982
190,6.333,7,374.6,1.1,571.1,534.9,0.8885
190,6.333,91,798.8,196.9,855.0,327.9,0.7867
190,6.333,101,704.9,223.8,742.2,339.8,0.3149
190,6.333,102,683.4,271.7,710.7,346.4,0.6342
190,6.333,109,710.4,224.1,749.5,338.9,0.4581
190,6.333,114,740.0,215.6,777.6,324.9,0.4094
190,6.333,85,346.0,202.2,418.4,409.6,0.6385
190,6.333,116,294.3,189.8,346.7,394.4,0.7877
190,6.333,118,19.7,117.3,55.3,494.0,0.7610
190,6.333,103,232.2,198.0,298.3,402.0,0.7335
191,6.367,6,20.6,38.9,246.8,531.4,0.8387
191,6.367,7,366.3,1.6,563.7,535.4,0.8927
191,6.367,91,800.8,198.0,856.9,327.3,0.7830
191,6.367,101,706.6,224.4,743.3,340.0,0.3468
191,6.367,102,685.1,270.6,712.4,345.9,0.5324
191,6.367,109,711.4,223.7,750.8,340.1,0.5290
191,6.367,114,742.8,215.7,780.7,325.6,0.4782
191,6.367,85,341.2,200.2,410.0,408.9,0.4711
191,6.367,116,295.1,189.2,348.4,393.9,0.8070
191,6.367,118,19.9,119.7,56.2,488.7,0.7950
191,6.367,103,235.8,196.2,301.7,402.6,0.7353
192,6.400,6,6.3,38.2,233.5,531.5,0.8337
192,6.400,7,357.7,1.5,555.3,535.1,0.9224
192,6.400,91,802.3,198.8,858.2,327.1,0.7370
192,6.400,101,706.7,224.6,743.1,340.5,0.3894
192,6.400,102,686.7,269.4,714.2,345.4,0.2958
192,6.400,109,711.4,223.2,751.0,340.8,0.5600
192,6.400,114,743.1,217.1,780.8,325.6,0.5588
192,6.400,116,298.1,190.4,352.7,394.6,0.8136
192,6.400,118,22.0,123.8,59.1,479.7,0.5852
192,6.400,103,241.9,196.1,307.5,402.3,0.7213
193,6.433,6,0.0,37.4,222.5,533.3,0.9123
193,6.433,7,347.2,1.0,544.4,532.2,0.8645
193,6.433,91,803.5,199.4,859.2,327.0,0.7643
193,6.433,101,705.6,225.2,741.3,340.8,0.4739
193,6.433,102,688.1,262.0,717.8,345.8,0.3202
193,6.433,109,712.1,221.9,751.9,341.3,0.5505
193,6.433,114,745.0,216.0,782.9,325.6,0.5757
193,6.433,116,296.8,191.0,351.2,393.2,0.7390
193,6.433,103,245.3,195.5,311.0,402.9,0.6916
194,6.467,6,0.0,38.4,221.0,533.1,0.8649
194,6.467,7,335.8,0.3,534.9,533.7,0.8715
194,6.467,91,806.9,200.5,861.8,327.1,0.7402
194,6.467,101,704.9,225.2,739.8,340.4,0.4478
194,6.467,102,689.0,260.8,719.2,346.4,0.5208
194,6.467,109,712.4,221.2,752.4,341.7,0.6256
194,6.467,114,746.5,215.0,784.7,325.3,0.6290
194,6.467,116,296.6,190.0,348.0,381.5,0.7428
194,6.467,103,248.4,194.4,314.3,403.0,0.7885
195,6.500,6,0.0,38.3,209.2,533.6,0.8352
195,6.500,7,319.6,0.0,522.1,534.8,0.8931
195,6.500,91,809.2,200.7,863.9,326.6,0.7235
195,6.500,102,691.1,263.0,720.7,346.4,0.5005
195,6.500,109,711.6,220.2,752.4,343.0,0.7218
195,6.500,114,748.1,214.3,786.1,324.8,0.5609
195,6.500,103,256.7,192.7,323.1,402.3,0.7357
195,6.500,127,151.6,109.0,240.2,473.9,0.8692
195,6.500,54,462.6,194.5,531.0,403.7,0.5840
196,6.533,6,0.0,37.6,202.6,533.9,0.8460
196,6.533,7,307.5,0.3,513.9,535.2,0.8945
196,6.533,91,811.5,200.3,865.5,325.4,0.8071
196,6.533,102,692.6,265.5,721.8,346.1,0.4651
196,6.533,109,711.7,219.1,752.9,343.3,0.7223
196,6.533,114,748.1,213.7,786.0,324.6,0.6072
196,6.533,103,257.1,191.6,323.7,402.6,0.7358
196,6.533,127,154.2,111.2,244.4,478.8,0.8598
196,6.533,54,462.6,189.5,534.1,403.6,0.4064
197,6.567,6,0.0,33.4,196.6,534.4,0.8247
197,6.567,7,294.8,1.3,506.0,535.3,0.8950
197,6.567,91,812.5,199.7,866.5,325.1,0.8056
197,6.567,102,693.5,265.0,723.5,346.7,0.5026
197,6.567,109,711.6,219.1,753.1,343.5,0.7939
197,6.567,114,750.4,212.8,789.1,325.9,0.6233
197,6.567,103,257.0,191.8,322.7,402.6,0.7587
197,6.567,127,159.9,112.4,252.1,480.7,0.8692
197,6.567,54,461.7,188.1,534.0,401.7,0.6572
198,6.600,6,0.0,26.3,181.0,533.5,0.7047
198,6.600,7,277.9,0.4,494.5,534.9,0.9317
198,6.600,91,812.9,198.5,867.1,324.9,0.7865
198,6.600,109,711.5,219.5,753.7,344.8,0.7748
198,6.600,114,752.3,212.6,790.7,324.3,0.6552
198,6.600,127,164.6,115.9,259.0,481.9,0.8834
198,6.600,54,470.1,232.0,530.5,401.2,0.6939
198,6.600,111,90.4,131.3,163.3,433.4,0.7378
199,6.633,6,0.0,25.1,153.6,494.3,0.6680
199,6.633,7,266.7,1.2,489.3,535.1,0.9150
199,6.633,91,813.7,197.9,867.7,324.3,0.7850
199,6.633,109,712.1,219.9,754.6,345.4,0.7799
199,6.633,114,753.4,212.3,791.9,323.9,0.6450
199,6.633,127,162.3,118.3,258.5,480.7,0.8575
199,6.633,54,479.0,244.0,537.9,400.8,0.6777
199,6.633,111,88.2,134.3,163.5,434.6,0.6717
200,6.667,6,0.0,35.4,133.6,475.9,0.6353
200,6.667,7,242.9,0.4,470.4,535.6,0.9002
200,6.667,91,814.8,198.0,868.4,324.0,0.7882
200,6.667,102,697.5,262.9,727.9,347.3,0.5710
200,6.667,109,713.1,220.3,756.0,345.5,0.7640
200,6.667,114,755.3,212.6,793.8,324.2,0.6779
200,6.667,127,158.1,120.9,255.8,479.3,0.8427
200,6.667,54,482.0,187.9,562.8,400.4,0.8227
200,6.667,111,95.6,133.7,176.0,449.2,0.7344
201,6.700,6,0.0,58.4,121.8,514.5,0.7480
201,6.700,7,226.7,0.1,460.3,536.0,0.8906
201,6.700,91,816.5,197.9,870.1,324.0,0.7874
201,6.700,102,700.3,263.1,730.1,346.5,0.5723
201,6.700,109,713.6,220.2,756.8,345.3,0.7293
201,6.700,114,757.2,212.0,795.4,324.0,0.6316
201,6.700,127,151.6,122.7,251.0,477.3,0.7945
201,6.700,54,485.0,172.5,573.3,399.7,0.8073
201,6.700,111,107.5,131.5,190.2,453.7,0.6830
201,6.700,134,727.0,222.8,759.0,344.1,0.3946
201,6.700,85,423.1,165.5,502.5,396.4,0.5243
202,6.733,6,0.0,84.9,98.5,478.0,0.7046
202,6.733,7,211.9,0.3,450.1,536.4,0.9016
202,6.733,91,819.0,199.7,872.0,323.8,0.8160
202,6.733,102,702.1,261.8,732.2,346.3,0.6569
202,6.733,109,713.6,221.4,757.1,345.2,0.6033
202,6.733,114,758.3,211.5,796.7,324.7,0.6368
202,6.733,127,152.5,125.2,251.5,474.8,0.7991
202,6.733,54,485.9,166.7,578.5,398.8,0.8621
202,6.733,111,116.7,129.6,199.0,442.2,0.7809
202,6.733,134,728.5,222.7,760.6,344.4,0.4448
202,6.733,85,417.1,156.5,501.1,394.3,0.6247
203,6.767,7,190.0,0.0,432.4,536.2,0.8871
203,6.767,91,821.6,200.8,874.3,323.3,0.8047
203,6.767,102,702.9,256.2,734.9,347.1,0.5466
203,6.767,109,713.6,222.3,757.6,345.5,0.5749
203,6.767,114,762.5,212.0,801.0,325.1,0.6254
203,6.767,54,489.2,166.0,583.2,398.2,0.8629
203,6.767,111,125.4,130.4,213.2,459.7,0.8673
203,6.767,134,728.0,224.6,759.9,344.9,0.5018
203,6.767,85,421.3,156.3,504.0,395.9,0.5102
204,6.800,7,174.3,1.2,420.9,536.0,0.8587
204,6.800,91,824.6,202.0,876.8,323.3,0.8114
204,6.800,102,704.3,254.1,736.9,347.5,0.2850
204,6.800,109,713.5,222.5,758.2,345.8,0.5474
204,6.800,114,766.9,211.4,805.9,325.1,0.6575
204,6.800,54,490.3,167.8,585.1,397.5,0.8842
204,6.800,111,128.3,133.2,214.9,455.7,0.8667
204,6.800,134,729.7,225.4,761.6,344.3,0.4313
204,6.800,85,430.1,188.1,502.6,394.9,0.7218
204,6.800,5,58.5,252.4,99.7,373.0,0.4357
204,6.800,101,705.8,223.1,742.5,346.7,0.2619
205,6.833,7,152.3,0.8,403.5,535.7,0.8948
205,6.833,91,825.7,202.7,877.7,323.0,0.7941
205,6.833,102,706.6,259.5,737.0,346.7,0.2671
205,6.833,109,714.9,222.1,760.7,345.9,0.5780
205,6.833,114,773.2,212.1,812.0,323.8,0.6785
205,6.833,54,492.6,167.0,588.4,397.7,0.8602
205,6.833,111,126.8,134.6,210.3,453.6,0.7941
205,6.833,134,732.1,225.1,763.7,342.0,0.3321
205,6.833,85,434.0,201.8,503.9,396.1,0.8092
205,6.833,138,0.0,206.9,35.9,500.7,0.5915
205,6.833,101,705.7,227.9,740.3,347.5,0.2735
206,6.867,7,136.2,0.9,391.2,535.9,0.8979
206,6.867,91,826.9,202.9,878.8,322.9,0.8084
206,6.867,109,715.8,221.4,762.9,346.3,0.5077
206,6.867,114,774.2,213.2,814.0,324.1,0.6806
206,6.867,54,499.0,165.2,593.2,394.6,0.8672
206,6.867,134,733.8,224.3,765.9,342.4,0.4718
206,6.867,85,437.9,206.1,509.5,398.7,0.8756
206,6.867,138,0.0,155.6,49.5,509.6,0.7877
206,6.867,101,705.8,228.0,740.1,348.7,0.2792
206,6.867,140,330.1,174.1,422.7,392.6,0.5514
207,6.900,7,120.3,1.5,378.4,535.7,0.8863
207,6.900,91,828.4,202.9,880.1,322.9,0.7956
207,6.900,109,714.6,220.9,762.2,347.0,0.4799
207,6.900,114,776.4,214.5,816.8,324.5,0.7162
207,6.900,54,503.1,164.7,595.6,393.5,0.8617
207,6.900,134,734.8,223.5,767.7,343.2,0.5586
207,6.900,85,442.6,206.7,514.8,395.1,0.8562
207,6.900,138,10.8,130.0,67.1,512.8,0.8506
207,6.900,101,706.4,225.5,741.4,349.4,0.3935
207,6.900,140,316.5,179.0,409.8,398.6,0.3600
208,6.933,7,96.6,0.5,356.7,535.3,0.8692
208,6.933,91,829.3,202.3,881.0,322.6,0.7881
208,6.933,109,715.1,220.0,763.8,346.6,0.5325
208,6.933,114,777.7,215.8,818.8,324.9,0.7166
208,6.933,54,509.5,163.9,600.4,392.7,0.8491
208,6.933,85,445.8,205.4,516.8,391.3,0.8544
208,6.933,138,18.9,123.3,77.1,507.8,0.8851
208,6.933,101,708.4,222.2,744.6,349.4,0.4370
208,6.933,140,326.7,185.2,418.8,401.7,0.7649
208,6.933,103,272.9,179.6,352.6,444.9,0.4338
208,6.933,102,710.5,265.5,739.4,347.8,0.3730
209,6.967,7,75.6,1.2,336.5,535.3,0.8961
209,6.967,91,830.7,201.8,882.6,322.6,0.7888
209,6.967,109,716.4,220.9,764.6,347.0,0.4723
209,6.967,114,778.0,214.6,821.1,325.7,0.7182
209,6.967,54,518.1,163.8,608.0,392.3,0.8743
209,6.967,134,734.2,221.9,767.4,339.5,0.4205
209,6.967,85,452.7,205.1,522.7,388.7,0.8065
209,6.967,138,17.8,124.5,76.4,501.8,0.8812
209,6.967,101,711.9,221.7,749.1,349.0,0.4210
209,6.967,140,333.3,187.1,423.4,399.5,0.8418
209,6.967,103,268.8,179.6,354.6,450.9,0.6995
209,6.967,102,711.0,265.8,740.2,347.9,0.2698
210,7.000,7,46.8,0.5,308.1,535.9,0.8843
210,7.000,91,832.8,200.8,885.1,322.5,0.7795
210,7.000,109,716.1,222.1,763.5,347.8,0.4686
210,7.000,114,779.6,214.2,824.4,327.3,0.7281
210,7.000,54,530.0,164.1,619.6,392.0,0.8945
210,7.000,134,733.8,221.7,768.1,342.5,0.4634
210,7.000,85,460.3,203.5,529.7,387.2,0.8328
210,7.000,138,12.5,126.2,69.2,485.4,0.8799
210,7.000,101,711.2,222.9,748.2,349.2,0.4973
210,7.000,140,342.6,187.6,432.0,398.1,0.8666
210,7.000,103,268.1,143.8,371.2,453.6,0.8570
210,7.000,102,709.8,257.8,741.6,348.2,0.2722
211,7.033,7,29.0,0.6,291.6,536.1,0.8887
211,7.033,91,834.0,200.2,886.6,322.0,0.7097
211,7.033,109,715.6,223.1,762.5,348.8,0.4151
211,7.033,114,781.1,214.8,825.9,326.9,0.7621
211,7.033,54,537.9,164.3,628.2,392.4,0.9006
211,7.033,134,734.3,221.3,769.6,344.6,0.4278
211,7.033,85,465.9,202.1,534.8,387.5,0.8209
211,7.033,138,3.3,130.2,56.8,471.3,0.5311
211,7.033,101,711.2,223.4,748.4,349.1,0.4789
211,7.033,140,348.7,187.7,438.0,397.9,0.8759
211,7.033,103,271.8,131.2,383.9,453.4,0.8694
212,7.067,7,11.8,1.0,276.4,537.1,0.8953
212,7.067,91,835.3,200.0,888.3,322.0,0.7336
212,7.067,109,717.4,225.1,762.8,348.8,0.3904
212,7.067,114,782.4,213.7,827.5,326.1,0.7527
212,7.067,54,543.2,165.2,633.6,391.2,0.9001
212,7.067,134,736.8,221.5,772.2,345.0,0.4889
212,7.067,85,471.8,201.6,540.0,388.2,0.8284
212,7.067,101,710.0,224.7,746.8,349.1,0.4941
212,7.067,140,352.8,187.8,442.2,397.7,0.7861
212,7.067,103,273.6,126.0,392.6,453.4,0.8807
212,7.067,111,192.5,153.4,274.9,447.3,0.4346
213,7.100,7,2.7,1.7,267.8,535.8,0.9078
213,7.100,91,837.7,199.9,891.1,321.4,0.7437
213,7.100,114,785.9,212.4,831.1,325.3,0.7396
213,7.100,54,549.7,167.3,639.9,390.6,0.8833
213,7.100,134,738.3,222.4,773.9,345.8,0.5300
213,7.100,85,478.7,202.3,545.8,388.7,0.8172
213,7.100,101,711.3,226.5,748.2,348.7,0.4406
213,7.100,140,358.5,186.7,447.4,396.4,0.7858
213,7.100,103,275.4,128.0,398.0,452.0,0.8563
213,7.100,111,198.8,168.8,279.7,444.1,0.4216
214,7.133,7,0.0,1.7,261.2,533.8,0.9014
214,7.133,91,839.5,200.1,893.0,321.3,0.7443
214,7.133,114,790.0,214.0,834.5,325.8,0.7355
214,7.133,54,553.8,168.5,644.0,389.5,0.8653
214,7.133,134,739.1,223.1,774.7,345.7,0.4743
214,7.133,85,483.5,204.0,548.8,386.9,0.8278
214,7.133,101,712.4,227.6,749.6,348.2,0.3507
214,7.133,140,362.6,186.2,450.8,395.9,0.7874
214,7.133,103,276.6,129.9,400.6,446.8,0.8493
214,7.133,111,203.0,143.5,290.3,444.1,0.6831
215,7.167,7,0.0,2.1,253.9,536.1,0.9244
215,7.167,91,841.0,201.0,894.4,321.2,0.7243
215,7.167,114,793.1,213.3,837.2,324.7,0.7543
215,7.167,54,557.0,170.7,646.9,389.9,0.8853
215,7.167,134,738.5,223.7,774.8,346.8,0.5976
215,7.167,85,490.4,206.3,554.3,386.0,0.8419
215,7.167,140,367.8,185.4,455.1,396.6,0.7868
215,7.167,103,278.4,130.0,404.8,445.5,0.8721
215,7.167,102,717.9,267.6,747.4,348.4,0.3474
215,7.167,111,218.0,144.3,301.6,436.0,0.7311
216,7.200,7,0.0,2.6,249.4,536.7,0.8906
216,7.200,91,844.6,202.4,897.0,320.2,0.7009
216,7.200,114,796.2,212.0,840.8,324.5,0.7358
216,7.200,54,559.6,171.6,649.4,389.9,0.8676
216,7.200,134,739.2,225.2,775.7,347.9,0.5779
216,7.200,85,495.0,207.7,558.6,385.3,0.8161
216,7.200,140,371.1,185.6,456.7,396.6,0.7280
216,7.200,103,282.3,127.8,411.3,446.9,0.8301
216,7.200,102,719.4,269.0,749.0,350.4,0.5401
216,7.200,111,230.5,143.7,311.3,430.3,0.7789
216,7.200,118,114.7,284.6,151.0,502.4,0.6693
217,7.233,7,0.0,2.9,244.1,538.9,0.6521
217,7.233,91,845.0,203.5,897.0,319.3,0.7485
217,7.233,114,799.7,212.1,844.5,324.2,0.7369
217,7.233,54,563.9,171.5,653.9,389.4,0.8544
217,7.233,134,739.5,226.0,776.3,348.4,0.6240
217,7.233,85,498.0,209.2,561.3,384.6,0.8100
217,7.233,140,373.5,185.0,456.2,394.6,0.7281
217,7.233,103,290.8,128.2,418.4,444.7,0.8506
217,7.233,102,720.3,269.4,750.0,351.1,0.4996
217,7.233,111,238.6,142.8,318.5,431.1,0.7939
217,7.233,118,108.7,276.2,158.4,500.4,0.7835
218,7.267,7,0.0,3.8,238.0,539.4,0.7644
218,7.267,91,845.3,203.2,897.7,319.5,0.7534
218,7.267,114,804.9,213.4,849.5,323.9,0.7612
218,7.267,54,568.9,172.4,658.5,388.7,0.8743
218,7.267,134,739.3,224.6,777.0,348.7,0.6463
218,7.267,85,504.2,208.9,567.4,382.1,0.8314
218,7.267,140,378.5,184.7,457.6,391.7,0.7492
218,7.267,103,304.2,131.5,426.8,441.4,0.8212
218,7.267,102,721.5,268.0,752.0,351.5,0.3674
218,7.267,111,249.9,144.7,329.0,431.6,0.7833
218,7.267,154,0.0,9.9,151.2,535.0,0.4426
218,7.267,127,107.5,247.9,194.0,501.3,0.7787
219,7.300,7,0.0,4.7,226.7,537.2,0.3110
219,7.300,91,845.6,203.3,898.5,320.3,0.7249
219,7.300,114,808.6,213.6,853.5,324.2,0.7343
219,7.300,54,573.3,172.1,662.2,386.7,0.8596
219,7.300,134,739.2,222.8,778.0,348.8,0.6073
219,7.300,85,507.2,207.7,570.6,381.0,0.8342
219,7.300,140,382.1,185.1,459.8,393.8,0.7569
219,7.300,103,316.3,133.5,433.6,439.4,0.6953
219,7.300,111,259.5,147.1,338.4,430.7,0.7593
219,7.300,154,0.0,8.0,130.0,533.7,0.3897
219,7.300,127,108.6,244.2,211.2,500.3,0.6326
220,7.333,7,0.0,3.2,220.7,531.8,0.4469
220,7.333,91,846.4,203.4,899.3,320.4,0.6965
220,7.333,114,812.6,213.2,858.6,324.4,0.6520
220,7.333,54,576.8,173.2,664.1,384.6,0.8622
220,7.333,134,738.2,221.4,777.8,348.8,0.5962
220,7.333,85,512.4,208.0,575.0,379.6,0.8233
220,7.333,140,391.3,184.0,467.8,394.2,0.6422
220,7.333,103,332.3,132.2,447.5,439.6,0.7534
220,7.333,111,273.0,146.6,355.4,431.6,0.8748
220,7.333,127,103.4,175.1,240.6,497.0,0.8777
221,7.367,91,847.0,202.9,899.6,319.6,0.7216
221,7.367,114,813.3,212.6,860.2,324.4,0.6487
221,7.367,54,579.4,173.2,665.5,383.3,0.8798
221,7.367,134,740.0,219.3,780.7,348.9,0.5584
221,7.367,85,517.9,207.3,580.0,378.3,0.8341
221,7.367,140,399.3,176.1,477.2,393.5,0.2950
221,7.367,103,348.0,131.0,462.5,437.6,0.8218
221,7.367,111,278.3,147.1,363.7,431.3,0.8643
221,7.367,127,100.4,153.9,253.5,495.7,0.8155
221,7.367,157,61.7,266.9,137.0,480.8,0.4712
222,7.400,91,847.6,202.8,899.5,318.5,0.6957
222,7.400,114,813.4,213.2,860.3,324.0,0.6086
222,7.400,54,580.7,173.4,665.3,381.8,0.8718
222,7.400,134,743.4,217.7,785.0,347.7,0.5082
222,7.400,85,522.4,207.3,584.1,377.7,0.8132
222,7.400,140,412.7,182.9,487.6,392.1,0.5384
222,7.400,103,355.7,134.1,467.9,436.8,0.8098
222,7.400,111,279.0,148.1,367.0,432.2,0.8645
222,7.400,127,102.1,145.8,264.8,495.7,0.8541
222,7.400,157,50.8,179.0,157.7,484.7,0.5983
223,7.433,91,849.0,202.1,900.7,318.4,0.6841
223,7.433,114,816.3,215.8,863.5,324.2,0.6701
223,7.433,54,582.1,174.2,665.0,381.7,0.8568
223,7.433,134,744.6,216.1,787.5,347.9,0.5918
223,7.433,85,526.4,207.4,587.8,377.7,0.7666
223,7.433,140,431.1,221.6,493.9,391.4,0.4262
223,7.433,103,367.6,135.1,479.7,435.6,0.8221
223,7.433,111,279.8,149.8,369.4,431.7,0.8680
223,7.433,127,108.3,142.5,273.3,487.2,0.8535
223,7.433,157,54.0,150.2,168.5,478.5,0.7795
224,7.467,91,851.1,201.1,903.0,318.5,0.6924
224,7.467,114,818.1,215.2,866.8,324.3,0.7347
224,7.467,54,585.5,174.7,667.8,381.4,0.8238
224,7.467,134,742.1,215.1,785.7,350.3,0.5034
224,7.467,85,530.7,206.9,592.3,377.8,0.8052
224,7.467,140,440.1,235.5,498.5,389.1,0.2931
224,7.467,103,376.2,135.8,488.9,435.7,0.7900
224,7.467,111,281.2,152.1,372.1,431.6,0.8486
224,7.467,127,114.8,140.9,282.0,486.1,0.8629
224,7.467,157,61.2,144.2,176.5,474.4,0.7895
225,7.500,91,853.8,201.6,904.8,318.0,0.6774
225,7.500,114,822.3,213.5,871.4,322.9,0.5377
225,7.500,54,591.3,174.6,674.1,380.4,0.8162
225,7.500,134,742.2,217.2,784.5,348.9,0.4796
225,7.500,85,535.7,207.3,597.4,377.7,0.8161
225,7.500,103,383.0,138.1,496.5,435.1,0.8392
225,7.500,111,283.1,151.6,375.8,432.2,0.7802
225,7.500,127,122.5,139.7,289.0,483.8,0.8661
225,7.500,157,73.3,143.9,187.0,467.6,0.8182
225,7.500,163,764.9,225.4,796.0,320.4,0.4701
225,7.500,5,59.3,252.0,101.8,373.5,0.3560
225,7.500,109,729.0,216.7,781.1,352.1,0.3972
225,7.500,102,736.2,269.9,767.5,351.5,0.3075
226,7.533,91,856.7,201.4,907.2,317.2,0.6718
226,7.533,114,826.5,211.0,876.2,322.7,0.5856
226,7.533,54,597.0,175.3,679.5,379.8,0.8344
226,7.533,134,741.6,218.4,784.1,350.5,0.3604
226,7.533,85,540.1,209.3,601.5,377.9,0.8356
226,7.533,103,385.6,139.6,500.4,434.4,0.8730
226,7.533,111,290.5,152.4,381.3,426.5,0.7788
226,7.533,127,133.4,141.5,295.3,480.4,0.8632
226,7.533,157,80.6,145.8,193.1,464.6,0.8111
226,7.533,163,764.0,225.0,798.7,331.7,0.5564
226,7.533,164,757.4,217.7,798.0,344.5,0.5053
226,7.533,5,59.6,254.2,102.1,373.5,0.4979
226,7.533,109,730.7,217.3,780.3,352.2,0.5956
227,7.567,91,859.8,201.7,909.0,315.9,0.6192
227,7.567,114,830.3,210.9,879.5,322.5,0.6418
227,7.567,54,600.1,177.0,682.1,380.2,0.8396
227,7.567,85,543.8,210.5,605.3,377.6,0.8279
227,7.567,103,388.5,140.9,505.0,433.2,0.8717
227,7.567,111,296.9,151.0,387.2,424.3,0.7791
227,7.567,127,148.3,141.0,305.0,476.9,0.8672
227,7.567,157,92.8,146.3,206.1,464.5,0.7706
227,7.567,164,758.1,218.2,799.1,346.8,0.6104
227,7.567,5,59.6,257.1,101.5,373.6,0.5523
227,7.567,109,732.6,218.4,780.2,352.7,0.5452
227,7.567,165,0.0,249.8,53.7,372.8,0.3373
227,7.567,102,739.1,270.0,771.1,353.3,0.3554
228,7.600,91,864.9,202.7,913.1,315.2,0.6260
228,7.600,114,833.9,209.0,883.0,322.7,0.7442
228,7.600,54,603.3,178.7,684.3,379.6,0.8610
228,7.600,134,739.3,220.3,779.4,349.5,0.3978
228,7.600,85,545.8,211.6,606.7,376.2,0.8113
228,7.600,103,391.2,140.5,509.8,433.2,0.8559
228,7.600,111,308.3,150.1,396.5,420.7,0.7635
228,7.600,127,171.4,141.7,321.8,474.6,0.8718
228,7.600,157,108.7,146.0,221.3,459.2,0.8264
228,7.600,163,764.0,226.3,801.8,343.3,0.5198
228,7.600,164,758.6,217.6,800.2,347.9,0.6893
228,7.600,5,59.9,256.6,102.2,373.9,0.5142
228,7.600,102,740.8,270.0,772.8,353.8,0.4119
229,7.633,91,868.0,203.7,915.3,314.9,0.7003
229,7.633,114,836.3,208.2,885.0,322.9,0.7622
229,7.633,54,606.5,180.0,686.2,379.2,0.8763
229,7.633,134,739.8,219.7,779.9,352.0,0.3790
229,7.633,85,547.8,211.2,609.4,375.6,0.8090
229,7.633,103,394.2,139.6,514.1,432.4,0.8652
229,7.633,111,318.3,150.1,404.2,417.3,0.7559
229,7.633,127,188.6,143.6,334.7,474.1,0.8935
229,7.633,157,123.6,146.0,234.3,454.6,0.8440
229,7.633,163,764.0,225.6,803.3,348.0,0.3217
229,7.633,164,759.7,217.5,801.8,348.7,0.7075
229,7.633,5,60.4,258.2,102.5,374.2,0.5358
229,7.633,165,1.7,249.6,55.5,372.4,0.2626
229,7.633,102,742.9,270.1,774.8,353.7,0.2712
230,7.667,91,870.5,205.0,916.7,315.1,0.7089
230,7.667,114,838.7,206.7,886.9,322.6,0.6683
230,7.667,54,608.3,178.1,687.8,379.2,0.8865
230,7.667,134,742.1,219.1,781.7,352.8,0.4066
230,7.667,85,550.3,207.8,612.8,374.3,0.7593
230,7.667,103,401.6,139.2,520.0,430.1,0.8801
230,7.667,111,327.1,149.1,411.6,415.3,0.8173
230,7.667,127,203.9,144.9,347.1,475.7,0.8760
230,7.667,157,140.1,146.3,248.6,454.6,0.8129
230,7.667,5,60.4,257.1,102.9,374.2,0.6134
230,7.667,165,6.6,247.8,61.3,373.8,0.5099
230,7.667,102,745.7,271.6,776.5,352.9,0.3477
231,7.700,91,873.0,205.5,918.3,315.4,0.7340
231,7.700,114,841.6,206.8,888.6,322.1,0.6603
231,7.700,54,610.2,177.3,688.6,378.6,0.8632
231,7.700,134,744.0,221.0,782.5,353.4,0.4251
231,7.700,85,553.0,207.0,615.1,373.0,0.7549
231,7.700,103,408.6,138.0,524.6,427.5,0.8495
231,7.700,111,334.3,148.6,418.1,415.1,0.8472
231,7.700,127,216.5,148.3,355.6,473.2,0.8692
231,7.700,157,156.5,148.2,261.2,452.7,0.7644
231,7.700,5,60.0,258.0,102.1,373.5,0.5946
231,7.700,165,2.6,246.0,58.2,374.1,0.4776
231,7.700,102,747.7,269.3,778.8,352.7,0.3437
231,7.700,163,764.5,220.9,806.3,350.8,0.6539
232,7.733,91,874.5,205.3,919.3,315.5,0.7551
232,7.733,114,844.0,206.3,890.3,321.6,0.7369
232,7.733,54,612.3,177.7,688.6,376.5,0.8359
232,7.733,134,747.2,226.6,783.7,353.6,0.4677
232,7.733,85,557.7,203.3,620.2,371.7,0.7217
232,7.733,103,418.1,139.1,529.4,423.3,0.8785
232,7.733,111,341.7,150.7,425.2,415.9,0.8357
232,7.733,127,224.6,149.2,361.7,472.9,0.8854
232,7.733,157,170.8,150.4,271.1,449.7,0.8195
232,7.733,5,60.2,263.7,100.2,372.9,0.6116
232,7.733,165,1.5,245.9,57.0,373.6,0.4739
232,7.733,102,750.0,265.6,782.6,353.1,0.5422
232,7.733,163,766.8,219.5,808.5,350.2,0.5950
233,7.767,91,876.5,204.4,920.7,315.4,0.6757
233,7.767,114,847.8,205.8,894.2,322.0,0.7567
233,7.767,54,616.7,177.2,691.8,375.1,0.8581
233,7.767,134,751.9,219.5,790.5,353.0,0.3752
233,7.767,85,564.6,204.8,625.3,370.9,0.7381
233,7.767,103,424.9,138.0,532.8,421.0,0.8364
233,7.767,111,355.7,151.4,440.9,415.1,0.8370
233,7.767,127,233.1,151.0,368.2,471.4,0.8571
233,7.767,157,182.5,152.4,280.5,451.5,0.7634
233,7.767,5,60.1,265.4,99.8,373.5,0.6283
233,7.767,165,3.4,238.4,61.1,372.4,0.5200
233,7.767,102,753.0,265.6,786.0,353.8,0.3734
233,7.767,163,764.5,217.4,807.7,352.1,0.5977
234,7.800,91,879.2,204.3,922.5,314.1,0.6788
234,7.800,114,850.9,205.7,897.3,322.2,0.6774
234,7.800,54,621.2,176.0,696.0,374.4,0.8680
234,7.800,85,569.4,205.2,629.1,371.1,0.7056
234,7.800,103,430.7,137.8,535.6,420.3,0.8578
234,7.800,111,361.2,152.8,448.1,415.4,0.8783
234,7.800,127,239.7,153.3,374.1,471.7,0.8790
234,7.800,157,192.1,155.7,287.6,450.8,0.7629
234,7.800,5,60.0,264.9,99.7,373.0,0.6204
234,7.800,165,6.3,234.9,64.8,372.6,0.6414
234,7.800,102,755.8,267.2,788.8,354.2,0.4021
234,7.800,163,763.5,216.2,807.6,352.7,0.5918
234,7.800,166,773.4,219.7,810.6,349.7,0.3209
235,7.833,91,882.5,203.4,925.4,313.3,0.7009
235,7.833,114,856.5,211.6,901.1,322.5,0.6503
235,7.833,54,628.2,174.8,703.1,373.3,0.8499
235,7.833,85,576.1,207.0,634.0,370.6,0.7043
235,7.833,103,441.4,137.6,545.1,420.2,0.8653
235,7.833,111,366.4,155.5,454.1,413.9,0.8565
235,7.833,127,246.6,155.3,380.1,471.4,0.8896
235,7.833,157,197.8,155.3,293.6,453.5,0.8577
235,7.833,5,51.1,236.7,100.6,372.9,0.5485
235,7.833,102,757.9,267.0,791.8,353.8,0.3235
235,7.833,163,761.4,215.3,806.8,353.4,0.5916
235,7.833,166,774.7,218.4,812.4,350.5,0.3108
236,7.867,91,885.1,202.7,926.6,310.1,0.6189
236,7.867,114,859.4,212.4,904.3,323.2,0.6114
236,7.867,54,632.8,174.7,707.8,372.6,0.8743
236,7.867,85,580.1,207.7,637.4,370.2,0.7303
236,7.867,103,450.9,138.7,554.3,420.1,0.8826
236,7.867,111,367.9,157.6,456.4,413.2,0.8433
236,7.867,127,253.7,156.7,386.5,470.8,0.8699
236,7.867,157,202.4,157.4,298.2,452.8,0.8265
236,7.867,5,49.3,230.0,100.8,372.4,0.4809
236,7.867,102,758.7,268.1,793.2,354.0,0.4041
236,7.867,163,761.7,214.8,807.7,352.8,0.4905
236,7.867,166,776.0,218.3,813.4,349.5,0.3183
237,7.900,91,887.9,202.4,927.3,305.1,0.5444
237,7.900,114,862.3,211.0,908.0,323.3,0.6208
237,7.900,54,634.7,175.1,709.9,372.9,0.8729
237,7.900,85,583.3,209.9,639.6,370.2,0.7554
237,7.900,103,460.6,139.3,564.6,419.8,0.8821
237,7.900,111,368.1,158.7,458.0,413.7,0.8888
237,7.900,127,263.6,156.7,395.1,468.6,0.8104
237,7.900,157,208.4,160.4,304.3,451.7,0.8001
237,7.900,5,52.7,236.6,101.3,372.8,0.3791
237,7.900,102,759.5,267.9,795.0,354.1,0.3872
237,7.900,163,759.2,214.5,806.3,353.5,0.5201
237,7.900,166,773.0,215.0,811.9,350.9,0.4093
238,7.933,91,888.1,202.2,928.9,309.9,0.4289
238,7.933,114,864.8,213.8,909.1,322.7,0.6283
238,7.933,54,640.6,176.6,715.3,370.9,0.8655
238,7.933,85,585.3,211.9,640.7,369.6,0.7570
238,7.933,103,469.5,142.4,574.0,419.5,0.8263
238,7.933,111,369.5,158.6,461.0,412.9,0.8836
238,7.933,127,280.4,156.7,406.9,461.4,0.7942
238,7.933,157,216.2,163.3,312.6,448.5,0.7938
238,7.933,5,57.8,255.9,99.6,372.4,0.4858
238,7.933,102,763.3,269.0,799.4,354.0,0.3248
238,7.933,163,759.2,213.7,807.0,353.8,0.5077
239,7.967,91,889.2,202.4,930.3,311.7,0.4364
239,7.967,114,866.7,210.5,911.5,321.8,0.5560
239,7.967,54,644.7,177.6,719.5,370.9,0.8397
239,7.967,85,588.1,212.7,643.0,368.9,0.7952
239,7.967,103,475.2,147.6,579.5,419.0,0.8207
239,7.967,111,372.2,158.4,464.7,412.4,0.9172
239,7.967,127,291.0,155.3,413.4,455.7,0.8557
239,7.967,157,226.0,165.0,323.2,448.2,0.8113
239,7.967,5,55.5,240.7,102.0,372.6,0.5043
239,7.967,163,762.0,213.5,809.3,353.0,0.6039
240,8.000,91,890.8,203.1,931.7,313.1,0.2824
240,8.000,114,871.0,207.8,916.8,320.9,0.6446
240,8.000,54,646.5,180.6,720.0,370.3,0.8234
240,8.000,85,590.8,214.7,644.6,367.4,0.8091
240,8.000,103,475.2,148.9,579.7,416.9,0.8123
240,8.000,111,377.8,156.2,470.0,411.3,0.8496
240,8.000,127,302.1,155.9,421.2,453.0,0.8679
240,8.000,157,231.3,161.5,328.9,445.1,0.7314
240,8.000,5,58.1,255.3,99.7,372.6,0.5406
240,8.000,163,765.0,214.8,811.7,352.9,0.6613
241,8.033,91,891.6,204.2,932.3,314.9,0.2905
241,8.033,114,873.7,207.2,919.8,320.7,0.5848
241,8.033,54,646.9,183.2,719.3,370.5,0.8309
241,8.033,85,594.5,214.5,648.1,366.7,0.7825
241,8.033,103,475.8,149.8,581.0,415.0,0.8423
241,8.033,111,388.3,154.5,478.7,408.4,0.7272
241,8.033,127,312.2,157.4,428.3,450.2,0.8482
241,8.033,157,244.6,165.9,337.3,438.7,0.8106
241,8.033,5,59.0,261.7,98.8,373.3,0.5863
241,8.033,163,767.2,214.5,813.7,352.5,0.6012
241,8.033,172,458.6,191.7,496.1,388.0,0.5029
242,8.067,114,876.1,206.4,922.0,319.2,0.6441
242,8.067,54,648.1,184.2,720.0,370.8,0.8363
242,8.067,85,598.6,216.1,651.4,367.0,0.7000
242,8.067,103,475.7,150.0,581.7,414.2,0.8376
242,8.067,111,397.4,153.2,488.0,411.2,0.7463
242,8.067,127,319.0,158.5,433.9,449.4,0.8236
242,8.067,157,256.3,164.9,346.0,435.1,0.8040
242,8.067,5,60.4,264.6,99.3,373.4,0.6143
242,8.067,163,768.7,212.1,816.0,353.0,0.6214
242,8.067,172,463.1,191.6,499.1,380.1,0.6545
242,8.067,175,469.2,181.1,508.0,382.5,0.5292
243,8.100,114,879.2,208.1,924.3,320.5,0.6406
243,8.100,54,651.9,185.3,723.9,370.1,0.7788
243,8.100,85,599.6,214.4,652.0,365.1,0.7781
243,8.100,103,480.1,149.4,586.3,415.0,0.8209
243,8.100,111,403.6,153.9,489.0,403.6,0.7361
243,8.100,127,330.8,160.8,447.0,448.3,0.8904
243,8.100,157,269.9,163.5,356.6,433.2,0.7896
243,8.100,5,60.8,265.1,99.6,373.3,0.6316
243,8.100,163,773.9,212.6,820.6,353.9,0.4691
243,8.100,175,469.5,190.1,506.4,380.9,0.5780
244,8.133,114,883.2,208.8,928.4,321.5,0.6770
244,8.133,54,655.1,185.9,726.8,368.8,0.8088
244,8.133,85,601.2,213.2,653.4,364.0,0.7824
244,8.133,103,484.5,147.2,590.2,413.4,0.8453
244,8.133,111,409.9,155.0,490.8,398.5,0.7562
244,8.133,127,339.0,163.0,457.4,446.8,0.8933
244,8.133,157,279.7,163.2,363.7,431.8,0.7439
244,8.133,5,60.9,262.5,100.4,372.9,0.5650
244,8.133,163,777.6,213.2,823.3,354.1,0.5770
244,8.133,175,473.4,196.4,508.7,375.7,0.6155
244,8.133,91,897.1,207.7,935.1,311.8,0.2818
245,8.167,114,886.1,208.3,931.5,320.8,0.7236
245,8.167,54,656.7,184.7,727.9,365.7,0.8396
245,8.167,85,603.5,210.6,656.6,363.8,0.7383
245,8.167,103,493.5,146.7,596.6,411.2,0.8576
245,8.167,111,415.9,156.2,492.8,393.7,0.6294
245,8.167,127,342.7,165.5,463.1,445.0,0.8856
245,8.167,157,290.5,167.4,370.9,431.6,0.7516
245,8.167,5,61.2,263.8,100.3,373.7,0.4778
245,8.167,134,766.9,215.4,803.9,348.4,0.4227
245,8.167,172,477.5,190.0,514.1,375.9,0.6555
246,8.200,114,888.7,208.3,934.7,320.6,0.7329
246,8.200,54,658.6,183.3,729.0,364.0,0.8668
246,8.200,85,605.3,208.9,659.4,364.0,0.7591
246,8.200,103,502.8,146.4,604.3,410.0,0.8293
246,8.200,111,424.4,156.0,500.4,397.6,0.7483
246,8.200,127,344.3,167.0,467.2,444.6,0.8846
246,8.200,157,299.1,169.0,377.0,430.3,0.7647
246,8.200,5,61.3,260.3,101.1,373.2,0.4264
246,8.200,163,782.7,211.1,828.3,354.0,0.2964
246,8.200,134,767.6,213.7,804.3,349.1,0.4979
246,8.200,172,484.9,189.3,522.3,373.5,0.6440
247,8.233,114,889.9,207.5,936.6,320.6,0.7045
247,8.233,54,659.6,183.0,729.0,363.4,0.8503
247,8.233,85,606.2,206.7,661.8,364.0,0.7801
247,8.233,103,511.7,147.7,611.4,409.9,0.8443
247,8.233,111,428.5,156.2,502.9,397.9,0.6591
247,8.233,127,346.5,167.7,471.3,444.5,0.8775
247,8.233,157,305.8,167.4,383.3,431.6,0.7574
247,8.233,5,61.3,262.2,100.4,373.5,0.5182
247,8.233,163,786.9,212.5,832.4,355.6,0.5142
247,8.233,134,768.3,215.5,804.0,349.1,0.5642
247,8.233,172,488.0,189.8,527.8,381.5,0.6575
248,8.267,114,890.8,209.4,936.6,320.1,0.6441
248,8.267,54,660.9,183.3,729.1,363.8,0.7934
248,8.267,85,611.8,205.0,667.8,363.2,0.7682
248,8.267,103,521.3,147.4,621.4,410.3,0.8930
248,8.267,111,439.5,159.1,511.8,395.4,0.6493
248,8.267,127,351.1,164.4,476.8,441.3,0.8744
248,8.267,157,316.1,170.7,393.4,430.6,0.7071
248,8.267,5,61.0,262.8,99.8,373.5,0.3819
248,8.267,163,790.0,215.0,834.7,356.6,0.4308
248,8.267,134,769.1,215.7,804.5,350.2,0.6341
248,8.267,172,490.5,190.9,531.7,389.2,0.4798
249,8.300,114,892.1,210.5,937.7,319.7,0.6549
249,8.300,54,663.0,184.0,729.8,362.8,0.8086
249,8.300,85,616.9,203.5,673.7,362.6,0.7348
249,8.300,103,528.0,147.4,628.8,410.4,0.9047
249,8.300,111,443.8,160.6,514.2,394.8,0.5262
249,8.300,127,359.1,165.6,483.1,440.2,0.8750
249,8.300,157,321.4,173.3,399.4,429.1,0.8137
249,8.300,5,61.1,261.4,100.1,373.0,0.3896
249,8.300,134,770.6,214.6,806.3,349.6,0.6333
249,8.300,172,494.5,189.9,536.9,390.5,0.5585
249,8.300,102,798.7,271.7,834.2,356.2,0.5194
250,8.333,114,893.7,208.4,941.1,320.6,0.7427
250,8.333,54,668.4,185.9,734.4,363.2,0.8050
250,8.333,85,619.2,195.8,678.7,362.6,0.6835
250,8.333,103,535.6,150.8,635.3,408.6,0.8876
250,8.333,111,450.3,161.5,518.6,394.5,0.4637
250,8.333,127,374.5,165.9,495.2,437.8,0.8758
250,8.333,157,325.7,172.6,406.3,429.7,0.8444
250,8.333,5,61.2,262.5,99.8,372.8,0.3535
250,8.333,134,771.8,214.5,807.6,348.8,0.6334
250,8.333,172,499.0,189.8,541.6,390.5,0.4605
250,8.333,102,801.4,269.4,837.6,356.8,0.4786
250,8.333,175,492.0,187.3,533.0,392.6,0.5128
251,8.367,114,895.7,208.2,943.4,320.2,0.7319
251,8.367,54,671.6,186.7,737.3,363.2,0.8377
251,8.367,85,621.8,192.8,682.0,362.5,0.6311
251,8.367,103,540.0,151.9,639.9,407.7,0.8631
251,8.367,111,456.4,163.1,522.3,393.5,0.4712
251,8.367,127,386.9,163.0,505.8,438.4,0.8698
251,8.367,157,330.7,173.3,413.0,428.4,0.8308
251,8.367,5,61.4,263.7,99.8,373.1,0.4167
251,8.367,134,772.2,214.7,808.4,348.7,0.6456
251,8.367,172,501.6,188.8,544.2,389.5,0.4683
251,8.367,102,804.0,263.1,841.6,357.2,0.3703
251,8.367,175,491.7,184.8,534.2,394.2,0.4012
252,8.400,114,896.9,207.0,945.1,319.2,0.7962
252,8.400,54,673.9,187.1,739.7,363.1,0.8149
252,8.400,85,623.4,193.3,683.2,362.3,0.6370
252,8.400,103,543.4,153.2,643.5,407.6,0.8770
252,8.400,111,460.7,164.2,525.3,393.5,0.4599
252,8.400,127,396.9,162.6,513.6,440.1,0.8487
252,8.400,157,336.0,172.0,421.1,427.1,0.8497
252,8.400,5,61.0,262.9,99.7,373.0,0.5254
252,8.400,134,772.6,215.9,809.0,348.9,0.6416
252,8.400,172,503.7,189.6,545.6,387.9,0.4426
252,8.400,102,808.1,265.8,843.8,357.0,0.3522
253,8.433,114,899.0,207.6,946.7,318.0,0.8139
253,8.433,54,676.9,188.8,741.9,362.4,0.7719
253,8.433,85,626.2,191.5,685.8,360.8,0.7115
253,8.433,103,545.7,154.5,645.3,407.9,0.8431
253,8.433,111,466.8,165.8,529.2,392.5,0.3362
253,8.433,127,407.8,162.1,521.9,439.5,0.8537
253,8.433,157,342.5,171.0,429.4,426.0,0.8524
253,8.433,5,60.4,262.6,99.4,372.9,0.4634
253,8.433,134,772.3,215.9,809.1,349.2,0.6302
253,8.433,172,510.5,201.6,547.6,375.0,0.4759
253,8.433,102,811.8,263.9,848.0,356.8,0.6043
253,8.433,175,499.9,190.5,542.1,389.7,0.3367
254,8.467,114,900.2,208.3,947.4,317.3,0.7845
254,8.467,54,678.8,188.8,743.5,361.8,0.7375
254,8.467,85,630.4,189.0,689.9,360.3,0.6285
254,8.467,103,549.0,154.9,649.0,408.5,0.8437
254,8.467,127,417.0,161.4,528.5,437.5,0.8369
254,8.467,157,347.8,171.4,434.0,423.4,0.8561
254,8.467,5,60.8,261.1,100.2,372.9,0.4745
254,8.467,134,772.7,213.7,810.6,349.5,0.6473
254,8.467,172,510.6,194.5,550.3,378.6,0.4544
254,8.467,102,815.6,262.9,853.1,356.8,0.5708
255,8.500,114,902.4,208.9,949.4,316.8,0.7757
255,8.500,54,680.2,187.3,744.6,361.4,0.8126
255,8.500,85,633.7,187.4,692.7,359.3,0.5972
255,8.500,103,553.6,155.2,653.4,407.2,0.8876
255,8.500,111,479.2,164.0,538.0,386.7,0.3594
255,8.500,127,428.3,164.5,537.2,436.7,0.8667
255,8.500,157,357.9,172.0,441.6,419.5,0.8277
255,8.500,5,61.0,260.8,100.7,372.8,0.4891
255,8.500,134,772.6,212.9,811.2,350.0,0.6392
255,8.500,172,517.0,199.3,555.1,372.6,0.2953
255,8.500,102,819.2,263.6,857.4,356.6,0.6036
255,8.500,175,506.7,188.8,550.1,381.2,0.5121
256,8.533,114,904.3,209.0,950.8,316.4,0.7624
256,8.533,54,681.9,186.7,745.4,360.5,0.8144
256,8.533,85,635.9,186.6,694.2,359.2,0.6323
256,8.533,103,557.3,154.9,656.7,405.1,0.9117
256,8.533,111,486.0,165.0,542.1,378.6,0.3788
256,8.533,127,436.2,165.0,544.5,436.6,0.8601
256,8.533,157,368.8,171.9,450.9,417.9,0.8190
256,8.533,5,61.1,262.2,100.5,372.9,0.4966
256,8.533,134,772.3,212.4,811.2,350.2,0.6447
256,8.533,102,822.2,265.9,860.3,356.9,0.5973
256,8.533,175,514.6,191.7,557.4,375.2,0.5310
257,8.567,114,906.2,209.0,952.4,315.7,0.6842
257,8.567,54,684.3,187.2,746.5,359.7,0.7906
257,8.567,85,638.6,189.1,694.9,358.5,0.7296
257,8.567,103,558.8,151.4,658.6,404.1,0.8649
257,8.567,127,440.9,166.5,548.7,436.1,0.8628
257,8.567,157,376.0,168.4,457.9,417.8,0.8068
257,8.567,5,60.9,262.8,100.1,373.0,0.5613
257,8.567,134,771.8,211.8,811.2,350.4,0.6660
257,8.567,102,824.6,266.1,863.4,357.5,0.6426
257,8.567,175,518.4,194.1,562.4,373.6,0.4374
258,8.600,114,907.3,208.6,953.6,315.5,0.7033
258,8.600,54,687.7,187.4,749.3,359.4,0.8105
258,8.600,85,641.7,193.5,696.0,359.2,0.7041
258,8.600,103,562.7,150.6,660.4,399.2,0.8143
258,8.600,127,445.2,167.9,552.8,435.4,0.8493
258,8.600,157,384.4,171.3,465.2,419.7,0.8465
258,8.600,5,60.8,263.6,99.9,373.0,0.5932
258,8.600,134,771.5,211.3,811.5,350.7,0.6723
258,8.600,102,826.1,265.1,865.9,358.6,0.7351
258,8.600,175,524.9,194.9,569.6,371.4,0.5880
259,8.633,114,908.7,208.7,954.5,314.5,0.7225
259,8.633,54,692.8,187.4,754.0,358.5,0.8399
259,8.633,85,645.7,199.8,697.6,359.0,0.6963
259,8.633,103,565.4,150.7,661.4,396.7,0.8295
259,8.633,127,448.9,169.3,556.3,435.7,0.8447
259,8.633,157,392.1,172.5,472.2,420.3,0.8692
259,8.633,5,61.0,264.2,100.0,373.1,0.5782
259,8.633,134,771.6,211.6,811.9,350.9,0.6930
259,8.633,102,828.7,264.2,868.9,359.0,0.8008
259,8.633,175,531.3,195.8,577.2,371.6,0.5389
259,8.633,109,765.5,217.2,807.1,345.0,0.5134
259,8.633,172,529.0,196.5,568.6,376.2,0.3063
260,8.667,114,910.0,208.1,956.0,314.7,0.7172
260,8.667,54,696.3,186.6,757.6,357.6,0.8490
260,8.667,85,650.0,208.7,698.4,357.0,0.7861
260,8.667,103,567.6,152.0,661.9,396.0,0.8631
260,8.667,127,454.9,167.5,562.1,435.2,0.8280
260,8.667,157,399.3,173.9,477.9,419.1,0.8410
260,8.667,5,61.0,264.7,99.9,373.2,0.5888
260,8.667,134,771.8,211.9,812.3,351.0,0.7050
260,8.667,102,831.9,264.9,871.8,359.8,0.7415
260,8.667,109,767.0,218.0,806.5,345.4,0.5175
260,8.667,172,530.8,195.5,570.3,375.6,0.5239
261,8.700,114,911.2,206.8,958.0,315.2,0.7796
261,8.700,54,699.1,187.5,760.9,357.7,0.8326
261,8.700,85,652.8,210.7,699.7,355.5,0.7409
261,8.700,103,571.1,151.9,664.2,396.1,0.8841
261,8.700,127,465.9,163.7,571.0,429.7,0.7876
261,8.700,157,408.6,175.1,486.6,417.4,0.8634
261,8.700,5,60.9,264.8,99.9,373.2,0.5902
261,8.700,134,771.7,211.3,812.6,350.8,0.7224
261,8.700,102,835.9,264.6,875.2,359.3,0.6951
261,8.700,175,536.8,196.4,585.3,382.4,0.5041
262,8.733,114,912.0,206.3,959.5,316.0,0.8081
262,8.733,54,702.1,187.1,764.9,358.3,0.8404
262,8.733,85,655.4,213.6,701.0,354.9,0.7584
262,8.733,103,573.8,152.8,665.5,396.1,0.8805
262,8.733,127,476.0,164.2,578.3,426.0,0.7535
262,8.733,157,414.0,173.9,492.7,415.7,0.8701
262,8.733,5,60.5,263.7,99.9,373.1,0.6190
262,8.733,134,771.9,210.3,813.6,351.1,0.7406
262,8.733,102,838.9,264.3,877.9,359.9,0.7159
262,8.733,172,539.9,196.3,579.3,376.4,0.3342
262,8.733,175,542.4,193.4,592.7,385.8,0.3685
263,8.767,114,912.3,207.7,959.6,316.3,0.8076
263,8.767,54,704.3,187.6,767.6,358.5,0.8381
263,8.767,85,656.9,215.1,702.0,354.4,0.7189
263,8.767,103,579.3,154.5,670.5,395.8,0.8813
263,8.767,127,484.2,166.9,583.7,424.1,0.8336
263,8.767,157,418.5,175.5,498.0,414.5,0.8794
263,8.767,5,60.1,262.8,99.9,373.3,0.6077
263,8.767,134,772.1,209.7,814.5,351.7,0.7282
263,8.767,102,842.7,265.2,880.9,359.3,0.7148
263,8.767,172,543.9,195.7,581.9,368.0,0.2588
264,8.800,114,912.3,208.3,959.6,316.5,0.7878
264,8.800,54,705.2,188.3,768.0,358.1,0.8416
264,8.800,85,659.2,215.6,704.1,354.0,0.7829
264,8.800,103,583.1,156.2,674.3,395.5,0.8700
264,8.800,127,491.0,166.5,588.8,422.9,0.8311
264,8.800,157,420.7,175.7,501.4,413.9,0.8685
264,8.800,5,60.1,262.6,100.1,373.5,0.6561
264,8.800,134,771.8,209.4,814.5,351.8,0.7081
264,8.800,102,845.3,264.4,883.5,359.3,0.7331
265,8.833,114,912.3,208.1,960.0,317.2,0.7549
265,8.833,54,706.6,188.8,769.1,357.6,0.8306
265,8.833,85,660.7,215.5,705.7,354.4,0.7277
265,8.833,103,586.7,157.9,678.4,395.4,0.8714
265,8.833,127,496.7,164.3,594.1,422.8,0.8526
265,8.833,157,423.3,177.8,504.6,414.3,0.8475
265,8.833,5,59.9,260.7,100.6,373.6,0.6503
265,8.833,134,771.4,209.1,814.3,351.7,0.6992
265,8.833,102,846.8,264.2,885.3,360.4,0.6985
265,8.833,196,12.0,262.2,55.2,374.0,0.3601
266,8.867,114,912.6,209.2,959.6,316.3,0.7515
266,8.867,54,708.0,190.2,769.9,357.8,0.8507
266,8.867,85,664.6,214.5,709.3,352.3,0.6732
266,8.867,103,593.9,159.6,683.2,391.3,0.8172
266,8.867,127,509.6,166.5,606.3,421.3,0.8519
266,8.867,157,432.1,178.2,512.8,412.9,0.8526
266,8.867,5,59.9,261.1,100.5,373.7,0.6574
266,8.867,134,771.4,208.9,814.4,351.7,0.6654
266,8.867,102,849.3,265.0,887.8,361.6,0.6021
266,8.867,196,11.2,261.5,54.8,374.2,0.3252
267,8.900,114,912.9,209.7,959.6,315.6,0.7511
267,8.900,54,709.2,191.7,770.3,357.8,0.8565
267,8.900,85,667.4,214.0,711.8,351.3,0.6223
267,8.900,103,595.7,159.9,684.2,389.9,0.8039
267,8.900,127,519.3,168.3,617.2,422.2,0.8442
267,8.900,157,439.3,179.1,519.0,411.2,0.8448
267,8.900,5,60.1,262.0,100.5,373.5,0.6833
267,8.900,134,772.0,208.9,815.1,351.4,0.6495
267,8.900,102,852.4,266.3,890.2,361.8,0.5789
267,8.900,196,12.3,260.6,55.9,373.1,0.3743
268,8.933,114,913.7,209.4,960.0,315.4,0.7460
268,8.933,54,710.9,192.8,771.4,357.4,0.8211
268,8.933,85,670.1,213.2,713.8,349.9,0.6299
268,8.933,103,601.0,160.5,687.2,386.7,0.8404
268,8.933,127,526.4,168.8,625.6,420.3,0.8633
268,8.933,157,448.9,178.4,526.5,406.5,0.8200
268,8.933,5,60.4,263.2,100.3,373.4,0.6916
268,8.933,134,773.4,209.3,816.4,351.1,0.6903
268,8.933,102,855.3,266.8,892.6,361.6,0.6837
268,8.933,196,12.1,258.6,56.2,372.6,0.3645
269,8.967,114,915.0,210.2,960.0,314.8,0.7090
269,8.967,54,713.2,192.6,773.0,355.6,0.7942
269,8.967,85,672.8,213.4,716.2,350.4,0.6536
269,8.967,103,605.0,160.5,689.6,385.6,0.8449
269,8.967,127,528.8,171.3,628.7,419.1,0.8448
269,8.967,157,453.0,178.2,528.7,404.3,0.8443
269,8.967,5,60.2,263.5,100.1,373.4,0.6682
269,8.967,134,774.0,209.9,816.8,351.0,0.7167
269,8.967,102,857.6,265.9,894.7,361.3,0.6406
269,8.967,196,11.2,253.9,57.0,372.6,0.3552
270,9.000,114,916.3,210.7,960.0,315.4,0.6940
270,9.000,54,714.9,193.3,774.0,354.6,0.8118
270,9.000,85,674.8,211.8,718.5,352.0,0.4341
270,9.000,103,608.6,160.8,692.5,387.1,0.8559
270,9.000,127,530.1,171.7,631.6,418.6,0.8611
270,9.000,157,456.0,176.3,531.0,404.0,0.8665
270,9.000,5,60.5,264.0,100.1,373.3,0.6783
270,9.000,134,774.6,210.7,817.1,350.7,0.6817
270,9.000,102,859.5,265.2,896.6,361.3,0.6498
270,9.000,196,10.2,252.6,56.7,373.0,0.3858
271,9.033,114,917.2,211.0,960.0,316.0,0.6619
271,9.033,54,716.5,194.6,774.3,353.0,0.8126
271,9.033,85,679.7,211.9,722.9,351.0,0.4556
271,9.033,103,613.1,160.8,696.3,386.4,0.8530
271,9.033,127,533.3,171.1,635.7,419.2,0.8733
271,9.033,157,459.8,175.9,533.8,403.5,0.8072
271,9.033,5,60.8,264.6,100.2,373.3,0.6469
271,9.033,134,776.2,211.4,818.5,351.0,0.6783
271,9.033,102,863.6,265.8,901.1,361.3,0.5119
271,9.033,196,10.2,258.2,54.9,373.2,0.3733
272,9.067,114,918.4,210.9,960.0,316.1,0.7051
272,9.067,54,717.3,193.8,774.5,352.0,0.8047
272,9.067,85,683.8,216.4,725.4,350.6,0.4835
272,9.067,103,615.9,159.6,699.0,386.2,0.8108
272,9.067,127,536.9,170.6,639.4,418.8,0.8363
272,9.067,157,465.4,175.3,539.2,402.8,0.7351
272,9.067,5,60.9,265.0,100.2,373.3,0.5750
272,9.067,134,777.6,211.8,819.9,351.1,0.7235
272,9.067,102,864.9,264.3,904.1,362.2,0.5951
272,9.067,196,10.8,254.5,56.9,373.5,0.3621
273,9.100,114,918.4,211.0,960.0,316.4,0.6799
273,9.100,54,718.1,192.8,774.3,351.0,0.8120
273,9.100,85,685.3,218.7,726.3,349.5,0.5822
273,9.100,103,621.3,160.4,703.9,386.8,0.8321
273,9.100,127,544.3,169.1,644.9,415.7,0.8731
273,9.100,157,476.2,177.3,549.9,402.2,0.7780
273,9.100,5,60.8,264.1,100.2,373.2,0.5203
273,9.100,134,778.4,212.7,820.1,350.0,0.7826
273,9.100,102,865.9,265.4,905.0,362.5,0.5276
273,9.100,196,10.8,252.8,57.5,373.6,0.3390
274,9.133,114,919.3,211.7,960.0,316.2,0.6903
274,9.133,54,718.9,192.3,774.6,350.7,0.8338
274,9.133,85,685.4,214.4,727.9,349.5,0.4593
274,9.133,103,626.4,161.3,710.2,389.0,0.8463
274,9.133,127,552.5,168.9,650.9,414.2,0.8435
274,9.133,157,483.3,177.6,558.1,402.1,0.8070
274,9.133,5,60.7,263.8,100.2,373.1,0.5218
274,9.133,134,779.8,213.0,821.4,349.3,0.8199
274,9.133,102,867.5,266.2,906.4,362.3,0.4679
274,9.133,196,11.0,252.2,57.7,373.5,0.3685
275,9.167,114,920.0,213.2,960.0,315.7,0.7269
275,9.167,54,720.5,192.1,775.5,350.8,0.8321
275,9.167,103,631.8,161.3,716.3,388.6,0.8607
275,9.167,127,559.6,168.5,656.4,413.8,0.8538
275,9.167,157,489.2,178.2,565.0,401.9,0.8160
275,9.167,5,60.8,264.8,99.9,373.1,0.4629
275,9.167,134,781.6,213.6,823.1,348.9,0.8019
275,9.167,102,868.2,266.9,907.3,363.3,0.2754
276,9.200,114,920.9,213.3,960.0,315.8,0.6773
276,9.200,54,723.4,192.3,777.4,350.4,0.8033
276,9.200,103,637.4,161.9,722.2,387.3,0.8352
276,9.200,127,565.3,168.6,661.4,414.3,0.8315
276,9.200,157,493.1,180.9,569.0,401.5,0.8312
276,9.200,5,60.4,261.1,100.8,373.2,0.4627
276,9.200,134,785.6,215.2,827.5,349.5,0.7809
276,9.200,196,11.5,257.2,57.0,374.2,0.3244
277,9.233,114,921.7,212.6,960.0,316.3,0.6720
277,9.233,54,725.9,192.8,779.0,350.0,0.7650
277,9.233,103,642.2,162.6,727.2,386.5,0.8203
277,9.233,127,569.1,169.2,664.5,414.8,0.8222
277,9.233,157,495.5,181.6,572.4,401.6,0.8438
277,9.233,5,60.2,260.1,101.0,373.4,0.4602
277,9.233,134,788.4,215.9,831.1,350.0,0.8109
277,9.233,196,11.1,256.7,56.9,374.3,0.3335
277,9.233,199,562.5,171.3,599.2,381.8,0.4278
278,9.267,114,923.0,211.7,960.0,316.4,0.6919
278,9.267,54,730.5,195.5,782.9,349.7,0.6991
278,9.267,103,647.5,164.8,731.8,385.7,0.8530
278,9.267,127,576.7,169.4,670.7,412.9,0.8027
278,9.267,157,498.7,180.8,576.4,400.6,0.8460
278,9.267,5,60.1,259.2,101.1,373.4,0.4716
278,9.267,134,790.5,218.8,833.5,350.5,0.7916
278,9.267,196,11.2,256.5,57.2,374.4,0.3424
278,9.267,199,566.3,171.8,603.8,386.6,0.5456
279,9.300,114,924.5,211.7,960.0,315.4,0.6894
279,9.300,54,733.6,195.9,786.0,349.5,0.7281
279,9.300,103,650.5,166.0,734.1,383.9,0.8279
279,9.300,127,582.5,170.2,676.2,413.2,0.7847
279,9.300,157,500.1,180.8,577.8,399.9,0.8424
279,9.300,5,59.8,258.5,101.1,373.4,0.4653
279,9.300,134,791.0,220.4,834.3,350.6,0.7826
279,9.300,196,11.6,256.9,57.5,374.4,0.3603
279,9.300,199,570.9,172.9,607.7,383.1,0.5863
279,9.300,200,751.5,197.0,783.0,346.9,0.4202
280,9.333,114,925.9,211.8,960.0,315.2,0.6478
280,9.333,54,736.4,195.7,789.4,350.2,0.7258
280,9.333,103,652.6,166.9,734.9,381.2,0.8269
280,9.333,127,585.6,171.0,679.3,412.7,0.7578
280,9.333,157,500.9,180.0,577.5,397.4,0.8481
280,9.333,5,59.9,257.8,101.3,373.1,0.4425
280,9.333,134,791.9,221.6,835.8,350.9,0.7584
280,9.333,196,10.2,254.0,56.8,373.3,0.3149
280,9.333,199,575.0,173.8,610.8,377.2,0.6317
280,9.333,85,699.7,209.9,742.7,350.5,0.5650
281,9.367,114,928.4,212.1,960.0,314.2,0.6251
281,9.367,54,738.8,196.2,791.9,350.5,0.7337
281,9.367,103,653.3,167.3,733.5,378.7,0.7259
281,9.367,127,594.1,172.7,686.2,411.5,0.7969
281,9.367,157,506.4,179.0,581.7,395.1,0.8583
281,9.367,5,60.1,256.4,102.3,373.6,0.5411
281,9.367,134,792.3,222.8,836.5,350.5,0.6985
281,9.367,196,8.6,251.9,56.2,373.2,0.3490
281,9.367,199,579.4,175.3,615.8,381.7,0.6392
281,9.367,85,702.4,209.7,744.7,351.0,0.5084
281,9.367,102,864.8,263.4,905.6,365.1,0.7175
282,9.400,114,929.9,211.9,960.0,312.6,0.6351
282,9.400,54,740.2,196.3,793.5,350.9,0.7079
282,9.400,103,653.5,167.6,731.4,377.8,0.6768
282,9.400,127,600.4,173.5,691.2,410.6,0.8079
282,9.400,157,513.1,179.2,587.5,393.9,0.8523
282,9.400,5,60.2,256.1,102.5,373.8,0.5373
282,9.400,134,793.1,220.0,838.6,350.1,0.6761
282,9.400,196,8.6,250.9,56.5,373.0,0.3287
282,9.400,199,583.2,175.7,619.6,378.4,0.6856
282,9.400,85,704.6,210.0,746.2,350.5,0.5359
282,9.400,102,863.3,263.3,904.2,365.1,0.7916
283,9.433,114,930.6,211.6,960.0,312.3,0.6636
283,9.433,54,738.6,196.2,792.1,350.6,0.6084
283,9.433,103,656.7,167.6,732.7,376.5,0.7252
283,9.433,127,606.3,174.4,696.2,411.4,0.8278
283,9.433,157,521.2,179.4,595.0,392.9,0.8480
283,9.433,5,60.1,256.4,102.3,373.7,0.5427
283,9.433,134,795.7,226.5,839.7,349.8,0.7306
283,9.433,196,9.3,250.6,57.0,372.7,0.3256
283,9.433,199,587.2,175.0,624.6,379.6,0.7441
283,9.433,85,706.2,206.1,747.6,347.8,0.2962
283,9.433,102,861.8,263.2,903.4,364.8,0.7951
284,9.467,114,931.3,211.5,960.0,312.2,0.6079
284,9.467,54,741.2,195.5,793.8,349.2,0.6426
284,9.467,103,660.6,167.0,735.9,376.5,0.7680
284,9.467,127,611.2,173.6,700.2,410.7,0.8357
284,9.467,157,528.3,179.4,602.7,392.9,0.8558
284,9.467,5,60.2,256.7,102.3,373.7,0.5431
284,9.467,134,796.9,229.0,840.7,349.6,0.6822
284,9.467,196,8.8,250.3,56.5,372.2,0.2903
284,9.467,199,589.7,173.7,628.1,380.2,0.6942
284,9.467,102,860.4,263.1,903.2,365.0,0.8008
285,9.500,114,932.1,211.3,960.0,310.9,0.6060
285,9.500,54,744.5,195.6,795.7,346.7,0.7009
285,9.500,103,664.6,166.4,739.7,377.6,0.7750
285,9.500,127,617.4,174.2,704.0,406.2,0.8501
285,9.500,157,532.2,180.1,607.2,393.3,0.8750
285,9.500,5,60.1,257.0,102.1,373.7,0.5074
285,9.500,134,798.2,232.9,841.2,348.8,0.6761
285,9.500,196,8.3,250.0,56.2,372.2,0.2683
285,9.500,199,591.8,173.5,630.6,379.3,0.6256
285,9.500,85,711.3,211.7,750.9,347.1,0.2758
285,9.500,102,859.4,263.1,903.7,364.5,0.8154
286,9.533,114,933.6,211.4,960.0,309.6,0.5278
286,9.533,54,747.6,195.2,798.4,346.6,0.7516
286,9.533,103,667.4,166.8,739.4,372.7,0.6614
286,9.533,127,624.7,174.4,709.7,402.8,0.8478
286,9.533,157,536.0,179.7,612.4,393.7,0.8607
286,9.533,5,59.7,256.5,101.9,373.8,0.5425
286,9.533,134,800.0,238.4,841.8,348.0,0.6208
286,9.533,199,595.9,173.2,635.5,379.1,0.6859
286,9.533,85,717.3,215.3,756.1,346.2,0.3721
286,9.533,102,856.8,263.4,903.4,366.0,0.8360
286,9.533,111,663.1,169.6,720.3,386.3,0.5792
287,9.567,114,934.9,211.5,960.0,306.5,0.5176
287,9.567,54,749.9,194.7,800.9,346.8,0.7823
287,9.567,103,668.7,167.4,741.1,378.9,0.6180
287,9.567,127,629.1,173.6,713.3,401.7,0.8071
287,9.567,157,540.3,180.0,617.8,393.7,0.8454
287,9.567,5,59.3,256.0,101.9,373.9,0.5674
287,9.567,134,800.1,242.5,841.2,347.7,0.5400
287,9.567,199,598.2,173.3,638.8,378.4,0.7793
287,9.567,85,717.0,216.5,755.6,346.9,0.4408
287,9.567,102,855.2,263.5,903.6,366.5,0.8324
288,9.600,114,936.5,212.1,960.0,301.3,0.5016
288,9.600,54,753.7,194.4,805.1,346.0,0.7845
288,9.600,103,673.6,168.0,744.6,378.2,0.5850
288,9.600,127,633.7,170.9,718.1,400.9,0.8350
288,9.600,157,542.7,182.7,619.5,392.1,0.8635
288,9.600,5,59.1,258.2,100.7,373.2,0.5222
288,9.600,134,799.6,247.5,838.4,345.9,0.4605
288,9.600,199,600.7,173.2,641.0,371.8,0.7763
288,9.600,85,717.9,214.1,757.3,348.3,0.2615
288,9.600,102,853.2,263.0,903.0,366.4,0.7917
289,9.633,114,938.0,212.6,960.0,296.8,0.5111
289,9.633,54,756.8,194.4,808.3,344.8,0.8027
289,9.633,103,678.0,168.8,747.9,377.4,0.6988
289,9.633,127,638.5,170.2,723.0,400.6,0.8297
289,9.633,157,545.0,184.4,621.3,389.9,0.8532
289,9.633,5,59.4,259.1,100.8,373.4,0.5274
289,9.633,134,799.9,248.9,838.0,344.4,0.4810
289,9.633,199,603.0,173.5,643.7,370.1,0.7793
289,9.633,102,851.6,262.4,902.2,365.3,0.6978
290,9.667,114,939.2,213.8,960.0,292.9,0.4408
290,9.667,54,759.9,194.7,811.5,344.7,0.8192
290,9.667,103,682.5,169.7,750.6,374.1,0.6542
290,9.667,127,643.3,170.1,727.7,400.1,0.8001
290,9.667,157,548.5,185.2,624.8,388.7,0.8474
290,9.667,5,59.5,258.8,101.0,373.4,0.5722
290,9.667,134,799.2,245.5,839.2,345.4,0.5212
290,9.667,196,5.2,249.8,55.3,373.3,0.2592
290,9.667,199,604.9,173.8,647.0,373.7,0.8292
290,9.667,102,850.0,261.9,901.8,366.1,0.8154
291,9.700,114,940.2,215.1,960.0,290.7,0.4001
291,9.700,54,763.1,194.8,815.2,346.0,0.8007
291,9.700,103,689.2,170.1,754.4,366.1,0.6394
291,9.700,127,652.3,173.3,736.6,398.8,0.7754
291,9.700,157,551.6,185.9,628.8,390.0,0.8433
291,9.700,5,59.3,259.2,100.6,373.1,0.5703
291,9.700,134,799.0,249.4,838.9,347.9,0.5446
291,9.700,196,8.1,250.1,57.4,373.0,0.2720
291,9.700,199,608.5,174.9,651.6,375.7,0.8334
291,9.700,102,848.2,262.1,900.1,365.7,0.7533
292,9.733,114,940.9,216.1,960.0,289.8,0.3537
292,9.733,54,767.5,195.1,819.9,345.1,0.7551
292,9.733,103,692.7,170.6,755.1,358.5,0.5658
292,9.733,127,656.7,175.0,741.6,398.7,0.7626
292,9.733,157,553.0,185.4,631.3,391.0,0.8553
292,9.733,5,59.3,259.5,100.4,373.0,0.5850
292,9.733,134,798.9,253.3,838.1,349.3,0.4741
292,9.733,196,9.5,250.5,58.0,372.7,0.3083
292,9.733,199,612.3,176.2,656.0,374.6,0.7428
292,9.733,102,846.6,262.8,898.2,365.3,0.7403
293,9.767,114,941.2,216.1,960.0,289.6,0.2766
293,9.767,54,774.6,196.0,828.4,345.3,0.7566
293,9.767,103,695.5,172.9,758.5,365.7,0.5518
293,9.767,127,658.4,175.3,743.5,397.9,0.7995
293,9.767,157,554.7,185.5,632.2,388.5,0.8611
293,9.767,5,59.2,259.6,100.3,372.9,0.5956
293,9.767,134,799.4,255.8,838.6,350.6,0.4955
293,9.767,196,10.0,251.5,57.7,372.7,0.2676
293,9.767,199,616.5,178.0,659.4,367.0,0.7660
293,9.767,102,845.5,263.0,896.9,365.0,0.7437
294,9.800,54,778.0,197.3,833.5,347.4,0.7774
294,9.800,103,699.8,172.8,760.9,361.7,0.4828
294,9.800,127,661.2,175.4,746.4,397.2,0.8236
294,9.800,157,554.7,186.0,630.5,385.7,0.8507
294,9.800,5,59.1,259.2,100.4,373.0,0.6110
294,9.800,196,10.1,251.3,57.5,372.7,0.2731
294,9.800,199,619.0,180.3,663.8,370.7,0.7406
294,9.800,102,845.0,262.2,896.9,365.0,0.7274
294,9.800,85,738.0,216.7,771.8,339.8,0.2711
295,9.833,114,941.5,216.7,960.0,290.6,0.3163
295,9.833,54,779.8,198.2,836.9,348.6,0.8225
295,9.833,103,706.7,173.5,764.7,351.0,0.4803
295,9.833,127,663.6,175.5,749.1,397.2,0.8461
295,9.833,157,554.6,186.4,629.2,384.7,0.8544
295,9.833,5,59.5,258.6,101.0,373.4,0.6363
295,9.833,196,13.1,258.1,58.0,373.7,0.2713
295,9.833,199,621.2,181.3,667.4,370.8,0.8076
295,9.833,102,844.4,261.7,897.1,365.5,0.6989
295,9.833,85,739.6,219.1,772.7,340.6,0.3321
296,9.867,54,780.7,197.5,839.5,349.7,0.8130
296,9.867,103,710.2,173.9,765.5,345.5,0.3546
296,9.867,127,667.6,175.6,752.3,395.8,0.8521
296,9.867,157,554.9,185.7,628.1,383.8,0.8761
296,9.867,5,59.8,258.6,101.5,373.6,0.6385
296,9.867,199,622.0,180.2,670.4,372.3,0.8384
296,9.867,102,843.7,261.9,896.6,365.9,0.6941
296,9.867,85,743.0,218.5,775.1,338.7,0.3557
297,9.900,54,781.9,198.0,841.7,350.7,0.8032
297,9.900,127,672.1,174.8,755.8,393.3,0.8494
297,9.900,157,555.3,185.3,627.4,384.1,0.8721
297,9.900,5,60.0,259.0,101.6,373.6,0.6505
297,9.900,199,624.0,180.1,674.4,372.9,0.8222
297,9.900,102,842.9,262.1,895.8,365.9,0.6720
297,9.900,85,745.4,218.9,776.5,337.3,0.3077
298,9.933,54,782.9,196.6,843.6,351.3,0.8457
298,9.933,127,677.7,174.0,760.7,391.1,0.8680
298,9.933,157,556.0,185.6,626.6,384.6,0.8204
298,9.933,5,59.6,258.4,101.2,373.1,0.6269
298,9.933,196,11.7,255.0,56.9,371.9,0.2620
298,9.933,199,625.0,182.1,677.0,373.4,0.7857
298,9.933,102,842.6,262.2,894.6,365.0,0.7242
298,9.933,85,747.0,213.1,779.3,339.0,0.3001
299,9.967,54,783.1,195.9,844.0,351.5,0.8647
299,9.967,127,682.6,174.9,765.6,390.8,0.8864
299,9.967,157,561.7,185.3,632.0,384.1,0.7832
299,9.967,5,59.3,258.1,100.9,373.0,0.6165
299,9.967,196,10.4,252.0,56.5,371.3,0.2729
299,9.967,199,626.0,179.2,679.7,371.6,0.6914
299,9.967,102,842.8,263.0,893.8,364.8,0.7868
300,10.000,54,783.9,194.7,844.7,351.5,0.8453
300,10.000,127,685.8,175.1,769.1,390.1,0.8714
300,10.000,157,566.3,186.2,636.3,383.1,0.8069
300,10.000,5,59.3,258.5,100.7,372.9,0.6071
300,10.000,199,629.0,177.7,684.0,371.0,0.7393
300,10.000,102,843.4,264.0,893.4,364.7,0.7764
301,10.033,54,784.9,194.0,845.2,351.5,0.8215
301,10.033,127,688.2,174.4,772.4,390.1,0.8456
301,10.033,157,570.7,186.6,640.4,382.0,0.7884
301,10.033,5,59.2,258.9,100.4,372.9,0.5876
301,10.033,199,633.3,176.4,688.6,370.1,0.7553
301,10.033,102,844.2,265.0,893.3,364.7,0.7871
302,10.067,54,786.1,194.6,845.2,351.1,0.7447
302,10.067,127,689.4,174.1,774.4,390.7,0.7913
302,10.067,157,574.0,186.7,643.7,381.5,0.7986
302,10.067,5,59.3,259.0,100.4,373.0,0.5947
302,10.067,196,12.7,261.9,55.9,373.1,0.2708
302,10.067,199,635.4,175.3,691.0,369.3,0.7536
302,10.067,102,845.3,265.6,893.6,364.6,0.7834
303,10.100,54,788.2,194.2,846.5,351.7,0.7290
303,10.100,127,692.6,175.9,778.4,391.5,0.8156
303,10.100,157,576.2,187.0,645.3,381.2,0.8266
303,10.100,5,59.2,258.5,100.5,373.0,0.6052
303,10.100,196,12.7,261.8,55.9,373.0,0.3324
303,10.100,199,637.8,174.9,693.6,370.7,0.7979
303,10.100,102,846.9,265.2,894.8,364.2,0.7536
303,10.100,134,799.0,262.0,837.8,351.2,0.2544
304,10.133,54,788.9,194.2,846.1,351.1,0.5873
304,10.133,127,694.0,177.5,779.9,391.4,0.8073
304,10.133,157,577.9,187.4,646.4,380.7,0.8242
304,10.133,5,59.4,258.8,100.6,373.1,0.6094
304,10.133,196,12.8,261.8,56.0,372.9,0.3132
304,10.133,199,639.8,175.2,695.3,369.2,0.8088
304,10.133,102,848.4,264.9,895.7,363.8,0.7156
304,10.133,85,752.7,207.8,787.7,341.5,0.2943
304,10.133,134,798.2,258.9,839.0,350.8,0.4678
305,10.167,54,790.3,195.1,846.0,350.7,0.6147
305,10.167,127,694.7,178.9,780.7,390.6,0.8535
305,10.167,157,579.3,187.0,647.2,380.2,0.8386
305,10.167,5,59.4,257.8,100.9,373.1,0.6178
305,10.167,196,12.6,261.9,55.9,373.1,0.3370
305,10.167,199,641.0,175.1,696.4,368.1,0.8032
305,10.167,102,849.0,264.2,896.2,363.7,0.6740
305,10.167,85,754.1,209.4,788.8,341.4,0.3250
305,10.167,134,797.4,254.5,840.2,350.2,0.3854
306,10.200,54,799.1,195.7,840.1,305.7,0.4747
306,10.200,127,696.4,180.3,782.3,390.2,0.8611
306,10.200,157,581.4,187.0,648.4,379.7,0.8705
306,10.200,5,59.3,258.4,100.5,372.9,0.5638
306,10.200,199,642.3,175.8,697.6,368.8,0.8246
306,10.200,102,849.7,264.4,896.3,363.4,0.7829
306,10.200,134,797.8,252.7,841.3,348.7,0.6326
307,10.233,54,805.0,196.9,839.3,286.3,0.3885
307,10.233,127,697.8,180.7,784.0,389.9,0.8549
307,10.233,157,583.4,186.9,649.5,379.6,0.8965
307,10.233,5,59.3,257.7,100.7,373.0,0.5862
307,10.233,199,644.3,177.0,699.0,368.4,0.8126
307,10.233,102,849.9,264.4,896.2,363.3,0.7922
307,10.233,85,756.6,214.1,789.9,339.2,0.2503
307,10.233,134,797.6,250.6,842.8,348.5,0.6586
308,10.267,54,807.7,198.0,842.0,285.4,0.4241
308,10.267,127,702.1,181.8,787.6,388.9,0.8548
308,10.267,157,586.6,188.1,651.7,378.5,0.8801
308,10.267,5,59.4,258.4,100.5,373.1,0.5900
308,10.267,196,12.4,260.9,56.2,373.6,0.3117
308,10.267,199,647.1,178.0,700.9,366.7,0.8169
308,10.267,102,849.2,263.9,895.8,363.8,0.8059
308,10.267,134,797.7,248.2,844.7,348.7,0.6810
309,10.300,54,811.5,199.7,843.4,278.1,0.4397
309,10.300,127,705.4,182.2,789.9,386.0,0.8695
309,10.300,157,589.9,189.3,654.3,377.2,0.8657
309,10.300,5,59.4,258.1,100.6,373.1,0.5804
309,10.300,196,13.0,261.9,56.4,373.7,0.3070
309,10.300,199,649.4,178.8,702.5,365.7,0.8172
309,10.300,102,849.1,263.3,895.8,363.9,0.7956
309,10.300,134,796.8,245.3,845.8,349.0,0.7323
310,10.333,54,814.3,200.9,845.7,275.5,0.4882
310,10.333,127,707.6,182.3,791.4,383.8,0.8730
310,10.333,157,593.9,191.0,657.6,376.3,0.8581
310,10.333,5,59.6,258.5,100.6,373.1,0.5816
310,10.333,196,13.2,262.2,56.4,373.8,0.3740
310,10.333,199,651.7,180.9,703.8,365.1,0.8297
310,10.333,102,849.4,263.5,895.6,363.8,0.7660
310,10.333,134,796.8,241.9,848.1,349.4,0.7410
311,10.367,127,709.0,181.4,792.7,382.9,0.8628
311,10.367,157,597.7,188.9,662.6,375.8,0.8592
311,10.367,5,59.3,259.2,100.2,373.1,0.5685
311,10.367,196,11.3,259.6,55.8,374.4,0.2920
311,10.367,199,653.1,182.1,704.5,365.0,0.8043
311,10.367,102,849.1,263.0,895.4,364.1,0.7678
311,10.367,134,794.2,240.1,846.2,348.7,0.7058
311,10.367,111,818.7,200.3,856.3,327.9,0.6140
311,10.367,114,944.2,216.8,960.0,286.0,0.2672
312,10.400,127,711.6,182.0,795.1,382.9,0.8363
312,10.400,157,599.9,187.4,666.2,375.8,0.8768
312,10.400,5,59.3,259.9,100.0,373.3,0.5652
312,10.400,199,653.6,182.4,705.3,366.4,0.8062
312,10.400,102,849.2,263.4,894.6,363.4,0.7339
312,10.400,134,793.3,239.2,845.4,348.1,0.7050
312,10.400,211,689.5,195.4,720.7,349.1,0.3678
312,10.400,111,820.5,200.8,859.9,325.7,0.6363
312,10.400,114,943.5,217.0,960.0,288.9,0.2941
313,10.433,127,713.0,181.7,796.7,382.5,0.8307
313,10.433,157,603.0,188.0,670.2,376.1,0.8716
313,10.433,5,59.4,260.4,99.8,373.0,0.5391
313,10.433,199,655.1,182.8,706.5,366.2,0.7697
313,10.433,102,848.6,262.9,894.2,363.9,0.7375
313,10.433,134,792.9,237.8,845.2,348.1,0.7250
313,10.433,211,692.2,193.2,724.0,349.9,0.2855
313,10.433,111,823.1,199.2,864.6,328.4,0.6353
313,10.433,114,943.3,216.9,960.0,290.3,0.3253
314,10.467,127,715.0,181.7,798.5,381.6,0.8182
314,10.467,157,605.4,190.7,672.7,376.5,0.8690
314,10.467,5,59.4,260.1,100.1,373.2,0.5515
314,10.467,199,656.3,182.6,707.9,366.6,0.7439
314,10.467,102,848.3,262.7,893.5,363.7,0.6770
314,10.467,134,792.5,235.3,845.8,348.3,0.6881
314,10.467,211,695.1,192.3,726.9,349.3,0.3811
314,10.467,111,825.6,198.5,868.9,328.9,0.5951
314,10.467,114,943.1,217.1,960.0,291.2,0.3428
315,10.500,127,717.0,181.5,800.5,381.1,0.8234
315,10.500,157,607.2,193.5,674.8,377.2,0.8586
315,10.500,5,59.4,261.5,99.8,373.3,0.4928
315,10.500,199,657.7,183.2,709.1,365.3,0.7729
315,10.500,102,847.4,260.4,893.2,363.6,0.6060
315,10.500,134,792.0,233.8,845.7,348.4,0.6733
315,10.500,211,696.7,191.4,728.6,348.6,0.3137
315,10.500,111,825.5,198.2,870.6,330.2,0.5938
315,10.500,114,942.6,217.3,959.8,292.1,0.3084
316,10.533,127,718.6,181.6,802.0,380.9,0.8407
316,10.533,157,607.7,197.8,675.5,376.8,0.7801
316,10.533,5,59.3,261.7,99.6,373.3,0.4739
316,10.533,199,657.9,182.6,709.8,363.8,0.7302
316,10.533,102,845.6,254.9,893.3,363.7,0.6436
316,10.533,134,791.6,233.9,845.0,348.7,0.6885
316,10.533,111,826.2,198.1,873.0,332.0,0.6262
317,10.567,127,719.5,182.0,802.5,381.1,0.8274
317,10.567,157,609.7,198.8,677.7,376.3,0.7893
317,10.567,5,59.3,262.3,99.4,373.3,0.4986
317,10.567,199,658.2,182.5,710.2,361.7,0.7162
317,10.567,102,846.6,258.4,892.4,363.5,0.7279
317,10.567,134,792.0,231.9,845.6,348.9,0.7059
317,10.567,111,828.6,199.3,875.4,331.9,0.6509
317,10.567,114,943.2,218.6,960.0,294.0,0.2751
318,10.600,127,720.4,183.4,802.1,380.2,0.8230
318,10.600,157,613.6,195.6,682.2,376.1,0.7323
318,10.600,5,59.5,263.5,99.1,373.2,0.4859
318,10.600,199,660.2,182.4,712.2,361.3,0.6627
318,10.600,102,846.3,260.6,891.4,364.2,0.6679
318,10.600,134,791.8,228.9,845.7,349.0,0.6182
318,10.600,111,831.4,200.9,878.6,330.9,0.6162
318,10.600,114,943.1,219.0,960.0,297.8,0.3051
318,10.600,214,593.8,204.3,631.2,356.6,0.7135
319,10.633,127,721.1,183.7,802.0,379.7,0.8173
319,10.633,157,615.5,195.6,683.0,375.3,0.7364
319,10.633,5,59.8,264.0,99.2,373.1,0.4996
319,10.633,199,660.6,182.8,712.3,360.5,0.6840
319,10.633,102,841.4,247.4,891.9,364.4,0.5073
319,10.633,134,792.6,228.4,845.9,348.9,0.6506
319,10.633,111,832.6,200.7,883.2,339.0,0.5756
319,10.633,114,942.9,219.4,960.0,298.7,0.3740
319,10.633,214,593.5,203.7,631.1,357.2,0.7148
320,10.667,127,723.2,184.7,803.4,379.8,0.8334
320,10.667,157,618.6,194.5,685.3,374.3,0.7833
320,10.667,5,59.9,263.0,99.6,373.1,0.5317
320,10.667,199,663.6,183.5,714.7,359.7,0.7198
320,10.667,134,792.2,226.9,845.6,349.3,0.6006
320,10.667,111,833.7,200.9,890.2,355.6,0.7306
320,10.667,114,942.9,220.1,960.0,298.8,0.3556
320,10.667,214,593.1,203.4,631.1,358.0,0.7356
321,10.700,127,725.1,185.5,804.5,378.9,0.8685
321,10.700,157,619.8,192.3,686.6,374.7,0.8313
321,10.700,5,60.0,262.8,99.8,373.2,0.5464
321,10.700,196,13.4,261.1,57.8,373.2,0.2734
321,10.700,199,667.9,183.7,718.2,358.4,0.7049
321,10.700,134,791.6,225.4,844.9,349.0,0.6480
321,10.700,111,834.7,200.9,893.0,362.3,0.6238
321,10.700,114,942.7,220.5,959.8,298.7,0.2972
321,10.700,214,593.3,203.6,631.2,357.3,0.7627
322,10.733,127,726.3,185.9,804.9,377.3,0.8770
322,10.733,157,621.0,192.4,686.9,374.3,0.8125
322,10.733,5,60.3,262.6,100.0,373.2,0.5271
322,10.733,199,670.4,184.2,720.3,357.8,0.7268
322,10.733,134,791.0,222.5,844.8,348.8,0.6803
322,10.733,111,835.5,200.5,894.6,365.0,0.7043
322,10.733,114,942.2,220.5,959.5,299.2,0.2644
322,10.733,214,592.7,204.4,631.1,358.4,0.7669
323,10.767,127,727.2,185.7,805.4,376.0,0.8697
323,10.767,157,624.0,192.5,687.7,371.7,0.7372
323,10.767,5,60.3,262.0,100.2,373.1,0.5746
323,10.767,196,14.0,260.5,58.5,373.3,0.2737
323,10.767,199,673.6,185.2,723.0,356.8,0.6644
323,10.767,134,789.9,219.5,844.2,348.8,0.7038
323,10.767,211,712.0,195.0,745.1,346.2,0.2742
323,10.767,111,835.7,197.2,895.5,366.0,0.6630
323,10.767,114,941.9,220.4,959.2,299.2,0.2615
323,10.767,214,592.4,203.8,632.1,361.5,0.7998
324,10.800,127,727.3,185.7,805.2,374.8,0.8635
324,10.800,157,625.8,191.7,688.2,370.2,0.7880
324,10.800,5,60.6,261.1,100.8,373.4,0.6207
324,10.800,199,675.1,186.0,724.1,355.8,0.7217
324,10.800,134,789.6,216.4,844.4,348.6,0.7006
324,10.800,211,711.8,195.7,745.2,347.2,0.3776
324,10.800,111,836.3,198.4,895.1,366.2,0.6252
324,10.800,114,941.9,220.3,959.3,299.0,0.2604
324,10.800,214,591.9,203.4,632.5,362.7,0.8315
325,10.833,127,727.2,185.5,805.1,374.5,0.8587
325,10.833,157,627.4,192.3,688.7,370.2,0.7961
325,10.833,5,60.7,261.6,100.8,373.5,0.6233
325,10.833,199,676.2,186.7,724.6,354.3,0.6963
325,10.833,134,790.1,214.4,845.2,348.8,0.7288
325,10.833,211,712.1,195.9,745.8,347.2,0.3020
325,10.833,111,836.9,197.6,895.6,365.9,0.6969
325,10.833,114,941.2,218.8,958.9,297.8,0.2919
325,10.833,214,591.8,203.5,632.9,362.6,0.8412
326,10.867,127,726.9,185.7,805.0,374.4,0.8514
326,10.867,157,630.3,193.0,690.7,370.1,0.8050
326,10.867,5,60.8,261.3,101.0,373.6,0.5922
326,10.867,199,677.7,187.7,725.9,353.7,0.6998
326,10.867,134,791.1,213.5,845.8,348.7,0.7165
326,10.867,111,836.9,196.2,895.6,365.7,0.6344
326,10.867,214,590.3,202.6,632.3,362.0,0.8224
327,10.900,127,726.1,185.4,804.8,374.4,0.8448
327,10.900,157,633.7,193.5,693.8,369.4,0.7975
327,10.900,5,60.8,261.0,101.1,373.6,0.5983
327,10.900,199,678.4,188.9,726.0,354.0,0.6964
327,10.900,134,791.9,211.7,846.3,348.3,0.6895
327,10.900,111,837.8,196.6,895.6,365.7,0.4749
327,10.900,214,588.8,201.2,632.2,361.3,0.8277
327,10.900,102,841.4,202.1,896.8,334.1,0.6247
328,10.933,127,725.8,185.4,805.0,374.3,0.8134
328,10.933,157,636.4,193.6,696.2,368.0,0.7926
328,10.933,5,61.1,261.4,101.2,373.6,0.6937
328,10.933,199,679.5,189.5,726.6,354.3,0.7358
328,10.933,134,792.9,210.3,846.6,348.7,0.6145
328,10.933,111,842.0,240.9,886.7,365.6,0.4297
328,10.933,214,587.6,200.5,632.6,361.4,0.8094
328,10.933,102,843.8,201.3,897.8,332.1,0.6851
329,10.967,127,725.2,186.2,804.3,374.5,0.8031
329,10.967,157,639.1,194.1,698.2,366.5,0.7935
329,10.967,5,61.2,261.4,101.3,373.8,0.7213
329,10.967,199,680.2,190.0,727.0,355.5,0.7420
329,10.967,134,793.8,209.0,846.8,349.3,0.6375
329,10.967,111,843.0,259.3,882.3,365.4,0.3655
329,10.967,214,587.8,199.7,633.9,361.0,0.8302
329,10.967,102,846.1,201.7,899.5,331.9,0.6980
330,11.000,127,725.1,186.7,803.6,373.9,0.7911
330,11.000,157,641.6,194.3,700.6,366.2,0.7673
330,11.000,5,61.5,261.2,101.5,373.7,0.7309
330,11.000,199,681.9,190.6,727.4,353.7,0.7238
330,11.000,134,794.4,208.3,846.8,349.8,0.5830
330,11.000,111,843.0,264.5,880.9,364.8,0.2851
330,11.000,214,587.7,198.5,635.1,360.7,0.8267
330,11.000,102,847.8,201.2,901.1,330.6,0.6969
330,11.000,196,10.6,251.4,58.1,373.1,0.2524
331,11.033,127,723.8,187.1,801.5,373.1,0.8107
331,11.033,157,644.5,195.5,703.6,366.9,0.7898
331,11.033,5,61.8,261.8,101.6,374.3,0.7188
331,11.033,199,684.0,190.3,728.7,352.1,0.7404
331,11.033,134,796.0,207.4,847.7,350.4,0.6379
331,11.033,111,842.8,265.6,880.1,364.1,0.3211
331,11.033,214,587.6,197.5,636.7,361.6,0.8419
331,11.033,102,850.3,202.5,902.9,329.9,0.6643
332,11.067,127,723.3,187.4,800.2,372.6,0.8118
332,11.067,157,647.0,196.7,706.0,366.9,0.7923
332,11.067,5,62.2,261.7,102.0,374.1,0.7434
332,11.067,199,685.4,189.3,729.8,351.5,0.7539
332,11.067,134,798.4,207.2,848.8,350.2,0.6141
332,11.067,111,842.6,265.2,880.1,363.9,0.3031
332,11.067,214,586.8,196.9,637.1,362.5,0.8380
332,11.067,102,851.0,204.1,902.3,329.3,0.6465
333,11.100,127,723.6,187.8,799.9,372.0,0.8237
333,11.100,157,650.3,196.7,709.7,366.6,0.7892
333,11.100,5,61.8,260.7,101.7,373.6,0.7236
333,11.100,199,686.9,188.9,730.7,351.9,0.7471
333,11.100,134,801.3,206.7,850.8,350.9,0.6264
333,11.100,214,585.8,196.8,636.7,363.0,0.8382
333,11.100,102,853.7,204.1,904.4,329.4,0.6848
333,11.100,196,11.4,250.5,58.3,372.7,0.3236
334,11.133,127,724.9,188.8,800.2,370.6,0.8206
334,11.133,157,652.4,197.2,711.7,366.4,0.7905
334,11.133,5,61.3,261.3,100.8,373.4,0.7124
334,11.133,199,688.1,188.2,731.5,352.2,0.6890
334,11.133,134,803.4,206.1,852.1,351.2,0.6253
334,11.133,214,585.0,196.9,636.9,364.9,0.8337
334,11.133,102,855.3,203.3,905.4,330.2,0.6030
334,11.133,196,12.2,250.9,58.6,372.7,0.3220
335,11.167,127,725.2,189.2,799.8,369.4,0.8094
335,11.167,157,653.2,197.8,712.0,366.1,0.7621
335,11.167,5,61.3,260.5,100.9,373.6,0.6829
335,11.167,199,690.8,190.2,733.4,355.2,0.6309
335,11.167,134,804.4,206.6,851.5,350.8,0.6081
335,11.167,214,584.1,197.2,636.7,365.9,0.8331
335,11.167,102,858.5,203.2,907.8,329.9,0.6711
335,11.167,219,783.7,210.6,818.0,336.8,0.3777
336,11.200,127,725.0,189.6,798.8,367.2,0.8102
336,11.200,157,655.6,198.0,714.1,365.5,0.7438
336,11.200,5,61.3,260.5,100.7,373.5,0.5970
336,11.200,199,693.1,190.0,734.8,355.6,0.4916
336,11.200,134,805.9,208.2,851.1,350.2,0.5180
336,11.200,214,583.5,197.5,636.7,366.7,0.8189
336,11.200,102,861.2,202.8,910.1,329.6,0.7048
336,11.200,219,786.1,209.5,821.9,341.8,0.4028
337,11.233,127,723.5,189.5,797.1,366.4,0.8155
337,11.233,157,658.2,197.7,716.7,365.1,0.7419
337,11.233,5,61.4,261.1,100.6,373.5,0.5722
337,11.233,199,693.7,190.2,734.8,357.0,0.3958
337,11.233,134,807.8,207.4,852.2,349.1,0.5658
337,11.233,214,583.2,197.9,637.0,367.4,0.8203
337,11.233,102,862.9,202.6,911.4,329.7,0.7176
337,11.233,219,788.2,208.7,824.0,341.1,0.4656
338,11.267,127,722.4,190.2,796.2,367.2,0.8332
338,11.267,157,660.6,197.3,718.8,363.8,0.7970
338,11.267,5,61.6,263.6,99.6,372.8,0.5453
338,11.267,134,810.5,206.8,854.3,348.3,0.6263
338,11.267,214,583.7,197.9,638.0,367.5,0.8398
338,11.267,102,865.3,202.0,913.8,329.8,0.7748
338,11.267,219,791.2,208.3,827.0,340.7,0.5173
339,11.300,127,722.3,190.4,796.2,367.2,0.8449
339,11.300,157,663.1,196.2,721.8,363.4,0.8167
339,11.300,5,61.8,263.9,99.6,372.4,0.5177
339,11.300,134,813.9,206.9,857.4,348.4,0.5365
339,11.300,214,583.4,197.1,638.5,367.7,0.8429
339,11.300,102,865.7,201.3,914.1,329.8,0.7420
339,11.300,219,792.8,207.6,828.9,341.2,0.5105
340,11.333,127,722.2,190.0,795.9,366.3,0.8396
340,11.333,157,665.0,195.8,724.0,362.8,0.8491
340,11.333,5,61.8,262.7,100.4,373.3,0.6189
340,11.333,134,817.0,210.2,857.9,345.0,0.4500
340,11.333,214,582.8,196.5,638.6,367.9,0.8326
340,11.333,102,866.7,201.0,914.8,330.1,0.7313
340,11.333,219,794.1,208.3,829.8,340.8,0.5738
341,11.367,127,723.0,190.8,796.6,367.0,0.8219
341,11.367,157,667.4,195.2,726.4,362.3,0.8570
341,11.367,5,61.8,261.4,100.9,373.4,0.6482
341,11.367,134,821.5,212.9,856.3,327.4,0.4086
341,11.367,214,582.2,195.5,638.8,367.8,0.8213
341,11.367,102,868.9,200.7,916.4,328.7,0.7017
341,11.367,196,6.3,251.3,55.2,371.8,0.3089
341,11.367,219,796.4,210.1,831.7,341.4,0.6250
341,11.367,111,831.9,211.6,883.9,361.9,0.2767
342,11.400,127,723.6,190.6,797.1,366.9,0.8159
342,11.400,157,669.6,195.2,728.9,361.9,0.8491
342,11.400,5,61.9,261.4,100.6,372.4,0.6434
342,11.400,134,824.7,213.7,857.3,320.4,0.2575
342,11.400,214,580.3,194.7,637.9,367.7,0.8095
342,11.400,102,871.2,201.7,918.5,328.5,0.6891
342,11.400,196,4.6,251.4,54.1,371.9,0.3319
342,11.400,219,798.6,211.9,832.8,338.7,0.6624
342,11.400,111,829.4,209.7,882.7,362.9,0.4250
343,11.433,127,724.9,190.9,798.1,366.8,0.8257
343,11.433,157,671.1,195.4,730.7,362.2,0.8487
343,11.433,5,62.2,261.5,100.7,371.8,0.6729
343,11.433,214,578.7,193.6,637.4,367.6,0.8037
343,11.433,102,873.2,202.4,919.4,327.0,0.7174
343,11.433,196,4.6,251.4,54.6,372.5,0.3311
343,11.433,219,800.7,212.4,834.8,337.9,0.6712
343,11.433,111,827.2,207.2,879.2,357.8,0.3612
344,11.467,127,726.5,192.1,798.6,365.9,0.8203
344,11.467,157,672.6,196.0,732.0,362.1,0.8577
344,11.467,5,62.2,260.7,100.9,371.5,0.6579
344,11.467,214,578.5,192.9,637.8,368.2,0.8238
344,11.467,102,874.4,203.4,920.2,327.5,0.7397
344,11.467,196,3.6,250.7,54.5,372.5,0.3637
344,11.467,219,804.3,213.3,838.6,337.2,0.6233
344,11.467,111,831.5,207.3,883.3,358.7,0.4993
345,11.500,127,728.0,192.4,799.3,364.4,0.8298
345,11.500,157,674.0,196.0,733.5,362.2,0.8514
345,11.500,5,62.0,260.3,100.8,371.4,0.6437
345,11.500,214,578.2,192.8,637.9,369.0,0.8320
345,11.500,102,877.3,203.6,922.6,327.5,0.6894
345,11.500,196,3.1,250.6,54.6,372.4,0.3341
345,11.500,219,805.0,213.0,839.8,336.6,0.6135
345,11.500,111,833.8,208.7,885.3,361.0,0.3904
346,11.533,127,730.2,195.5,800.0,364.1,0.8328
346,11.533,157,675.7,194.6,735.9,363.7,0.8546
346,11.533,5,61.8,261.4,100.2,371.5,0.6553
346,11.533,214,578.0,193.5,637.8,369.8,0.8447
346,11.533,102,879.1,204.3,924.0,327.1,0.6684
346,11.533,196,6.2,250.6,57.3,371.7,0.3672
346,11.533,219,807.3,212.9,842.5,335.6,0.6337
346,11.533,111,834.0,210.1,884.9,362.4,0.2777
347,11.567,127,731.9,197.0,800.7,363.7,0.8155
347,11.567,157,677.2,193.7,737.4,363.9,0.8632
347,11.567,5,61.8,262.3,99.8,371.6,0.6389
347,11.567,214,576.7,194.8,636.6,370.9,0.8432
347,11.567,102,880.6,204.6,925.4,326.9,0.6632
347,11.567,196,6.7,250.5,57.9,371.6,0.3637
347,11.567,219,807.5,211.6,843.9,336.4,0.6539
347,11.567,111,834.5,206.6,886.0,363.3,0.4782
348,11.600,127,733.4,197.2,801.9,362.6,0.8040
348,11.600,157,679.4,193.1,739.0,362.0,0.8683
348,11.600,5,61.7,262.2,99.9,371.9,0.6026
348,11.600,214,575.8,195.4,635.9,371.8,0.8427
348,11.600,102,881.8,204.7,925.8,325.9,0.6059
348,11.600,196,7.0,249.9,58.5,372.3,0.3250
348,11.600,219,808.4,210.9,845.5,336.2,0.6931
348,11.600,111,835.8,204.0,886.7,361.8,0.5795
349,11.633,127,736.1,197.6,804.0,361.3,0.7771
349,11.633,157,682.3,193.1,741.2,361.1,0.8634
349,11.633,5,61.8,262.7,99.8,372.2,0.6016
349,11.633,214,572.6,195.8,633.6,373.5,0.8417
349,11.633,102,882.0,205.3,925.5,325.8,0.5950
349,11.633,196,7.7,249.7,59.2,373.0,0.4075
349,11.633,219,810.2,210.4,848.1,336.2,0.6654
349,11.633,111,841.9,203.4,888.8,350.1,0.3359
350,11.667,127,737.8,196.8,805.8,360.5,0.7544
350,11.667,157,684.3,194.1,742.3,360.9,0.8295
350,11.667,5,61.8,263.0,99.7,372.2,0.6049
350,11.667,214,569.1,194.2,631.4,374.3,0.8753
350,11.667,102,884.6,204.4,927.8,326.0,0.5738
350,11.667,196,8.3,249.6,59.6,373.2,0.4200
350,11.667,219,812.0,209.2,850.2,334.3,0.6085
350,11.667,111,846.8,202.4,892.4,345.0,0.4096
351,11.700,127,739.5,196.4,807.5,359.6,0.7571
351,11.700,157,687.1,196.1,743.1,358.7,0.8101
351,11.700,5,61.6,263.4,99.2,371.8,0.5584
351,11.700,214,566.5,193.9,629.3,374.0,0.8738
351,11.700,102,886.6,204.3,929.3,325.7,0.4705
351,11.700,196,8.3,249.3,59.4,373.1,0.3224
351,11.700,219,813.5,209.8,852.3,334.8,0.6235
351,11.700,111,848.0,203.2,895.8,353.4,0.5667
352,11.733,127,739.7,196.4,807.3,359.2,0.7707
352,11.733,157,689.7,196.4,744.6,357.0,0.7971
352,11.733,5,61.3,263.0,99.3,372.3,0.5638
352,11.733,214,565.3,192.2,629.1,374.5,0.8738
352,11.733,102,889.4,203.1,931.3,324.0,0.4032
352,11.733,196,8.3,249.1,59.4,373.2,0.3455
352,11.733,219,814.7,210.4,853.6,333.4,0.5865
352,11.733,111,850.6,204.2,900.2,358.0,0.5843
352,11.733,227,776.3,196.1,816.0,343.3,0.3344
353,11.767,127,740.7,196.9,808.0,359.6,0.7435
353,11.767,157,691.1,197.1,745.3,356.0,0.7951
353,11.767,5,61.2,262.6,99.1,371.9,0.5522
353,11.767,214,562.3,190.9,627.5,374.9,0.8456
353,11.767,102,890.8,202.4,932.4,324.0,0.4323
353,11.767,196,8.1,249.1,59.1,373.0,0.2982
353,11.767,219,818.1,211.2,856.9,330.8,0.5628
353,11.767,111,851.9,203.4,902.9,358.5,0.6579
353,11.767,227,776.5,195.5,815.9,341.7,0.3890
354,11.800,127,741.8,198.1,808.6,360.2,0.7711
354,11.800,157,693.3,197.4,747.0,355.3,0.8283
354,11.800,5,61.1,261.9,99.1,371.9,0.5939
354,11.800,214,559.5,188.9,626.1,375.4,0.8495
354,11.800,102,894.6,203.6,934.9,322.9,0.3744
354,11.800,196,8.6,249.2,59.2,372.8,0.2997
354,11.800,219,816.5,211.9,855.5,331.9,0.4838
354,11.800,111,853.4,202.7,905.9,358.4,0.6595
354,11.800,227,778.4,195.2,817.8,341.5,0.4107
355,11.833,127,742.9,199.3,808.8,359.9,0.7645
355,11.833,157,695.6,199.1,748.7,355.1,0.8135
355,11.833,5,60.5,261.0,99.1,372.6,0.6067
355,11.833,214,558.5,187.7,625.9,375.5,0.8416
355,11.833,102,896.1,204.2,936.1,323.0,0.4262
355,11.833,196,8.7,249.3,59.2,372.9,0.3139
355,11.833,219,816.0,213.3,854.9,332.3,0.4562
355,11.833,111,854.5,202.6,908.3,358.6,0.6576
355,11.833,227,780.5,195.4,819.3,339.8,0.4625
356,11.867,127,745.0,200.7,809.9,359.7,0.8258
356,11.867,157,697.8,199.8,750.3,354.4,0.8359
356,11.867,5,60.2,260.3,99.2,373.0,0.6240
356,11.867,214,557.2,186.9,625.1,375.1,0.8587
356,11.867,102,898.0,204.4,937.6,323.1,0.2866
356,11.867,196,9.0,249.1,59.2,372.8,0.2807
356,11.867,219,815.4,214.0,853.4,332.4,0.3712
356,11.867,111,852.0,202.5,908.2,364.4,0.4273
356,11.867,227,782.2,194.7,820.5,338.1,0.3489
357,11.900,127,746.9,201.1,810.9,358.7,0.8116
357,11.900,157,699.5,200.3,751.7,353.8,0.8231
357,11.900,5,60.3,259.6,99.5,372.8,0.6306
357,11.900,214,556.9,186.7,625.3,375.8,0.8645
357,11.900,102,899.1,204.0,938.6,323.5,0.3562
357,11.900,196,9.5,249.1,59.4,372.7,0.3357
357,11.900,219,817.3,215.0,855.4,334.3,0.3124
357,11.900,111,856.1,201.7,912.1,361.9,0.4361
357,11.900,227,784.4,193.3,823.6,339.9,0.3996
358,11.933,127,748.9,202.1,811.7,357.7,0.8150
358,11.933,157,701.3,201.7,752.8,353.6,0.7859
358,11.933,5,60.6,259.6,99.7,372.5,0.6761
358,11.933,214,555.3,186.7,624.4,376.8,0.8550
358,11.933,102,899.6,204.4,938.6,323.9,0.3764
358,11.933,196,9.9,248.9,59.4,372.5,0.3407
358,11.933,219,819.2,214.4,857.2,333.3,0.3436
358,11.933,111,858.5,201.3,913.7,359.7,0.4166
358,11.933,227,784.9,193.3,824.1,340.5,0.3425
358,11.933,233,843.7,269.8,884.6,367.5,0.4194
359,11.967,127,750.2,203.1,812.3,357.2,0.7914
359,11.967,157,704.6,203.9,756.0,353.6,0.7476
359,11.967,5,60.4,260.3,99.6,373.5,0.6814
359,11.967,214,553.8,186.8,624.0,379.2,0.8590
359,11.967,102,900.2,205.1,938.2,323.0,0.3211
359,11.967,196,9.5,248.9,58.9,373.2,0.2688
359,11.967,219,820.7,214.0,858.2,332.1,0.2631
359,11.967,111,861.0,199.2,916.0,358.8,0.5074
359,11.967,227,786.5,194.4,825.7,341.9,0.3219
360,12.000,127,752.5,203.8,813.3,354.9,0.8181
360,12.000,157,708.0,204.6,759.7,353.6,0.7294
360,12.000,5,60.4,260.5,99.7,374.0,0.7120
360,12.000,214,552.8,186.9,623.6,380.3,0.8615
360,12.000,102,900.8,205.4,938.2,323.4,0.3617
360,12.000,111,858.9,197.3,915.0,359.8,0.5607
360,12.000,227,790.6,197.4,829.7,341.9,0.3954
361,12.033,127,756.1,203.6,816.6,353.9,0.7951
361,12.033,157,711.5,205.2,763.4,353.5,0.7401
361,12.033,5,60.3,260.9,99.4,374.2,0.6841
361,12.033,214,553.4,187.3,624.6,381.5,0.8594
361,12.033,102,901.9,205.4,938.7,322.1,0.2725
361,12.033,196,0.8,248.4,80.3,452.0,0.7852
361,12.033,111,862.5,196.9,917.7,357.1,0.4794
361,12.033,219,829.8,211.9,867.3,327.6,0.4515
361,12.033,233,851.7,265.8,893.5,366.2,0.4653
362,12.067,127,757.9,203.2,818.4,353.9,0.7525
362,12.067,157,713.7,205.5,765.6,353.6,0.7003
362,12.067,5,60.7,259.6,100.2,373.1,0.6718
362,12.067,214,553.9,187.5,625.4,382.3,0.8658
362,12.067,196,0.0,178.7,99.3,479.0,0.8219
362,12.067,111,866.7,197.0,921.6,357.9,0.4876
362,12.067,219,830.7,210.9,869.5,330.1,0.4553
362,12.067,233,857.3,262.6,900.0,365.7,0.3920
363,12.100,127,759.3,203.0,819.8,353.7,0.7515
363,12.100,157,714.1,205.2,766.2,353.4,0.6875
363,12.100,5,61.2,257.6,100.7,370.9,0.6487
363,12.100,214,554.1,187.4,625.8,382.4,0.8509
363,12.100,196,0.0,143.6,106.7,491.2,0.7932
363,12.100,111,869.6,196.1,925.3,359.8,0.4650
363,12.100,227,799.2,198.3,837.0,329.1,0.4816
363,12.100,219,832.5,210.2,872.9,333.2,0.4057
364,12.133,127,761.9,202.6,822.1,353.5,0.7675
364,12.133,157,716.2,204.3,768.1,352.1,0.7249
364,12.133,214,553.8,187.0,625.8,382.6,0.8470
364,12.133,102,900.4,202.4,944.4,347.6,0.4195
364,12.133,196,0.0,128.3,109.1,495.6,0.8270
364,12.133,111,865.5,196.1,921.9,363.7,0.5061
364,12.133,227,799.9,198.3,839.4,333.7,0.4598
364,12.133,219,833.4,208.2,874.5,332.8,0.4413
364,12.133,242,7.0,122.4,43.2,459.4,0.8103
365,12.167,127,764.7,202.5,824.6,353.2,0.7873
365,12.167,157,719.2,203.6,771.0,351.4,0.7526
365,12.167,214,551.3,186.3,624.3,382.9,0.8463
365,12.167,102,898.7,200.7,945.5,356.9,0.4264
365,12.167,196,0.0,120.3,108.7,497.2,0.8400
365,12.167,111,869.8,196.0,926.7,365.3,0.3505
365,12.167,227,800.6,197.9,840.7,334.9,0.5207
365,12.167,219,835.6,211.4,875.3,331.3,0.3976
365,12.167,233,857.3,207.0,920.9,365.9,0.4533
366,12.200,127,768.8,202.9,828.7,353.0,0.7967
366,12.200,157,722.1,202.9,773.6,350.0,0.7919
366,12.200,214,550.0,184.5,624.3,383.2,0.8557
366,12.200,102,897.7,198.8,947.2,362.7,0.4859
366,12.200,196,0.0,115.6,107.8,498.2,0.8655
366,12.200,111,875.2,195.3,935.0,366.7,0.4231
366,12.200,227,803.1,198.4,842.5,332.9,0.4703
366,12.200,219,835.6,211.0,875.3,329.7,0.4730
366,12.200,233,859.0,198.9,925.2,366.4,0.4542
367,12.233,127,772.0,203.7,831.9,352.9,0.8286
367,12.233,157,724.9,202.1,776.4,349.4,0.7934
367,12.233,214,547.6,183.2,623.3,384.6,0.8683
367,12.233,102,901.3,198.8,951.6,365.2,0.4359
367,12.233,196,0.0,115.1,109.2,496.7,0.8696
367,12.233,111,880.1,195.8,941.1,366.4,0.3145
367,12.233,227,804.7,197.1,845.1,335.6,0.4036
367,12.233,219,836.0,209.5,875.9,330.7,0.3778
367,12.233,233,868.0,235.6,921.8,368.2,0.5020
368,12.267,127,774.1,205.3,833.7,352.8,0.8303
368,12.267,157,727.7,201.9,779.3,349.1,0.7979
368,12.267,214,546.7,181.5,623.6,385.6,0.8878
368,12.267,102,903.0,199.3,953.2,363.8,0.4504
368,12.267,196,0.0,115.9,116.7,496.2,0.8817
368,12.267,227,806.8,195.4,846.4,331.5,0.3492
368,12.267,219,837.0,210.8,874.9,328.5,0.3905
368,12.267,233,873.5,253.9,921.9,369.3,0.5424
368,12.267,244,714.2,197.7,741.9,338.1,0.3774
369,12.300,127,776.8,206.2,836.1,352.1,0.7910
369,12.300,157,730.5,202.7,782.0,348.8,0.7946
369,12.300,214,545.4,179.3,623.6,386.7,0.8994
369,12.300,102,905.8,198.0,956.0,363.6,0.5072
369,12.300,196,7.7,117.8,126.0,494.6,0.8305
369,12.300,227,808.6,195.0,847.6,330.6,0.3479
369,12.300,219,840.7,212.0,878.0,328.2,0.5509
369,12.300,233,877.1,259.8,924.1,369.1,0.4830
369,12.300,244,717.7,198.9,745.0,337.6,0.4017
370,12.333,127,778.4,206.3,837.6,351.8,0.8358
370,12.333,157,731.3,203.2,783.3,348.6,0.7705
370,12.333,214,544.2,178.3,623.3,387.6,0.9007
370,12.333,196,14.3,120.3,131.6,494.0,0.6461
370,12.333,111,891.2,196.4,954.3,363.1,0.5244
370,12.333,219,842.6,212.8,879.7,328.4,0.5372
370,12.333,244,719.7,199.1,746.5,334.6,0.3544
371,12.367,127,781.2,205.3,840.3,351.2,0.8313
371,12.367,157,732.4,204.1,785.0,348.4,0.7747
371,12.367,214,542.0,178.4,621.6,388.7,0.9127
371,12.367,102,911.1,199.5,960.0,364.8,0.2683
371,12.367,196,42.0,125.6,164.9,491.8,0.8375
371,12.367,111,890.0,195.9,954.4,363.2,0.3908
371,12.367,227,818.4,201.0,849.3,307.9,0.3260
371,12.367,219,844.0,212.8,881.2,329.4,0.5032
371,12.367,233,888.6,262.0,935.4,366.7,0.3139
371,12.367,244,723.6,199.2,747.7,319.7,0.3542
372,12.400,127,784.6,204.7,843.3,350.2,0.8124
372,12.400,157,733.2,205.5,786.2,348.1,0.8159
372,12.400,214,540.1,178.8,619.9,389.1,0.9081
372,12.400,102,911.4,198.8,960.0,364.3,0.2872
372,12.400,196,55.4,128.2,184.6,488.5,0.8997
372,12.400,111,892.0,196.1,956.8,363.2,0.2954
372,12.400,227,820.4,198.2,851.2,304.0,0.2643
372,12.400,219,845.4,213.5,882.5,330.0,0.4928
372,12.400,233,894.3,261.4,940.9,367.3,0.4123
373,12.433,127,787.2,204.3,845.5,350.1,0.7800
373,12.433,157,734.5,206.3,787.8,347.4,0.8378
373,12.433,214,538.7,179.4,618.5,390.2,0.9009
373,12.433,102,911.4,198.1,960.0,365.2,0.3202
373,12.433,196,59.7,131.3,194.7,485.7,0.8725
373,12.433,219,845.9,214.6,882.8,330.6,0.4919
373,12.433,233,897.5,261.7,944.9,369.0,0.5190
374,12.467,127,790.3,201.2,849.2,348.9,0.7583
374,12.467,157,735.6,207.2,789.2,346.7,0.8443
374,12.467,214,536.4,180.3,616.2,392.2,0.8840
374,12.467,196,62.8,132.3,203.8,483.5,0.8753
374,12.467,219,845.8,213.5,883.1,331.6,0.4871
374,12.467,233,902.3,262.6,949.3,368.7,0.5729
375,12.500,127,793.4,202.1,851.6,348.4,0.7503
375,12.500,157,737.4,208.1,791.3,346.3,0.7831
375,12.500,214,534.2,180.1,613.9,393.1,0.8723
375,12.500,196,68.8,134.4,214.2,482.1,0.8683
375,12.500,219,847.3,211.2,885.4,332.2,0.5247
375,12.500,233,905.7,263.0,952.9,369.0,0.5402
375,12.500,5,58.0,249.2,98.3,367.9,0.3801
376,12.533,127,795.3,202.3,853.2,348.3,0.7521
376,12.533,157,739.7,207.8,794.0,345.3,0.7365
376,12.533,214,529.9,177.5,610.9,394.0,0.8768
376,12.533,196,79.1,135.0,225.5,478.9,0.8691
376,12.533,233,910.4,263.9,958.0,370.2,0.4537
376,12.533,254,884.8,223.2,915.9,318.3,0.4433
376,12.533,5,56.5,253.9,96.2,371.0,0.4372
377,12.567,127,797.2,202.4,855.3,348.2,0.7423
377,12.567,157,741.7,207.8,795.9,344.3,0.7173
377,12.567,214,527.3,176.2,609.1,394.7,0.8787
377,12.567,196,88.9,136.4,232.8,470.9,0.8632
377,12.567,219,852.2,210.4,888.8,327.2,0.4274
377,12.567,233,911.8,260.9,960.0,371.3,0.4546
377,12.567,254,886.8,223.0,917.6,316.9,0.3323
377,12.567,5,55.9,255.6,95.8,372.8,0.5174
377,12.567,111,907.7,192.5,957.7,321.0,0.3994
378,12.600,127,798.5,203.2,856.2,348.1,0.7650
378,12.600,157,744.0,207.3,797.9,344.0,0.7023
378,12.600,214,524.6,175.3,606.9,395.1,0.8811
378,12.600,196,100.8,136.6,241.0,463.9,0.8493
378,12.600,219,853.8,212.0,890.2,329.3,0.5077
378,12.600,233,914.9,260.7,960.0,371.9,0.3583
378,12.600,254,887.3,223.6,918.7,319.4,0.4007
378,12.600,5,57.3,256.7,96.7,372.7,0.5246
378,12.600,259,710.3,199.5,763.5,341.5,0.5244
378,12.600,111,910.3,192.6,958.7,316.9,0.5072
379,12.633,127,801.5,204.5,858.3,347.2,0.8047
379,12.633,157,745.2,206.8,798.4,343.7,0.7390
379,12.633,214,521.0,174.4,603.8,394.9,0.8800
379,12.633,196,119.0,137.5,253.5,458.1,0.8683
379,12.633,219,858.8,212.6,895.1,329.2,0.4142
379,12.633,254,888.8,224.4,920.1,319.8,0.5030
379,12.633,5,58.5,257.2,97.4,372.4,0.5759
379,12.633,259,710.7,200.3,763.5,340.9,0.4983
379,12.633,111,911.3,196.8,956.5,314.9,0.5547
380,12.667,127,803.7,205.0,860.3,346.8,0.8029
380,12.667,157,745.5,206.5,798.0,343.5,0.7638
380,12.667,214,518.7,173.0,602.0,394.3,0.8792
380,12.667,196,137.5,136.9,266.5,455.6,0.8927
380,12.667,219,864.2,217.8,897.5,324.0,0.4278
380,12.667,254,889.8,224.9,921.3,320.2,0.5424
380,12.667,5,58.9,256.9,98.0,372.1,0.5782
380,12.667,259,721.3,200.1,773.1,339.4,0.4208
380,12.667,111,913.1,192.6,959.3,314.1,0.5477
380,12.667,263,835.3,199.2,869.1,324.8,0.3850
380,12.667,264,1.1,250.1,59.2,377.5,0.3763
381,12.700,127,806.1,205.3,862.9,347.9,0.7774
381,12.700,157,746.9,206.4,798.3,343.2,0.7427
381,12.700,214,516.0,172.3,599.9,395.5,0.8833
381,12.700,196,151.9,137.6,276.2,455.7,0.8902
381,12.700,254,889.5,225.3,920.4,319.3,0.4968
381,12.700,5,58.9,255.8,98.3,372.3,0.4928
381,12.700,259,725.3,201.1,775.4,337.5,0.4485
381,12.700,111,914.8,191.2,960.0,313.8,0.5179
381,12.700,263,838.3,198.8,871.6,321.8,0.4373
381,12.700,264,4.1,250.7,61.9,378.1,0.2939
381,12.700,265,843.4,205.9,875.0,335.0,0.3424
382,12.733,127,808.2,206.1,864.6,347.6,0.8109
382,12.733,157,747.9,206.5,798.7,342.8,0.7388
382,12.733,214,512.1,171.7,596.6,396.1,0.8856
382,12.733,196,164.5,138.3,285.5,456.1,0.8963
382,12.733,254,889.6,225.6,920.8,320.1,0.4704
382,12.733,5,59.0,256.3,98.1,372.2,0.4429
382,12.733,259,727.6,199.2,777.2,336.4,0.3926
382,12.733,111,910.7,190.6,960.0,351.4,0.6718
382,12.733,263,839.0,199.0,874.0,327.7,0.3068
383,12.767,127,809.7,206.6,865.6,346.2,0.8035
383,12.767,157,748.7,206.8,799.0,342.8,0.7201
383,12.767,214,509.9,171.4,595.7,398.9,0.8485
383,12.767,196,177.7,140.0,296.2,454.7,0.8717
383,12.767,254,891.4,225.8,922.3,319.2,0.4893
383,12.767,5,57.3,257.3,96.1,372.3,0.2898
383,12.767,259,731.3,200.2,780.6,339.2,0.4458
383,12.767,111,911.0,189.9,960.0,364.4,0.7656
383,12.767,263,839.6,198.1,876.7,334.5,0.2671
384,12.800,127,811.7,204.9,867.7,344.2,0.7976
384,12.800,157,750.8,207.3,801.1,342.6,0.7896
384,12.800,214,508.4,171.3,595.4,401.6,0.8476
384,12.800,196,190.8,143.8,308.3,452.7,0.8725
384,12.800,219,865.5,215.1,903.2,325.3,0.3602
384,12.800,254,892.2,225.9,923.2,319.8,0.6634
384,12.800,5,57.2,257.1,96.3,372.6,0.3290
384,12.800,259,733.8,200.5,782.6,340.2,0.4681
384,12.800,111,912.3,188.8,960.0,368.2,0.7525
384,12.800,263,842.1,198.0,878.7,331.6,0.2501
384,12.800,269,742.0,201.3,791.1,342.0,0.3786
385,12.833,127,813.1,205.2,869.1,344.3,0.8073
385,12.833,157,751.2,207.3,801.7,342.5,0.7756
385,12.833,214,506.5,171.5,594.6,403.3,0.8571
385,12.833,196,197.4,147.7,314.8,451.6,0.8760
385,12.833,219,864.8,215.1,903.1,326.3,0.4200
385,12.833,254,893.4,225.3,924.6,320.0,0.5787
385,12.833,5,56.6,256.8,95.8,372.6,0.4024
385,12.833,259,736.6,201.6,784.3,340.5,0.3586
385,12.833,111,914.4,187.9,960.0,370.2,0.7430
385,12.833,263,844.0,197.9,880.5,330.9,0.3677
385,12.833,264,2.8,248.3,61.2,378.8,0.3066
386,12.867,127,814.5,205.3,870.4,344.4,0.7865
386,12.867,157,752.6,208.6,802.5,342.1,0.7916
386,12.867,214,503.5,170.9,593.1,404.6,0.8484
386,12.867,196,203.5,150.7,321.9,450.0,0.8696
386,12.867,219,863.1,208.6,903.9,326.6,0.2818
386,12.867,254,894.5,223.9,925.9,318.8,0.5328
386,12.867,5,56.8,257.7,95.5,372.7,0.4927
386,12.867,259,740.3,203.7,786.5,341.0,0.2976
386,12.867,111,917.9,187.5,960.0,369.2,0.7253
386,12.867,263,846.2,198.3,882.2,329.2,0.3253
386,12.867,272,845.7,201.1,898.9,332.4,0.3575
386,12.867,264,4.4,248.1,60.8,375.1,0.2719
387,12.900,127,816.2,204.9,872.1,344.2,0.7607
387,12.900,157,753.8,209.5,803.3,342.0,0.7928
387,12.900,214,503.6,171.5,594.2,406.1,0.8428
387,12.900,196,206.4,152.4,326.7,449.5,0.8842
387,12.900,219,863.8,204.5,905.9,326.5,0.3179
387,12.900,254,895.8,223.6,927.2,318.0,0.4689
387,12.900,5,57.0,258.3,95.2,372.7,0.4924
387,12.900,111,923.9,187.1,960.0,346.3,0.6160
387,12.900,263,849.0,198.3,882.9,320.6,0.2612
387,12.900,272,849.0,200.7,900.8,328.3,0.3559
388,12.933,127,817.8,204.4,873.8,344.0,0.7449
388,12.933,157,754.0,208.8,803.6,341.8,0.7918
388,12.933,214,500.8,170.7,593.4,408.7,0.8547
388,12.933,196,208.9,154.5,330.6,448.8,0.9059
388,12.933,219,867.0,204.7,909.5,329.8,0.3338
388,12.933,254,898.5,223.9,930.0,317.5,0.4262
388,12.933,5,58.2,258.6,95.5,371.6,0.4131
388,12.933,111,928.9,187.3,960.0,328.9,0.5616
388,12.933,272,852.1,202.5,903.4,328.7,0.2860
389,12.967,127,821.3,205.8,876.8,343.5,0.7168
389,12.967,157,754.7,208.9,804.3,340.9,0.7715
389,12.967,214,494.4,169.7,588.9,410.9,0.8798
389,12.967,196,216.6,153.8,338.3,447.4,0.8745
389,12.967,219,873.3,213.3,910.9,324.3,0.3412
389,12.967,254,901.2,225.2,932.9,317.9,0.4237
389,12.967,5,59.2,260.6,95.7,372.2,0.4612
389,12.967,263,849.3,199.8,887.2,338.3,0.2854
390,13.000,127,823.6,206.1,879.5,343.5,0.7363
390,13.000,157,757.3,208.1,807.0,340.2,0.7922
390,13.000,214,492.9,168.3,588.1,411.4,0.8763
390,13.000,196,225.0,153.5,344.7,443.7,0.8436
390,13.000,219,877.1,216.1,912.4,321.6,0.4188
390,13.000,254,903.0,225.8,934.9,318.2,0.3793
390,13.000,5,59.1,258.8,96.1,372.6,0.4977
390,13.000,263,850.9,201.1,889.0,340.1,0.3671
390,13.000,264,7.8,250.0,61.2,373.5,0.2643
390,13.000,275,940.6,191.8,959.7,316.4,0.3598
391,13.033,127,826.7,206.5,882.6,342.9,0.7930
391,13.033,157,761.6,207.1,811.6,340.2,0.8052
391,13.033,214,492.4,166.2,588.2,411.8,0.8814
391,13.033,196,237.4,153.9,351.6,435.5,0.8456
391,13.033,219,879.3,216.3,914.0,321.6,0.5169
391,13.033,254,903.3,226.2,935.1,317.8,0.5082
391,13.033,5,59.2,258.8,96.1,372.6,0.4396
391,13.033,263,854.5,201.8,891.0,335.8,0.3769
391,13.033,277,582.7,228.5,614.3,323.3,0.4595
392,13.067,127,828.4,207.2,884.0,342.4,0.8074
392,13.067,157,764.3,206.0,814.5,339.9,0.8235
392,13.067,214,492.6,164.1,588.3,412.0,0.8663
392,13.067,196,249.6,152.4,358.6,429.4,0.8662
392,13.067,254,904.0,226.8,935.7,317.4,0.5405
392,13.067,5,59.3,259.2,95.7,372.4,0.4494
392,13.067,263,856.1,202.2,891.8,334.7,0.3571
392,13.067,277,584.5,227.8,616.4,323.2,0.2866
392,13.067,265,882.6,215.2,909.9,324.0,0.5781
393,13.100,127,829.9,207.2,885.8,342.5,0.8001
393,13.100,157,767.9,204.9,818.9,339.6,0.8243
393,13.100,214,490.9,162.4,586.1,411.2,0.8711
393,13.100,196,260.7,151.9,366.6,429.4,0.8557
393,13.100,254,904.3,226.6,936.3,317.8,0.5054
393,13.100,5,59.3,259.5,95.4,372.4,0.4621
393,13.100,263,857.4,201.5,892.9,334.3,0.3375
393,13.100,277,589.4,226.9,621.4,322.5,0.4879
393,13.100,265,884.2,214.7,911.7,323.4,0.5675
394,13.133,127,831.9,206.5,887.8,342.4,0.8117
394,13.133,157,770.8,205.2,821.6,339.2,0.8342
394,13.133,214,489.0,161.2,583.6,410.5,0.8706
394,13.133,196,271.5,151.7,373.7,427.7,0.8503
394,13.133,254,906.0,227.2,937.7,318.0,0.5062
394,13.133,5,59.5,259.4,95.9,372.5,0.4925
394,13.133,264,8.5,249.7,59.9,372.8,0.2559
394,13.133,277,593.0,226.6,625.2,322.9,0.6138
394,13.133,265,885.0,213.8,912.4,322.3,0.5056
395,13.167,127,834.6,207.5,889.9,342.1,0.8330
395,13.167,157,773.1,205.1,824.2,339.0,0.8482
395,13.167,214,486.2,161.0,580.2,410.4,0.8561
395,13.167,196,279.1,153.7,378.9,428.1,0.8239
395,13.167,254,906.4,227.6,937.7,317.2,0.5586
395,13.167,5,59.5,259.3,96.3,372.8,0.4621
395,13.167,264,9.1,250.4,60.1,373.2,0.2507
395,13.167,277,595.5,228.2,627.4,322.8,0.6363
395,13.167,265,885.6,215.2,912.3,320.6,0.3537
396,13.200,127,837.4,207.0,892.6,341.0,0.8365
396,13.200,157,775.7,207.2,826.3,339.3,0.8519
396,13.200,214,477.1,160.8,571.6,411.7,0.8616
396,13.200,196,288.5,155.6,386.4,427.5,0.6916
396,13.200,254,907.1,225.6,939.5,317.8,0.6042
396,13.200,5,60.2,259.4,97.4,373.3,0.4494
396,13.200,272,866.7,202.2,912.1,322.6,0.4319
396,13.200,277,597.7,227.8,630.1,323.2,0.7094
397,13.233,127,840.1,206.8,895.1,340.1,0.8176
397,13.233,157,776.8,204.5,828.8,339.2,0.8521
397,13.233,214,469.0,161.6,564.9,414.2,0.8648
397,13.233,196,302.2,158.5,399.2,424.5,0.7438
397,13.233,254,907.1,223.6,940.5,318.7,0.5567
397,13.233,5,60.7,260.6,97.0,371.9,0.4314
397,13.233,272,867.3,200.8,913.3,325.1,0.4364
397,13.233,277,599.2,228.8,631.6,323.1,0.7627
397,13.233,265,884.7,214.7,912.3,325.6,0.3004
398,13.267,127,841.1,206.0,896.4,339.9,0.8356
398,13.267,157,777.8,203.3,830.7,339.4,0.8490
398,13.267,214,463.1,161.6,560.6,416.3,0.8748
398,13.267,196,312.2,160.9,410.9,424.1,0.7840
398,13.267,254,907.8,224.2,941.2,319.6,0.4807
398,13.267,5,61.0,261.5,96.6,371.2,0.4414
398,13.267,272,870.6,202.7,915.8,326.4,0.4560
398,13.267,277,600.3,228.4,633.5,323.1,0.7512
398,13.267,265,885.1,215.9,913.1,328.9,0.3594
399,13.300,127,842.9,205.1,898.5,339.4,0.7761
399,13.300,157,779.4,202.8,832.6,339.4,0.8522
399,13.300,214,459.5,162.7,557.7,417.8,0.8900
399,13.300,196,317.2,163.1,417.5,423.3,0.8435
399,13.300,254,906.7,223.5,941.2,320.4,0.4764
399,13.300,5,59.9,259.8,96.5,372.4,0.4181
399,13.300,272,871.8,202.5,916.7,327.4,0.4529
399,13.300,277,601.2,228.0,634.9,323.1,0.7469
400,13.333,127,844.1,204.8,900.0,339.2,0.7748
400,13.333,157,780.9,203.3,833.8,338.3,0.8619
400,13.333,214,456.9,163.0,555.9,418.6,0.9033
400,13.333,196,318.4,165.7,420.0,422.5,0.8521
400,13.333,254,910.6,222.1,944.8,318.5,0.5229
400,13.333,5,59.4,259.0,96.4,373.0,0.4165
400,13.333,272,873.9,200.5,919.3,328.8,0.4643
400,13.333,277,601.9,227.1,636.2,322.8,0.7453
401,13.367,127,845.1,205.8,900.8,339.1,0.7787
401,13.367,157,782.1,204.0,834.0,336.4,0.8513
401,13.367,214,454.2,161.8,554.7,420.4,0.8933
401,13.367,196,318.7,166.3,421.7,423.2,0.8374
401,13.367,254,911.9,222.2,945.9,317.7,0.6426
401,13.367,5,59.4,258.2,96.7,373.1,0.4350
401,13.367,272,877.2,201.2,922.0,328.2,0.4439
401,13.367,277,603.1,226.5,637.7,322.5,0.6527
401,13.367,284,945.8,222.4,959.5,292.8,0.3743
402,13.400,127,845.5,205.8,902.0,340.1,0.7911
402,13.400,157,783.2,205.2,834.4,335.8,0.8406
402,13.400,214,451.6,161.1,552.7,420.8,0.8768
402,13.400,196,320.7,166.7,423.8,422.2,0.8006
402,13.400,254,912.5,224.7,945.6,317.2,0.6420
402,13.400,5,59.9,258.4,97.0,372.8,0.4483
402,13.400,272,880.0,204.7,923.0,328.1,0.3874
402,13.400,277,604.5,225.5,639.3,322.1,0.6044
402,13.400,284,945.8,222.5,959.4,292.2,0.3282
403,13.433,127,846.5,205.9,903.6,340.1,0.7922
403,13.433,157,784.1,206.3,835.0,335.7,0.8294
403,13.433,214,446.9,159.4,548.5,420.4,0.8695
403,13.433,196,326.2,166.4,428.6,419.3,0.8254
403,13.433,254,912.8,225.9,945.6,317.2,0.6297
403,13.433,5,60.6,260.0,96.7,371.5,0.4608
403,13.433,272,882.3,211.4,922.9,328.5,0.3680
403,13.433,277,606.1,224.3,640.7,321.8,0.6114
403,13.433,284,945.9,222.8,959.5,292.8,0.3305
403,13.433,227,886.9,201.6,907.7,261.3,0.3989
404,13.467,127,848.5,205.6,906.1,340.2,0.7688
404,13.467,157,785.5,205.8,836.3,335.8,0.8206
404,13.467,214,443.1,155.8,544.8,420.7,0.8755
404,13.467,196,336.1,165.5,435.9,414.4,0.8669
404,13.467,5,61.0,260.5,96.8,371.1,0.4709
404,13.467,272,883.9,209.5,924.6,329.1,0.4246
404,13.467,277,608.4,224.2,642.3,321.5,0.4753
404,13.467,284,946.4,222.6,959.9,291.8,0.2764
405,13.500,127,850.6,205.4,908.5,339.9,0.7694
405,13.500,214,439.2,153.7,540.5,421.2,0.8657
405,13.500,196,344.9,164.3,442.0,411.1,0.8455
405,13.500,5,61.0,260.5,96.7,370.7,0.4698
405,13.500,272,883.6,203.8,925.5,327.4,0.5582
405,13.500,264,9.6,249.6,58.3,373.2,0.2570
405,13.500,277,610.1,224.9,643.1,321.1,0.5730
405,13.500,259,791.0,206.2,834.1,335.8,0.8051
405,13.500,219,916.7,227.0,945.7,315.6,0.6262
405,13.500,265,892.6,212.0,922.1,329.5,0.4720
406,13.533,127,852.2,205.5,909.6,338.7,0.7688
406,13.533,214,435.0,151.5,536.0,421.5,0.8691
406,13.533,196,356.2,164.4,449.1,409.1,0.7601
406,13.533,5,60.8,260.5,96.5,370.7,0.4658
406,13.533,272,884.5,201.1,927.0,326.6,0.5956
406,13.533,264,10.7,250.2,59.1,373.9,0.2629
406,13.533,277,612.1,224.8,644.8,321.4,0.7289
406,13.533,259,795.8,208.4,838.9,334.9,0.8071
406,13.533,219,919.2,226.1,947.6,312.9,0.6477
406,13.533,265,895.6,212.8,924.8,329.1,0.4679
407,13.567,127,854.5,205.6,911.2,337.2,0.7716
407,13.567,214,431.8,150.4,533.2,425.1,0.8505
407,13.567,196,365.4,163.8,456.3,412.2,0.7189
407,13.567,5,59.7,258.8,96.6,372.2,0.4915
407,13.567,272,884.8,200.2,928.2,329.0,0.3773
407,13.567,264,11.2,250.1,59.3,374.1,0.2860
407,13.567,277,614.3,225.5,646.8,321.7,0.7851
407,13.567,259,799.1,209.2,842.7,334.5,0.7896
407,13.567,219,920.7,225.4,949.1,313.0,0.5972
407,13.567,265,899.1,219.7,927.1,329.2,0.4516
408,13.600,127,856.9,205.2,913.3,335.8,0.7875
408,13.600,214,427.5,149.3,529.0,427.0,0.8609
408,13.600,196,371.2,164.7,459.0,412.5,0.6447
408,13.600,5,59.1,259.9,96.0,372.7,0.4688
408,13.600,272,886.0,199.4,929.4,328.4,0.2810
408,13.600,264,11.6,252.2,58.8,374.2,0.3413
408,13.600,277,615.6,226.9,647.7,321.6,0.7843
408,13.600,259,802.0,208.6,846.8,334.2,0.8116
408,13.600,219,921.8,225.2,950.3,313.4,0.5593
408,13.600,265,899.8,219.1,928.3,329.4,0.2946
409,13.633,127,857.9,205.0,914.1,335.2,0.7999
409,13.633,214,423.6,149.1,526.0,432.1,0.8960
409,13.633,196,378.0,165.0,462.2,410.1,0.6196
409,13.633,5,58.8,260.2,95.8,372.8,0.4686
409,13.633,272,889.8,198.8,932.5,326.8,0.4322
409,13.633,264,11.4,252.2,58.5,374.4,0.2977
409,13.633,277,616.7,228.0,648.7,321.5,0.7499
409,13.633,259,804.2,210.8,849.5,334.4,0.8082
409,13.633,219,923.4,224.7,952.0,313.9,0.4170
410,13.667,127,858.6,205.6,914.6,335.3,0.8097
410,13.667,214,420.3,148.3,521.8,430.5,0.8785
410,13.667,196,379.2,166.5,459.5,409.6,0.6943
410,13.667,5,58.9,259.6,96.2,372.7,0.4994
410,13.667,272,892.0,198.6,934.2,325.6,0.5812
410,13.667,264,10.7,250.4,58.4,374.7,0.4089
410,13.667,277,618.3,228.2,650.8,321.8,0.7437
410,13.667,259,805.0,211.2,851.1,334.5,0.8318
410,13.667,219,923.9,224.4,952.8,314.8,0.2633
411,13.700,127,859.7,206.5,915.4,335.9,0.8090
411,13.700,214,413.8,150.0,516.1,434.6,0.8290
411,13.700,196,380.5,168.8,458.3,410.5,0.6818
411,13.700,5,59.1,259.8,96.5,372.6,0.5163
411,13.700,272,893.9,199.5,936.3,327.0,0.6349
411,13.700,264,10.9,249.0,58.5,373.9,0.4295
411,13.700,277,620.9,227.9,654.5,322.3,0.7395
411,13.700,259,805.9,211.1,852.6,334.3,0.8450
412,13.733,127,861.5,206.4,917.3,336.2,0.7854
412,13.733,214,406.9,150.4,511.1,439.1,0.8518
412,13.733,5,59.2,260.0,96.5,372.4,0.5229
412,13.733,272,895.3,200.5,937.6,327.6,0.5263
412,13.733,264,10.2,249.2,57.8,374.0,0.4150
412,13.733,277,623.6,228.7,658.1,322.3,0.7521
412,13.733,259,807.3,211.1,854.1,334.2,0.8248
413,13.767,127,863.5,206.0,919.1,335.9,0.7730
413,13.767,214,400.8,149.6,506.8,441.0,0.8462
413,13.767,5,59.4,260.2,96.6,372.3,0.5269
413,13.767,272,901.6,201.3,944.1,323.9,0.5760
413,13.767,264,12.2,252.3,58.6,375.1,0.4431
413,13.767,277,625.3,228.8,661.0,322.3,0.7508
413,13.767,259,809.2,211.0,855.9,334.0,0.8400
414,13.800,127,866.0,206.5,921.5,335.8,0.7723
414,13.800,214,393.9,148.3,502.0,442.9,0.8840
414,13.800,5,59.2,260.4,96.4,372.2,0.4855
414,13.800,272,906.5,203.3,949.6,322.6,0.5360
414,13.800,264,13.6,252.9,59.4,375.3,0.4633
414,13.800,277,627.8,228.4,664.7,322.2,0.6909
414,13.800,259,813.1,210.1,860.2,335.3,0.7986
414,13.800,265,903.2,204.0,935.2,322.3,0.4347
415,13.833,127,867.5,207.4,922.6,335.7,0.8067
415,13.833,214,386.4,147.0,496.7,444.1,0.8983
415,13.833,5,59.6,260.8,96.2,370.8,0.4757
415,13.833,272,907.9,203.8,951.5,321.8,0.5919
415,13.833,264,14.8,252.9,60.0,375.2,0.4488
415,13.833,277,627.6,220.3,668.1,322.1,0.6368
415,13.833,259,816.8,209.4,863.4,334.2,0.7523
416,13.867,127,869.4,208.7,923.7,335.4,0.8046
416,13.867,214,380.5,145.3,492.4,443.9,0.8949
416,13.867,5,60.7,258.2,99.0,372.0,0.5653
416,13.867,264,15.6,253.8,60.1,375.3,0.4708
416,13.867,277,629.1,221.3,670.0,322.1,0.7044
416,13.867,259,821.8,209.9,867.9,332.6,0.7878
416,13.867,265,907.2,203.2,940.5,320.8,0.5474
417,13.900,127,871.2,208.8,925.3,335.3,0.8091
417,13.900,214,379.3,142.3,493.4,444.4,0.8794
417,13.900,5,60.1,258.0,98.7,372.4,0.5443
417,13.900,264,16.1,255.3,59.7,375.3,0.4233
417,13.900,277,629.6,221.2,671.2,322.3,0.7024
417,13.900,259,823.6,210.1,869.8,332.0,0.7987
417,13.900,265,909.6,204.0,944.6,323.0,0.5384
418,13.933,127,872.9,209.0,926.8,335.2,0.7764
418,13.933,214,380.1,140.3,495.6,444.3,0.8828
418,13.933,5,60.1,257.7,99.0,372.6,0.5751
418,13.933,264,15.2,254.2,59.0,375.1,0.3804
418,13.933,277,630.4,220.9,672.6,322.5,0.6634
418,13.933,259,824.7,209.6,871.4,331.4,0.7991
418,13.933,265,910.0,203.6,946.6,325.0,0.5296
419,13.967,127,875.4,208.7,928.9,334.5,0.8376
419,13.967,214,370.4,137.9,486.0,445.7,0.8330
419,13.967,5,58.8,257.5,97.6,372.7,0.5165
419,13.967,264,14.1,251.0,58.7,374.6,0.2749
419,13.967,277,634.5,222.5,675.3,322.3,0.5786
419,13.967,259,826.4,209.2,873.6,330.8,0.8044
419,13.967,265,913.3,202.2,950.8,322.9,0.5066
419,13.967,298,457.8,170.7,507.9,390.4,0.7117
420,14.000,127,877.8,208.7,931.2,333.9,0.8331
420,14.000,214,363.5,137.0,479.1,446.3,0.8745
420,14.000,5,58.6,257.7,97.0,372.6,0.4480
420,14.000,277,636.8,220.8,677.5,322.1,0.6226
420,14.000,259,827.3,210.9,874.3,330.7,0.8454
420,14.000,265,915.6,201.7,952.2,315.8,0.5289
420,14.000,298,459.3,170.7,509.6,391.3,0.7236
421,14.033,127,880.4,208.5,933.9,333.7,0.8358
421,14.033,214,352.3,135.9,468.8,447.0,0.9059
421,14.033,5,58.1,257.7,96.4,372.4,0.4670
421,14.033,277,640.6,220.5,680.1,321.6,0.6578
421,14.033,259,829.8,213.2,876.3,331.2,0.8382
421,14.033,265,917.8,201.7,954.3,312.5,0.4671
421,14.033,298,462.9,172.4,513.3,391.4,0.7627
422,14.067,127,881.9,208.1,935.6,333.5,0.8305
422,14.067,214,341.5,136.2,460.5,449.7,0.8986
422,14.067,5,56.9,256.3,95.7,372.2,0.4376
422,14.067,277,643.5,222.7,681.4,321.9,0.6763
422,14.067,259,832.0,213.9,878.4,331.1,0.8134
422,14.067,265,918.6,201.1,957.0,316.2,0.4405
422,14.067,298,467.1,174.6,517.8,391.2,0.8017
423,14.100,127,883.2,207.8,936.7,332.2,0.7966
423,14.100,214,333.3,136.4,455.5,453.3,0.8936
423,14.100,5,54.3,241.1,97.5,372.1,0.4225
423,14.100,277,645.7,224.6,682.3,322.4,0.6496
423,14.100,259,833.8,214.1,880.2,331.1,0.8023
423,14.100,265,918.6,200.2,958.4,319.0,0.4708
423,14.100,298,473.6,175.3,525.1,389.5,0.7754
424,14.133,127,884.1,208.0,937.7,331.5,0.8194
424,14.133,214,327.1,137.0,451.9,456.9,0.9064
424,14.133,5,57.5,253.8,96.1,371.6,0.5990
424,14.133,277,648.2,226.7,683.7,322.4,0.6546
424,14.133,259,835.7,213.3,882.0,330.3,0.7913
424,14.133,265,918.4,199.9,959.2,321.0,0.4414
424,14.133,298,477.4,177.3,529.9,390.5,0.8077
425,14.167,127,884.8,208.6,938.7,331.6,0.7774
425,14.167,214,323.6,137.6,450.1,458.1,0.9053
425,14.167,5,58.3,258.7,95.2,371.5,0.5332
425,14.167,277,649.8,226.0,685.3,322.2,0.6257
425,14.167,259,837.0,212.5,882.8,329.0,0.7696
425,14.167,265,919.5,201.2,960.0,322.2,0.5070
425,14.167,298,479.6,179.0,533.1,390.4,0.8261
425,14.167,264,10.0,249.2,56.6,372.1,0.3261
426,14.200,127,886.3,208.9,940.5,331.7,0.7488
426,14.200,214,321.3,136.8,449.5,459.4,0.9037
426,14.200,5,58.6,258.3,95.4,370.9,0.4756
426,14.200,277,652.1,224.4,688.1,322.0,0.5094
426,14.200,259,838.1,210.9,884.4,328.6,0.7802
426,14.200,265,920.5,202.9,960.0,322.0,0.4278
426,14.200,298,484.2,181.8,539.4,390.5,0.8700
426,14.200,264,12.8,249.7,59.5,374.0,0.4203
427,14.233,127,888.1,208.7,942.8,331.6,0.6953
427,14.233,214,316.8,134.7,446.9,461.2,0.8866
427,14.233,5,59.4,259.4,95.5,370.0,0.4710
427,14.233,277,655.1,224.1,691.1,321.3,0.5138
427,14.233,259,838.6,209.2,885.4,328.3,0.7289
427,14.233,265,921.4,203.9,960.0,323.7,0.3932
427,14.233,298,486.8,183.0,543.7,390.3,0.8664
427,14.233,264,12.9,248.7,58.8,371.8,0.3405
428,14.267,127,889.3,209.1,944.2,331.1,0.6830
428,14.267,214,310.9,131.4,442.7,462.3,0.8731
428,14.267,5,59.2,257.8,95.3,369.2,0.3858
428,14.267,277,657.0,225.6,692.8,321.7,0.4963
428,14.267,259,841.8,211.2,887.8,328.5,0.6998
428,14.267,265,922.7,205.1,960.0,324.5,0.4447
428,14.267,298,489.3,183.8,547.5,388.8,0.8774
428,14.267,264,12.2,247.6,58.8,372.6,0.4810
428,14.267,303,53.3,225.7,95.2,371.7,0.4534
429,14.300,127,890.6,209.5,946.1,331.4,0.6905
429,14.300,214,296.3,128.2,429.6,462.2,0.8594
429,14.300,5,60.0,261.0,95.7,370.7,0.5987
429,14.300,277,659.3,225.7,695.4,321.7,0.6125
429,14.300,259,845.4,211.2,890.8,328.6,0.6899
429,14.300,265,923.4,203.4,960.0,324.7,0.4852
429,14.300,298,492.8,183.2,551.5,385.6,0.8252
429,14.300,264,12.4,249.2,58.8,372.9,0.5376
429,14.300,157,824.9,211.5,867.6,327.7,0.3305
430,14.333,127,891.9,209.6,948.0,332.0,0.7503
430,14.333,214,286.3,126.3,420.3,462.2,0.8834
430,14.333,5,59.7,261.6,95.8,371.8,0.4715
430,14.333,277,661.0,227.1,697.4,322.1,0.7196
430,14.333,259,846.8,210.3,892.0,328.9,0.6925
430,14.333,265,925.4,203.2,960.0,324.2,0.4143
430,14.333,298,496.3,182.4,555.3,381.8,0.8650
430,14.333,264,11.9,250.2,57.8,372.2,0.2517
430,14.333,305,0.7,260.7,20.4,344.5,0.3310
431,14.367,127,897.1,211.0,952.1,331.3,0.7941
431,14.367,214,278.4,124.9,413.1,462.7,0.8730
431,14.367,5,59.5,262.5,95.5,372.2,0.5030
431,14.367,277,661.8,227.6,698.9,322.5,0.6798
431,14.367,259,849.0,210.3,894.5,328.7,0.6778
431,14.367,265,926.6,203.4,960.0,323.3,0.3798
431,14.367,298,500.3,181.8,559.7,380.6,0.8386
431,14.367,264,9.2,249.8,56.0,372.7,0.2983
431,14.367,307,883.1,214.7,914.9,319.8,0.4716
432,14.400,127,900.2,210.8,954.3,329.9,0.7898
432,14.400,214,270.7,123.3,407.7,467.8,0.8917
432,14.400,5,59.5,261.3,96.3,372.8,0.4981
432,14.400,277,663.1,226.0,700.9,322.6,0.7193
432,14.400,259,850.4,211.8,895.2,328.1,0.5894
432,14.400,265,927.9,201.4,960.0,321.9,0.4404
432,14.400,298,508.4,181.0,567.3,379.6,0.8351
432,14.400,157,834.2,210.9,866.9,312.0,0.3946
432,14.400,307,884.3,213.7,916.5,320.5,0.4854
432,14.400,308,836.3,207.9,878.1,327.0,0.5071
433,14.433,127,902.2,210.1,956.2,329.8,0.7595
433,14.433,214,266.2,122.4,403.8,470.4,0.8740
433,14.433,5,58.8,258.4,96.7,372.9,0.4342
433,14.433,277,664.2,225.4,702.1,322.5,0.6494
433,14.433,259,854.1,209.0,899.6,327.5,0.5750
433,14.433,265,929.1,202.9,960.0,323.1,0.3790
433,14.433,298,513.6,179.9,572.2,378.8,0.8483
433,14.433,157,835.4,211.0,867.2,311.7,0.4286
433,14.433,307,884.8,213.7,916.8,320.7,0.4588
433,14.433,308,836.0,207.4,877.7,326.7,0.4472
434,14.467,127,904.9,210.0,958.4,329.9,0.7165
434,14.467,214,258.9,122.5,396.8,472.8,0.8670
434,14.467,5,58.9,258.9,96.7,372.9,0.4818
434,14.467,277,667.7,225.2,705.0,321.8,0.5680
434,14.467,259,856.6,210.8,901.0,327.5,0.5201
434,14.467,265,929.5,203.1,960.0,329.6,0.3528
434,14.467,298,519.7,179.4,578.5,379.4,0.8164
434,14.467,157,836.7,206.6,869.3,311.6,0.3914
434,14.467,307,887.5,213.0,918.5,317.5,0.5465
434,14.467,308,837.3,206.4,879.2,326.6,0.6044
435,14.500,127,906.5,209.7,959.6,330.5,0.7474
435,14.500,214,250.8,123.2,390.8,480.2,0.8811
435,14.500,5,58.8,259.0,96.7,372.9,0.5205
435,14.500,277,668.9,225.1,705.8,321.8,0.4833
435,14.500,259,858.6,212.3,901.0,326.3,0.5583
435,14.500,265,930.8,201.4,960.0,330.1,0.3616
435,14.500,298,523.9,179.6,582.6,379.4,0.8355
435,14.500,307,889.9,212.5,920.8,317.4,0.6040
435,14.500,308,838.6,205.9,881.0,327.6,0.6865
436,14.533,127,907.4,208.7,960.0,331.3,0.7550
436,14.533,214,244.3,123.4,386.1,486.1,0.8668
436,14.533,5,58.9,259.0,96.9,373.0,0.5277
436,14.533,277,671.2,224.7,707.7,321.7,0.5587
436,14.533,259,861.0,212.3,903.2,327.1,0.6670
436,14.533,265,932.2,200.9,960.0,330.5,0.3497
436,14.533,298,526.4,180.6,584.9,377.9,0.8553
436,14.533,157,839.3,204.8,873.9,317.5,0.5833
436,14.533,307,891.5,213.0,922.0,317.8,0.5974
437,14.567,127,908.1,208.4,960.0,333.0,0.7826
437,14.567,214,240.1,123.7,382.7,492.1,0.8221
437,14.567,5,58.8,258.5,97.0,373.0,0.5557
437,14.567,277,675.1,224.4,711.2,321.6,0.6571
437,14.567,259,862.8,212.7,904.3,327.0,0.7963
437,14.567,298,530.7,182.9,589.2,376.8,0.8343
437,14.567,157,841.4,208.4,876.0,321.8,0.6185
437,14.567,307,893.1,213.5,922.8,316.3,0.6194
438,14.600,127,909.2,208.7,960.0,333.2,0.7111
438,14.600,214,235.2,124.8,377.3,494.1,0.8607
438,14.600,5,58.4,258.0,96.8,373.2,0.5043
438,14.600,277,677.5,224.7,713.4,322.7,0.7230
438,14.600,259,864.2,212.9,905.2,326.8,0.8160
438,14.600,298,535.7,184.4,594.4,375.9,0.8417
438,14.600,157,842.9,208.3,877.8,323.3,0.6213
438,14.600,307,894.1,214.5,922.6,315.1,0.5700
439,14.633,127,908.4,212.2,958.2,333.7,0.7194
439,14.633,214,221.3,121.8,366.1,495.7,0.8891
439,14.633,5,57.5,256.7,96.8,374.1,0.3893
439,14.633,277,679.7,224.5,715.1,323.2,0.6896
439,14.633,259,867.1,213.5,907.5,326.6,0.7895
439,14.633,298,539.5,185.7,599.0,375.9,0.8644
439,14.633,157,845.6,211.5,879.2,324.0,0.6419
439,14.633,307,896.9,215.3,924.0,312.8,0.4707
439,14.633,264,0.0,141.4,85.8,464.1,0.7918
439,14.633,265,935.4,204.4,960.0,336.0,0.4403
440,14.667,127,908.7,214.3,955.4,331.8,0.6655
440,14.667,214,212.4,119.3,358.7,496.8,0.8750
440,14.667,5,57.2,256.4,97.0,374.5,0.3532
440,14.667,277,681.7,224.8,716.4,323.1,0.6465
440,14.667,259,869.8,213.2,910.2,326.6,0.7605
440,14.667,298,541.3,185.9,601.8,376.6,0.8650
440,14.667,157,848.0,213.1,880.4,322.9,0.7164
440,14.667,264,0.0,134.3,90.8,468.2,0.8467
440,14.667,265,935.8,205.1,960.0,335.9,0.5347
441,14.700,127,909.5,215.5,954.1,331.0,0.5993
441,14.700,214,206.5,116.0,353.6,497.4,0.8755
441,14.700,5,57.8,254.6,98.6,374.4,0.3995
441,14.700,277,684.3,225.3,718.7,322.5,0.6873
441,14.700,259,872.5,213.3,912.8,326.0,0.7012
441,14.700,298,543.9,186.4,605.1,377.2,0.8644
441,14.700,157,849.4,211.8,881.9,323.6,0.6565
441,14.700,264,0.0,130.8,100.4,467.7,0.8925
441,14.700,265,934.7,202.7,960.0,335.8,0.5767
442,14.733,127,909.0,214.4,953.0,330.8,0.3044
442,14.733,214,204.5,111.3,351.0,497.8,0.8679
442,14.733,5,56.7,255.4,97.2,373.6,0.3260
442,14.733,277,686.4,225.8,720.9,322.9,0.6546
442,14.733,259,875.2,214.5,914.7,324.8,0.7502
442,14.733,298,548.1,187.3,608.7,375.6,0.8693
442,14.733,157,851.6,212.2,883.9,324.5,0.6497
442,14.733,307,903.8,215.5,932.4,322.0,0.2970
442,14.733,264,0.0,130.7,113.2,464.6,0.9232
442,14.733,265,929.8,195.4,960.0,336.8,0.6675
443,14.767,214,198.8,107.6,344.7,498.1,0.8650
443,14.767,5,58.2,259.4,96.6,371.4,0.2576
443,14.767,277,688.0,225.8,722.8,322.9,0.7095
443,14.767,259,877.3,214.0,917.2,325.1,0.8096
443,14.767,298,553.3,188.7,612.5,374.0,0.8379
443,14.767,157,853.8,213.2,885.1,322.4,0.7111
443,14.767,307,904.6,216.5,931.5,317.7,0.4029
443,14.767,264,5.3,132.4,120.9,463.2,0.9066
443,14.767,265,927.2,193.0,959.8,337.7,0.7552
444,14.800,214,190.5,105.2,335.3,497.8,0.8783
444,14.800,277,688.8,226.6,724.0,323.2,0.7220
444,14.800,259,879.0,214.0,919.0,325.5,0.8183
444,14.800,298,560.7,190.0,618.5,372.9,0.8031
444,14.800,157,855.7,209.4,887.6,322.4,0.6982
444,14.800,264,8.1,133.9,125.6,461.5,0.9145
444,14.800,265,924.5,192.7,957.8,338.0,0.8012
445,14.833,214,181.1,103.5,326.5,501.2,0.8861
445,14.833,277,689.7,226.6,725.5,322.9,0.7481
445,14.833,259,880.6,214.8,920.2,325.3,0.7869
445,14.833,298,564.9,187.1,622.4,371.0,0.8360
445,14.833,157,857.1,208.6,889.1,323.6,0.7061
445,14.833,264,9.9,136.0,129.6,460.9,0.9127
445,14.833,265,921.0,194.4,955.3,337.8,0.7425
445,14.833,318,839.2,234.7,862.5,293.4,0.3601
446,14.867,214,165.6,102.4,312.9,502.8,0.8903
446,14.867,277,689.8,227.6,725.9,323.0,0.7088
446,14.867,259,881.4,215.5,920.4,325.0,0.7463
446,14.867,298,568.9,186.5,625.9,370.4,0.8704
446,14.867,157,858.4,206.5,890.6,323.0,0.6699
446,14.867,264,9.8,138.0,132.5,463.8,0.9037
446,14.867,318,839.1,233.6,862.8,293.3,0.2544
446,14.867,127,905.7,194.3,959.4,336.9,0.7641
447,14.900,214,141.3,102.2,294.6,508.6,0.9118
447,14.900,277,690.4,227.4,726.9,322.7,0.6309
447,14.900,259,881.2,214.5,920.5,327.3,0.6690
447,14.900,298,573.7,185.7,630.8,370.7,0.8674
447,14.900,157,860.5,206.9,892.2,322.9,0.6251
447,14.900,264,8.2,137.1,134.0,466.1,0.9053
447,14.900,318,839.9,234.9,862.7,291.9,0.3401
447,14.900,127,900.4,194.7,956.0,338.3,0.7259
447,14.900,265,924.4,192.7,959.1,338.8,0.3434
448,14.933,214,124.3,101.2,284.6,514.6,0.9257
448,14.933,277,691.2,226.4,728.5,323.0,0.6242
448,14.933,259,881.3,215.1,919.3,326.7,0.5626
448,14.933,298,577.8,185.7,634.7,369.7,0.8443
448,14.933,157,861.3,205.5,894.2,326.4,0.5390
448,14.933,264,6.7,138.5,134.8,469.3,0.9009
448,14.933,318,840.7,234.8,863.9,292.6,0.3129
448,14.933,127,895.4,196.0,952.7,338.4,0.6544
448,14.933,319,885.1,206.3,922.7,335.6,0.4001
448,14.933,265,929.5,191.7,960.0,339.0,0.4376
449,14.967,214,113.1,100.9,280.1,520.3,0.9219
449,14.967,277,691.2,226.7,728.6,322.5,0.5775
449,14.967,298,584.9,186.4,642.6,368.8,0.8572
449,14.967,157,864.2,206.2,896.7,323.8,0.6279
449,14.967,264,5.1,139.0,135.0,471.2,0.8998
449,14.967,318,840.6,235.2,863.9,292.8,0.4128
449,14.967,127,892.9,197.8,951.4,337.7,0.6049
449,14.967,265,929.7,193.1,960.0,337.2,0.6371
450,15.000,214,106.1,100.3,278.5,522.7,0.9091
450,15.000,277,698.9,225.8,735.8,322.2,0.5297
450,15.000,298,590.0,186.7,649.3,368.3,0.8454
450,15.000,157,865.1,206.2,897.9,324.6,0.6045
450,15.000,264,5.7,138.0,135.5,465.9,0.8930
450,15.000,318,840.4,235.4,863.8,292.9,0.3916
450,15.000,127,889.9,198.0,949.4,336.6,0.7110
450,15.000,265,928.4,194.0,960.0,336.5,0.6340
451,15.033,214,100.4,99.8,279.0,527.6,0.9005
451,15.033,277,702.3,225.8,738.7,322.8,0.6543
451,15.033,298,593.3,188.7,654.1,368.1,0.8174
451,15.033,157,865.6,206.6,897.6,322.2,0.5837
451,15.033,264,6.5,137.0,135.0,461.3,0.8832
451,15.033,318,840.3,235.1,863.9,292.7,0.3711
451,15.033,319,890.4,198.0,931.7,337.2,0.5778
451,15.033,265,925.8,193.5,958.5,336.3,0.6586
452,15.067,214,92.7,97.0,276.0,530.4,0.8710
452,15.067,277,705.5,225.0,742.0,323.7,0.6813
452,15.067,298,594.2,190.0,656.4,367.8,0.8082
452,15.067,157,866.5,207.2,896.1,312.5,0.5316
452,15.067,264,14.7,136.6,139.6,457.3,0.8631
452,15.067,318,840.3,235.7,864.0,292.9,0.3973
452,15.067,319,889.0,196.7,931.2,338.2,0.5658
452,15.067,265,923.0,194.8,956.5,336.5,0.5727
452,15.067,324,273.5,200.1,309.0,279.8,0.3439
453,15.100,214,87.7,95.7,272.8,530.6,0.9033
453,15.100,277,707.6,224.4,744.0,323.8,0.7066
453,15.100,298,595.3,191.6,658.8,368.2,0.8490
453,15.100,157,867.6,206.1,896.4,308.1,0.4733
453,15.100,264,23.2,137.0,143.6,455.1,0.8248
453,15.100,318,840.4,236.6,864.0,292.8,0.3643
453,15.100,319,888.0,198.7,930.1,337.6,0.6647
453,15.100,265,920.6,193.6,955.1,334.7,0.6105
453,15.100,324,273.5,200.4,308.9,279.9,0.2930
454,15.133,214,74.6,89.3,261.4,530.9,0.8276
454,15.133,277,709.7,225.2,745.4,323.2,0.7092
454,15.133,298,598.0,192.5,662.6,368.3,0.8810
454,15.133,318,840.9,236.7,864.8,293.1,0.3275
454,15.133,265,918.3,196.3,953.5,334.0,0.6016
454,15.133,259,875.3,197.7,922.2,335.5,0.7084
455,15.167,214,54.1,86.6,242.0,530.8,0.8928
455,15.167,277,712.2,223.8,748.1,323.1,0.7035
455,15.167,298,600.8,191.0,666.0,366.4,0.8528
455,15.167,318,840.1,236.6,864.2,293.1,0.3161
455,15.167,265,915.0,196.7,951.3,332.6,0.6928
455,15.167,259,873.0,198.0,920.9,336.7,0.7432
456,15.200,214,44.0,84.0,230.1,531.1,0.8565
456,15.200,277,714.5,222.1,750.6,322.9,0.7357
456,15.200,298,604.6,188.8,670.4,364.9,0.8541
456,15.200,318,839.2,236.8,863.2,293.4,0.2886
456,15.200,324,273.2,198.8,309.2,279.5,0.2615
456,15.200,259,869.9,197.8,918.0,336.9,0.6731
456,15.200,307,933.8,213.5,960.0,323.4,0.5666
456,15.200,127,897.3,197.1,956.5,335.2,0.6930
457,15.233,214,18.5,80.8,208.2,535.6,0.8311
457,15.233,277,716.7,223.7,752.6,323.4,0.7110
457,15.233,298,611.7,190.4,676.4,365.2,0.8760
457,15.233,318,840.2,236.5,864.8,293.7,0.2778
457,15.233,259,864.5,196.8,912.5,337.7,0.6976
457,15.233,307,933.0,212.2,960.0,332.8,0.6044
457,15.233,127,897.7,197.3,956.9,337.3,0.7748
458,15.267,214,4.6,77.7,196.4,537.1,0.8800
458,15.267,277,719.0,225.2,754.7,323.7,0.7358
458,15.267,298,616.1,190.7,680.2,365.4,0.8530
458,15.267,318,839.2,236.6,863.8,294.0,0.4058
458,15.267,259,861.2,197.5,908.9,337.4,0.7044
458,15.267,307,934.4,213.9,960.0,330.3,0.5765
458,15.267,127,896.0,198.0,953.6,336.4,0.7062
459,15.300,214,0.0,76.5,190.6,536.7,0.7311
459,15.300,277,721.1,226.0,757.0,323.7,0.6804
459,15.300,298,621.3,189.8,684.9,364.9,0.8430
459,15.300,318,837.9,236.8,861.9,293.3,0.3022
459,15.300,259,854.3,197.0,903.8,337.5,0.7403
459,15.300,307,936.4,213.6,960.0,324.0,0.5247
459,15.300,319,896.0,204.6,935.5,333.6,0.5414
459,15.300,265,915.5,209.3,944.3,318.7,0.5292
460,15.333,214,0.0,77.5,180.6,536.5,0.6208
460,15.333,277,722.4,226.7,758.5,323.8,0.6473
460,15.333,298,625.2,189.7,688.3,365.1,0.8478
460,15.333,259,848.4,197.2,900.2,337.6,0.7969
460,15.333,307,937.8,215.4,960.0,321.5,0.3651
460,15.333,319,889.4,197.9,930.0,332.3,0.4823
460,15.333,265,915.1,214.1,942.7,319.2,0.6520
461,15.367,214,0.0,72.7,175.8,536.7,0.9140
461,15.367,277,723.2,226.5,760.3,324.2,0.6640
461,15.367,298,627.2,189.8,689.6,363.9,0.8735
461,15.367,259,842.9,199.4,897.1,337.4,0.8156
461,15.367,307,939.2,216.8,960.0,319.0,0.3179
461,15.367,319,886.1,196.3,925.5,327.6,0.4621
461,15.367,265,914.2,213.3,942.4,319.6,0.6164
462,15.400,214,0.0,71.0,171.3,536.6,0.9259
462,15.400,277,725.7,225.8,763.8,324.6,0.5717
462,15.400,298,632.0,190.0,693.7,363.1,0.8640
462,15.400,259,838.0,202.4,894.1,337.4,0.8232
462,15.400,307,940.8,215.5,960.0,318.0,0.4212
462,15.400,319,882.1,192.1,924.2,332.7,0.3327
462,15.400,265,913.7,214.6,942.6,321.4,0.7952
462,15.400,327,125.9,144.5,228.5,439.9,0.7798
462,15.400,157,878.2,200.4,915.1,334.0,0.5254
463,15.433,214,0.0,67.0,169.3,536.6,0.9337
463,15.433,277,729.0,226.6,766.7,324.1,0.5605
463,15.433,298,637.6,192.2,698.2,362.4,0.8416
463,15.433,259,832.9,201.7,891.8,337.3,0.8394
463,15.433,307,943.1,218.3,960.0,307.6,0.3711
463,15.433,265,913.1,214.1,943.0,321.9,0.8276
463,15.433,327,119.9,146.6,223.6,443.3,0.8336
463,15.433,157,879.9,199.8,917.9,335.6,0.6245
464,15.467,214,0.0,68.9,164.5,537.0,0.9266
464,15.467,277,730.0,226.5,767.9,323.9,0.6455
464,15.467,298,642.6,194.3,702.7,362.0,0.8562
464,15.467,259,829.4,202.4,889.6,337.1,0.8098
464,15.467,307,943.3,220.5,960.0,310.6,0.3213
464,15.467,265,912.3,213.1,943.4,321.5,0.8218
464,15.467,327,115.3,142.6,222.6,446.1,0.9211
464,15.467,157,879.2,199.3,919.0,335.9,0.5825
465,15.500,214,0.0,65.7,158.1,536.6,0.9161
465,15.500,277,731.6,226.5,769.6,323.8,0.6785
465,15.500,298,646.5,195.3,706.6,361.7,0.8807
465,15.500,259,827.2,203.3,888.7,337.7,0.7783
465,15.500,265,912.8,212.9,944.9,321.9,0.7787
465,15.500,327,118.0,145.4,226.5,449.7,0.8759
465,15.500,157,882.4,204.9,921.0,335.8,0.6071
466,15.533,214,0.0,59.8,149.4,535.7,0.9106
466,15.533,277,734.7,225.4,772.8,324.1,0.7126
466,15.533,298,649.6,195.1,709.8,361.3,0.8676
466,15.533,259,824.8,204.9,886.3,337.4,0.7096
466,15.533,265,913.5,214.0,946.2,322.1,0.7921
466,15.533,327,125.5,146.6,233.6,448.2,0.8777
466,15.533,157,885.3,206.1,922.4,332.2,0.4111
466,15.533,319,875.4,203.1,914.9,334.7,0.6124
467,15.567,214,0.0,53.6,132.6,536.0,0.8754
467,15.567,277,736.6,223.9,774.8,324.1,0.6633
467,15.567,298,652.2,194.6,712.3,360.6,0.8384
467,15.567,259,820.0,204.6,881.0,337.0,0.6861
467,15.567,265,914.9,213.2,948.0,320.3,0.7198
467,15.567,327,135.3,146.1,241.4,443.5,0.8822
467,15.567,157,889.0,208.6,924.0,327.1,0.4696
467,15.567,319,876.3,206.7,915.8,335.0,0.6636
467,15.567,324,276.1,198.7,306.0,261.5,0.2974
468,15.600,214,0.0,47.8,120.5,536.1,0.8394
468,15.600,277,738.4,221.4,776.8,323.9,0.6471
468,15.600,298,654.9,194.9,714.3,359.7,0.8495
468,15.600,259,813.8,204.4,873.3,336.9,0.6888
468,15.600,265,916.1,214.2,949.6,320.3,0.7616
468,15.600,327,142.3,147.3,246.0,439.6,0.8814
468,15.600,157,889.1,209.0,922.7,322.9,0.4313
468,15.600,319,878.4,208.5,917.7,335.0,0.6568
468,15.600,324,275.5,198.5,306.7,262.9,0.3038
469,15.633,214,0.0,44.4,107.4,533.6,0.8190
469,15.633,277,741.7,221.4,779.7,323.6,0.5671
469,15.633,298,658.7,195.0,716.8,357.7,0.8570
469,15.633,259,809.6,204.8,867.5,337.0,0.6965
469,15.633,265,917.2,215.3,951.2,320.7,0.7724
469,15.633,327,150.8,148.4,252.4,436.5,0.9089
469,15.633,157,890.1,210.5,922.4,317.8,0.5832
469,15.633,319,866.4,205.0,909.8,335.3,0.7484
469,15.633,324,275.7,198.7,306.5,259.9,0.3359
469,15.633,5,52.5,248.0,94.9,373.0,0.3555
470,15.667,214,0.0,60.2,94.6,532.3,0.7594
470,15.667,277,744.2,224.0,781.3,323.3,0.5088
470,15.667,298,661.6,194.1,719.3,357.6,0.8363
470,15.667,259,805.0,203.5,861.6,337.2,0.7884
470,15.667,265,917.7,216.6,951.8,320.6,0.7788
470,15.667,327,156.7,149.4,257.2,435.6,0.8881
470,15.667,157,891.3,210.4,922.8,314.0,0.6054
470,15.667,319,859.0,203.8,905.2,335.8,0.7798
470,15.667,324,275.1,198.7,307.2,261.5,0.3272
470,15.667,5,49.7,220.1,98.5,373.0,0.3680
471,15.700,214,0.0,97.1,81.7,533.9,0.7046
471,15.700,277,746.4,225.9,783.4,323.8,0.5802
471,15.700,298,664.1,192.6,721.0,356.1,0.8183
471,15.700,259,801.4,202.6,856.6,337.6,0.7673
471,15.700,265,918.6,217.7,952.4,319.8,0.7585
471,15.700,327,161.9,150.4,261.6,435.5,0.8750
471,15.700,157,891.7,209.9,922.8,311.5,0.6485
471,15.700,319,853.4,202.7,901.8,336.1,0.7360
471,15.700,324,275.4,198.5,306.9,258.8,0.3683
471,15.700,5,48.5,204.3,100.0,373.4,0.4529
471,15.700,338,582.3,232.3,599.9,321.4,0.6100
472,15.733,277,750.4,226.1,788.4,323.6,0.6164
472,15.733,298,667.6,191.8,724.0,355.3,0.8291
472,15.733,259,798.6,202.8,852.2,337.4,0.7577
472,15.733,265,919.9,217.9,953.9,319.4,0.7714
472,15.733,327,169.7,151.4,269.7,435.8,0.8573
472,15.733,157,892.0,209.4,923.7,312.3,0.7469
472,15.733,319,847.6,201.1,897.3,335.3,0.7454
472,15.733,324,274.7,198.5,307.6,260.7,0.3686
472,15.733,338,583.6,232.3,601.4,322.2,0.6898
473,15.767,277,752.0,226.4,790.7,323.1,0.4951
473,15.767,298,671.1,191.6,727.1,354.9,0.8342
473,15.767,259,794.6,205.2,847.2,337.6,0.7531
473,15.767,265,920.9,218.1,954.9,318.6,0.7349
473,15.767,327,179.4,151.1,281.0,436.5,0.8681
473,15.767,157,892.1,210.3,924.2,314.0,0.7531
473,15.767,319,842.1,201.6,891.3,334.3,0.6645
473,15.767,324,273.7,198.6,308.5,264.1,0.3486
473,15.767,338,585.3,232.0,603.5,322.6,0.7196
473,15.767,5,54.7,242.0,94.8,372.0,0.4642
474,15.800,277,752.5,224.8,792.8,324.5,0.5022
474,15.800,298,678.1,192.9,733.9,354.6,0.8386
474,15.800,259,790.0,207.4,842.5,337.1,0.6803
474,15.800,265,921.4,218.7,955.5,318.0,0.7119
474,15.800,327,190.0,151.4,293.7,436.7,0.8958
474,15.800,157,893.5,210.5,925.8,314.8,0.7418
474,15.800,319,834.1,202.0,883.0,334.7,0.6924
474,15.800,324,274.0,198.8,308.8,264.3,0.2723
474,15.800,338,589.7,231.5,608.6,321.8,0.6590
474,15.800,5,56.1,252.2,93.4,371.7,0.3459
475,15.833,277,752.4,223.9,793.0,323.7,0.4427
475,15.833,298,684.2,193.7,740.5,354.2,0.8637
475,15.833,259,786.1,207.9,839.0,336.5,0.7228
475,15.833,265,921.7,217.9,956.5,317.9,0.7196
475,15.833,327,197.1,151.4,302.9,436.8,0.9071
475,15.833,157,894.4,210.5,926.8,314.9,0.7158
475,15.833,319,827.5,202.2,875.4,334.2,0.6544
475,15.833,338,593.2,231.9,612.9,321.1,0.7373
475,15.833,5,57.6,257.7,93.4,371.9,0.3373
476,15.867,277,752.4,223.7,792.7,323.0,0.4612
476,15.867,298,688.5,195.1,745.7,354.3,0.8257
476,15.867,259,784.0,208.1,837.4,336.3,0.7292
476,15.867,265,922.1,217.2,957.5,317.5,0.7389
476,15.867,327,201.0,151.8,308.7,437.0,0.9035
476,15.867,157,895.7,210.2,928.3,315.9,0.6932
476,15.867,319,821.8,203.4,868.7,334.0,0.6486
476,15.867,338,594.1,232.3,614.9,321.8,0.7515
476,15.867,5,58.6,258.2,94.2,372.0,0.3320
477,15.900,277,753.6,224.4,792.0,320.9,0.4136
477,15.900,298,691.5,195.1,749.3,353.1,0.8306
477,15.900,259,781.7,209.1,835.4,335.9,0.7988
477,15.900,265,922.5,216.0,958.4,317.1,0.7432
477,15.900,327,204.6,153.9,313.4,437.0,0.9038
477,15.900,157,895.8,209.5,928.9,316.8,0.6611
477,15.900,319,819.6,204.5,865.8,333.8,0.7018
477,15.900,324,274.9,197.9,315.3,280.7,0.3035
477,15.900,338,594.9,232.7,616.9,322.4,0.7676
477,15.900,5,59.4,260.8,94.5,372.9,0.4549
478,15.933,298,692.8,195.4,751.2,352.8,0.8624
478,15.933,259,778.7,209.2,833.1,336.2,0.7559
478,15.933,265,923.8,216.4,959.5,316.9,0.7582
478,15.933,327,206.1,155.5,315.8,436.9,0.8928
478,15.933,157,896.7,208.5,929.0,312.9,0.7021
478,15.933,319,817.2,204.8,863.4,333.6,0.7510
478,15.933,324,275.6,197.7,315.4,282.0,0.3812
478,15.933,338,595.0,231.5,618.5,322.7,0.7536
478,15.933,5,59.1,258.9,94.7,372.8,0.4107
479,15.967,298,694.6,195.8,753.3,352.3,0.8732
479,15.967,259,775.3,209.3,829.3,335.7,0.7371
479,15.967,265,924.4,216.6,959.9,316.5,0.7529
479,15.967,327,208.2,157.7,317.6,434.7,0.8806
479,15.967,157,898.0,208.2,929.8,311.5,0.6714
479,15.967,319,815.4,205.0,861.8,333.9,0.7826
479,15.967,338,596.1,230.9,620.6,322.6,0.6074
479,15.967,5,59.8,257.8,96.1,373.2,0.4209
480,16.000,298,696.6,196.0,755.4,352.5,0.8502
480,16.000,259,769.5,208.7,823.5,335.0,0.7344
480,16.000,265,924.7,217.1,960.0,316.5,0.7524
480,16.000,327,209.5,158.6,319.0,432.7,0.8787
480,16.000,157,899.6,208.3,930.9,310.5,0.6979
480,16.000,319,813.8,205.4,860.7,333.8,0.7496
480,16.000,338,600.3,230.4,625.9,322.0,0.6987
480,16.000,5,60.7,256.6,97.7,372.9,0.4644
481,16.033,298,697.5,196.1,756.3,352.0,0.8339
481,16.033,259,766.3,208.9,819.2,334.8,0.7119
481,16.033,265,924.8,217.5,960.0,316.5,0.7418
481,16.033,327,209.4,157.5,319.7,431.7,0.8887
481,16.033,157,900.1,209.2,931.8,312.9,0.7262
481,16.033,319,810.4,207.2,858.3,334.7,0.7643
481,16.033,338,601.9,230.3,628.1,322.4,0.7022
481,16.033,5,60.4,256.6,97.7,372.7,0.4569
482,16.067,298,700.2,196.7,758.0,351.4,0.8153
482,16.067,259,763.5,209.9,814.4,334.4,0.7189
482,16.067,265,925.5,218.3,960.0,316.5,0.7418
482,16.067,327,211.8,157.3,321.9,430.2,0.8884
482,16.067,157,901.0,210.4,932.8,314.0,0.7828
482,16.067,319,805.3,208.0,854.5,334.4,0.8175
482,16.067,338,604.3,229.4,630.9,322.7,0.7024
482,16.067,5,59.3,257.5,96.8,373.3,0.4432
483,16.100,298,703.2,195.3,760.4,351.1,0.8238
483,16.100,259,762.2,209.5,811.5,333.4,0.7567
483,16.100,265,925.9,218.0,960.0,316.6,0.7228
483,16.100,327,215.7,157.4,324.6,428.1,0.8998
483,16.100,157,901.6,211.0,933.6,313.9,0.7598
483,16.100,319,796.3,207.6,848.6,334.7,0.8435
483,16.100,338,606.3,228.6,633.7,323.1,0.7388
483,16.100,347,0.7,118.7,108.8,492.0,0.8923
484,16.133,298,706.1,194.6,762.2,349.6,0.8314
484,16.133,259,752.7,214.5,800.8,335.4,0.6805
484,16.133,265,926.6,218.6,960.0,316.8,0.6834
484,16.133,327,221.4,157.9,328.3,424.8,0.8919
484,16.133,157,902.3,211.5,934.2,314.1,0.7251
484,16.133,319,795.4,207.6,848.6,334.6,0.7885
484,16.133,338,609.7,230.6,636.7,322.5,0.7010
484,16.133,347,5.4,114.4,114.8,491.4,0.9141
485,16.167,298,709.4,195.1,764.5,348.7,0.7994
485,16.167,259,748.1,211.6,797.0,335.4,0.6953
485,16.167,265,926.9,218.6,960.0,316.7,0.6583
485,16.167,327,227.6,157.8,332.9,422.6,0.9023
485,16.167,157,902.5,211.7,934.5,313.9,0.7055
485,16.167,319,792.2,208.3,845.4,334.5,0.7354
485,16.167,338,612.1,230.5,639.5,321.6,0.7033
485,16.167,347,7.2,113.9,117.2,491.5,0.9178
486,16.200,298,712.5,195.3,767.1,349.8,0.7639
486,16.200,259,747.9,211.7,796.8,335.9,0.6969
486,16.200,265,927.4,219.0,960.0,316.5,0.6729
486,16.200,327,231.9,157.4,335.7,421.6,0.8848
486,16.200,157,902.7,211.8,934.7,313.6,0.6895
486,16.200,319,788.0,208.7,840.5,333.9,0.7058
486,16.200,338,615.4,230.5,644.1,321.9,0.7956
486,16.200,347,7.6,113.6,118.0,490.7,0.9281
487,16.233,298,714.9,195.0,769.1,350.0,0.7467
487,16.233,259,751.5,220.6,797.1,336.7,0.5247
487,16.233,265,927.7,218.4,960.0,315.9,0.7265
487,16.233,327,236.5,157.3,338.8,420.3,0.8624
487,16.233,157,903.1,212.5,935.5,314.8,0.7379
487,16.233,319,781.8,208.0,833.5,334.7,0.7448
487,16.233,338,618.1,229.8,648.6,322.1,0.8270
487,16.233,347,7.7,115.3,118.3,490.7,0.9142
488,16.267,298,718.4,195.6,771.7,349.4,0.7467
488,16.267,259,753.3,222.5,798.0,336.8,0.6006
488,16.267,265,928.6,217.9,960.0,316.1,0.7623
488,16.267,327,241.6,156.9,342.3,418.1,0.8676
488,16.267,157,903.7,212.7,936.3,314.8,0.7408
488,16.267,319,777.9,206.8,828.2,333.7,0.7548
488,16.267,338,618.8,230.1,650.7,322.6,0.8072
488,16.267,347,7.4,115.0,118.9,491.2,0.8995
488,16.267,352,838.5,236.5,863.1,293.8,0.3172
489,16.300,298,722.4,196.4,775.3,349.2,0.8015
489,16.300,259,755.1,217.6,801.1,337.2,0.4884
489,16.300,265,929.5,217.8,960.0,316.2,0.7477
489,16.300,327,248.5,157.3,348.4,419.2,0.8809
489,16.300,157,905.0,212.8,937.8,314.6,0.7229
489,16.300,319,774.9,207.3,823.4,332.1,0.7748
489,16.300,338,619.9,230.1,653.1,322.9,0.7890
489,16.300,347,7.6,111.9,122.3,495.5,0.9142
489,16.300,352,838.5,237.0,862.9,293.8,0.2623
490,16.333,298,725.2,196.6,777.7,348.3,0.8092
490,16.333,259,755.8,212.8,801.8,335.7,0.4450
490,16.333,265,930.4,217.2,960.0,316.1,0.7399
490,16.333,327,253.4,157.7,351.9,419.1,0.8958
490,16.333,157,906.6,212.2,939.4,314.4,0.6976
490,16.333,319,773.3,207.9,821.1,332.0,0.7563
490,16.333,338,620.7,229.7,655.2,323.0,0.7790
490,16.333,347,13.9,111.0,128.9,494.0,0.8855
490,16.333,352,838.5,237.2,862.8,293.8,0.2604
491,16.367,298,728.2,196.9,780.9,347.6,0.8078
491,16.367,265,931.2,217.1,960.0,315.9,0.7122
491,16.367,327,256.1,158.0,353.2,418.9,0.9027
491,16.367,157,907.6,212.0,940.5,314.6,0.7166
491,16.367,319,770.3,207.9,818.4,331.8,0.7078
491,16.367,338,621.5,228.9,656.9,322.6,0.7308
491,16.367,347,32.7,110.5,146.5,491.4,0.8680
491,16.367,352,838.4,237.3,862.6,293.8,0.2746
492,16.400,298,730.6,197.7,783.5,348.4,0.7964
492,16.400,265,932.4,216.7,960.0,316.0,0.6963
492,16.400,327,259.4,158.5,355.4,419.4,0.8932
492,16.400,157,907.9,210.5,940.3,311.9,0.6700
492,16.400,319,768.5,211.6,816.6,334.6,0.6017
492,16.400,338,623.5,228.9,659.0,321.7,0.5843
492,16.400,347,50.9,110.7,163.5,489.0,0.8525
492,16.400,352,838.4,237.3,862.6,293.7,0.3275
493,16.433,298,730.0,197.9,783.8,349.4,0.7518
493,16.433,265,932.5,215.7,960.0,315.9,0.7176
493,16.433,327,263.5,159.0,358.8,420.9,0.8640
493,16.433,157,909.2,213.1,941.2,312.9,0.6789
493,16.433,319,770.7,217.7,815.7,332.1,0.5195
493,16.433,338,628.2,228.2,663.3,321.1,0.5210
493,16.433,347,65.5,111.4,179.1,488.0,0.8511
493,16.433,352,838.4,237.2,862.7,293.8,0.3332
493,16.433,355,797.4,227.1,823.8,303.4,0.3409
494,16.467,298,732.4,198.1,786.0,348.6,0.7368
494,16.467,265,933.1,215.2,960.0,315.5,0.7291
494,16.467,327,269.3,160.5,363.0,418.5,0.8606
494,16.467,157,909.7,212.2,941.6,311.3,0.7127
494,16.467,319,771.8,221.3,815.2,330.9,0.5011
494,16.467,338,632.7,227.4,667.6,321.8,0.5672
494,16.467,347,84.2,114.7,201.5,487.3,0.9165
494,16.467,352,838.5,237.1,862.7,293.7,0.3537
494,16.467,355,798.4,225.5,825.6,304.1,0.3954
494,16.467,357,793.5,223.4,820.0,329.7,0.4211
495,16.500,298,734.7,198.3,787.9,348.0,0.7078
495,16.500,265,933.7,215.3,960.0,315.3,0.7264
495,16.500,327,274.8,162.6,367.3,418.4,0.8787
495,16.500,157,910.3,213.2,942.2,311.9,0.7127
495,16.500,319,770.6,210.8,818.7,333.8,0.4286
495,16.500,338,636.2,226.7,671.1,322.2,0.7109
495,16.500,347,96.0,116.7,218.9,485.9,0.9152
495,16.500,352,838.4,236.8,862.8,293.8,0.3469
495,16.500,355,799.9,226.6,826.0,301.9,0.4454
495,16.500,357,796.0,224.6,821.9,328.6,0.4023
496,16.533,298,739.2,198.3,791.3,347.1,0.7134
496,16.533,265,934.5,215.7,960.0,315.1,0.7244
496,16.533,327,279.2,163.9,370.8,417.3,0.8838
496,16.533,157,911.2,213.5,943.0,311.5,0.7370
496,16.533,319,775.7,219.1,819.5,331.7,0.4773
496,16.533,338,639.6,227.2,673.5,321.6,0.6941
496,16.533,347,101.9,120.7,231.0,486.2,0.9228
496,16.533,352,838.4,237.0,862.5,293.5,0.3534
496,16.533,355,797.5,226.9,828.5,317.3,0.3411
496,16.533,357,794.7,223.9,821.5,330.6,0.3651
496,16.533,360,720.9,204.2,754.6,336.3,0.5652
496,16.533,5,58.2,254.7,95.9,370.8,0.2869
497,16.567,298,745.0,198.0,796.1,345.2,0.7134
497,16.567,265,935.3,216.4,960.0,315.0,0.7005
497,16.567,327,282.2,164.2,373.3,415.6,0.8971
497,16.567,157,911.5,214.0,943.4,312.4,0.7400
497,16.567,319,780.3,225.6,819.9,327.7,0.3236
497,16.567,338,643.8,227.8,677.0,321.3,0.7004
497,16.567,347,104.4,125.3,239.2,486.0,0.9194
497,16.567,352,838.6,237.3,862.5,293.2,0.2728
497,16.567,360,718.6,209.2,751.0,335.8,0.6836
497,16.567,5,57.2,255.5,95.1,371.6,0.4062
498,16.600,298,748.0,197.4,798.4,343.3,0.7688
498,16.600,265,935.9,216.9,960.0,314.9,0.6736
498,16.600,327,285.0,165.7,375.5,415.8,0.8769
498,16.600,157,911.8,213.2,944.0,312.9,0.7316
498,16.600,338,646.9,228.1,680.1,321.5,0.7276
498,16.600,347,104.2,127.8,244.9,485.0,0.9291
498,16.600,352,838.6,237.4,862.5,293.3,0.2968
498,16.600,360,716.4,211.2,748.3,335.6,0.6950
498,16.600,5,57.0,256.2,95.3,372.6,0.4884
499,16.633,298,749.4,196.8,800.1,343.7,0.8321
499,16.633,265,936.2,216.4,960.0,314.5,0.6503
499,16.633,327,290.1,165.9,379.8,415.7,0.8700
499,16.633,157,912.6,213.3,944.8,313.4,0.7364
499,16.633,338,650.0,228.5,683.6,321.6,0.7638
499,16.633,347,105.6,129.9,250.3,481.9,0.9227
499,16.633,352,838.5,237.4,862.1,292.7,0.3075
499,16.633,360,712.0,211.8,744.0,334.9,0.7611
499,16.633,5,57.2,256.0,95.9,373.1,0.5361
499,16.633,364,9.0,249.6,56.3,374.2,0.3627
500,16.667,298,752.6,196.8,803.8,344.8,0.8116
500,16.667,265,936.5,215.4,960.0,314.4,0.6364
500,16.667,327,296.0,165.5,384.4,413.6,0.8750
500,16.667,157,913.2,213.1,945.3,313.5,0.7572
500,16.667,338,651.6,228.7,685.9,321.3,0.7671
500,16.667,347,111.2,130.4,258.2,477.6,0.9026
500,16.667,352,838.5,237.7,861.8,292.3,0.2818
500,16.667,360,708.6,212.7,740.9,333.9,0.7599
500,16.667,5,57.5,258.0,95.9,373.4,0.5221
500,16.667,259,731.8,212.4,772.9,329.6,0.4484
501,16.700,298,757.2,196.4,809.5,346.2,0.7823
501,16.700,265,937.1,215.2,960.0,313.9,0.6384
501,16.700,327,300.8,165.5,387.8,412.3,0.9013
501,16.700,157,913.4,213.0,945.4,313.3,0.7542
501,16.700,338,652.4,228.4,687.8,321.5,0.7519
501,16.700,347,123.1,128.7,269.7,471.8,0.8917
501,16.700,352,838.8,237.8,861.7,291.8,0.3029
501,16.700,355,800.0,224.3,835.6,325.1,0.3803
501,16.700,360,706.5,213.7,739.5,333.7,0.7569
501,16.700,5,57.7,260.6,95.6,373.2,0.5183
501,16.700,364,6.2,249.8,53.2,372.5,0.2805
501,16.700,259,732.1,211.8,771.3,329.1,0.5471
502,16.733,298,761.2,197.7,813.7,346.2,0.7620
502,16.733,265,937.5,214.1,960.0,314.0,0.6159
502,16.733,327,305.3,165.1,390.6,408.2,0.8720
502,16.733,157,914.0,212.8,946.2,313.0,0.7148
502,16.733,338,653.2,228.0,689.3,321.4,0.7214
502,16.733,347,138.5,127.4,281.9,466.0,0.8832
502,16.733,352,839.2,237.6,861.7,290.9,0.2788
502,16.733,355,802.4,222.9,839.1,323.6,0.4540
502,16.733,360,703.5,215.6,736.8,333.5,0.6756
502,16.733,5,57.3,259.9,95.4,372.9,0.4457
502,16.733,364,5.8,250.6,52.3,370.9,0.3004
502,16.733,259,731.2,212.1,769.6,330.1,0.7155
502,16.733,357,801.2,220.1,828.5,324.6,0.3936
503,16.767,298,763.3,199.0,815.7,345.4,0.7763
503,16.767,265,938.2,214.3,960.0,313.6,0.6464
503,16.767,327,308.3,165.7,392.7,407.1,0.8750
503,16.767,157,914.2,212.0,946.6,312.7,0.7254
503,16.767,338,654.5,227.0,692.3,322.7,0.6145
503,16.767,347,153.4,126.7,292.9,462.7,0.8750
503,16.767,355,803.3,219.4,841.8,322.8,0.5105
503,16.767,360,701.3,217.3,735.0,332.9,0.6549
503,16.767,5,57.4,259.8,95.6,372.7,0.4542
503,16.767,259,729.7,212.5,767.7,330.8,0.6907
504,16.800,298,765.8,199.7,817.8,343.3,0.7466
504,16.800,265,939.3,215.5,960.0,313.0,0.5948
504,16.800,327,311.4,165.7,395.3,407.2,0.8860
504,16.800,157,915.2,211.4,947.7,312.5,0.6855
504,16.800,338,655.7,225.8,693.9,323.0,0.5771
504,16.800,347,178.9,126.1,313.1,460.1,0.8564
504,16.800,355,804.1,217.2,843.4,322.0,0.7126
504,16.800,360,698.8,217.7,733.1,332.5,0.6538
504,16.800,5,57.7,259.1,96.3,372.6,0.4489
504,16.800,259,726.6,212.0,764.8,331.0,0.6495
505,16.833,298,768.1,199.9,820.0,342.6,0.8004
505,16.833,265,940.1,218.2,960.0,313.8,0.5581
505,16.833,327,314.8,165.7,397.8,406.6,0.8598
505,16.833,157,915.2,211.0,947.8,312.3,0.7036
505,16.833,338,658.6,226.7,695.6,321.7,0.5468
505,16.833,347,197.8,126.0,327.5,458.6,0.8709
505,16.833,355,804.4,215.9,844.1,321.7,0.7211
505,16.833,360,692.8,217.0,727.7,333.4,0.5871
505,16.833,5,57.8,258.4,96.6,372.6,0.5086
505,16.833,259,723.7,213.4,762.2,332.4,0.7029
506,16.867,298,769.5,200.5,821.2,341.9,0.7833
506,16.867,265,940.7,219.0,960.0,314.7,0.4925
506,16.867,327,318.4,166.4,400.7,405.9,0.8446
506,16.867,157,915.4,210.5,948.3,312.3,0.6730
506,16.867,338,662.2,226.1,698.3,320.5,0.5250
506,16.867,347,210.0,127.3,336.2,457.6,0.8909
506,16.867,355,804.4,216.0,844.0,321.8,0.6553
506,16.867,360,692.0,219.7,726.5,332.3,0.5681
506,16.867,5,57.7,257.8,96.7,372.6,0.4681
506,16.867,259,721.9,214.2,761.5,334.6,0.7362
507,16.900,298,770.5,201.9,821.5,341.3,0.7491
507,16.900,265,941.6,219.6,960.0,312.4,0.3535
507,16.900,327,323.7,167.4,406.1,405.8,0.8325
507,16.900,157,915.9,211.4,949.0,312.2,0.7042
507,16.900,338,665.7,225.4,701.3,322.8,0.3743
507,16.900,347,221.7,129.7,346.5,457.7,0.9070
507,16.900,355,805.8,214.6,845.3,321.0,0.3761
507,16.900,360,687.3,217.3,722.2,331.6,0.6566
507,16.900,5,58.1,260.9,96.2,372.9,0.4988
507,16.900,259,716.9,213.7,757.7,334.0,0.7633
508,16.933,298,772.3,201.6,822.5,339.9,0.7578
508,16.933,265,942.6,220.8,960.0,308.1,0.3697
508,16.933,327,330.4,167.2,413.6,405.1,0.8450
508,16.933,157,916.2,212.6,949.2,311.8,0.7299
508,16.933,347,229.9,130.9,355.8,459.1,0.9117
508,16.933,355,808.9,221.5,845.5,320.1,0.3234
508,16.933,360,683.4,216.8,718.7,330.6,0.6679
508,16.933,5,58.1,262.5,95.7,372.8,0.4825
508,16.933,259,713.1,214.2,755.2,334.2,0.7845
509,16.967,298,774.0,200.1,824.6,339.9,0.7647
509,16.967,327,337.4,167.3,421.3,404.7,0.8897
509,16.967,157,916.9,214.1,949.8,311.5,0.7425
509,16.967,347,238.2,135.4,365.3,458.7,0.9112
509,16.967,355,813.1,224.9,848.3,320.3,0.3127
509,16.967,360,680.4,217.0,715.1,327.8,0.7606
509,16.967,5,57.5,258.6,96.1,372.6,0.5191
509,16.967,259,711.3,213.4,754.8,334.0,0.8018
510,17.000,298,776.4,199.8,826.3,339.6,0.7736
510,17.000,327,342.1,167.6,426.7,404.8,0.9015
510,17.000,157,917.6,215.4,950.6,311.6,0.7550
510,17.000,347,241.9,137.9,371.7,459.3,0.8986
510,17.000,355,815.5,226.6,849.5,319.0,0.4585
510,17.000,360,678.7,217.7,713.6,328.4,0.8170
510,17.000,5,58.1,261.8,95.7,372.8,0.5778
510,17.000,259,708.9,213.5,753.2,333.6,0.7710
511,17.033,298,777.7,200.0,826.8,339.5,0.7654
511,17.033,327,346.8,169.1,431.2,404.1,0.9001
511,17.033,157,918.0,216.1,951.1,311.8,0.7464
511,17.033,347,244.4,140.4,376.0,458.8,0.8907
511,17.033,355,814.8,219.2,851.6,319.6,0.5707
511,17.033,360,676.5,216.6,712.5,330.1,0.7689
511,17.033,5,58.1,262.2,95.5,372.8,0.6057
511,17.033,259,706.9,213.4,751.3,332.7,0.7817
512,17.067,298,780.3,200.5,828.6,338.9,0.7391
512,17.067,327,351.1,170.3,435.0,403.1,0.8661
512,17.067,157,917.9,216.5,951.2,312.6,0.7155
512,17.067,347,250.7,141.8,382.2,456.9,0.8779
512,17.067,355,817.4,218.2,854.3,319.7,0.6921
512,17.067,360,671.1,217.4,707.6,330.8,0.7264
512,17.067,5,58.4,261.4,95.9,372.8,0.6507
512,17.067,259,702.8,213.6,746.9,332.5,0.6947
513,17.100,298,782.4,201.3,829.4,337.1,0.7244
513,17.100,327,354.1,169.4,437.7,402.5,0.8232
513,17.100,157,917.3,212.9,951.6,312.3,0.6969
513,17.100,347,257.1,141.1,388.5,455.5,0.9033
513,17.100,355,819.2,218.1,856.3,319.8,0.7338
513,17.100,360,666.0,218.9,702.8,330.8,0.6153
513,17.100,5,58.9,262.5,95.8,372.7,0.5913
513,17.100,259,698.7,214.1,742.0,331.8,0.6334
514,17.133,298,784.1,201.6,830.6,337.2,0.7556
514,17.133,265,942.4,200.2,960.0,303.7,0.3959
514,17.133,327,357.6,171.8,439.2,401.0,0.8056
514,17.133,157,916.9,210.1,952.3,312.9,0.6225
514,17.133,347,267.9,140.0,396.2,450.7,0.8857
514,17.133,355,819.8,216.1,857.1,319.3,0.7284
514,17.133,360,660.6,221.2,697.7,330.3,0.6550
514,17.133,5,59.4,263.2,95.9,372.6,0.6295
514,17.133,259,694.4,214.7,737.0,332.0,0.6776
515,17.167,298,786.7,202.4,832.7,337.9,0.7480
515,17.167,265,941.0,197.6,960.0,313.5,0.3193
515,17.167,327,360.3,172.8,438.0,398.0,0.7490
515,17.167,157,919.9,213.6,954.6,313.5,0.4935
515,17.167,347,283.3,140.1,406.9,445.5,0.8573
515,17.167,355,821.1,218.0,858.3,320.6,0.5385
515,17.167,360,658.6,224.3,696.1,331.1,0.5328
515,17.167,5,59.2,260.3,96.3,372.5,0.6516
515,17.167,259,691.1,215.4,732.3,330.7,0.7018
516,17.200,298,788.4,202.5,834.3,338.9,0.7700
516,17.200,265,938.9,193.9,960.0,318.8,0.3485
516,17.200,327,365.9,173.5,440.6,396.3,0.7681
516,17.200,157,920.1,205.0,957.2,313.3,0.4495
516,17.200,347,297.4,139.0,417.1,441.9,0.8529
516,17.200,355,822.8,218.9,859.3,319.6,0.4887
516,17.200,360,656.8,225.6,694.2,330.8,0.4542
516,17.200,5,59.3,260.6,96.4,373.0,0.5689
516,17.200,259,689.1,215.6,730.1,332.1,0.7424
516,17.200,374,0.0,270.8,23.0,338.5,0.3981
516,17.200,375,664.0,226.2,695.9,326.9,0.3753
517,17.233,298,790.5,202.5,836.1,339.0,0.8123
517,17.233,327,371.4,173.1,445.5,398.9,0.7829
517,17.233,157,921.7,194.4,960.0,313.5,0.6365
517,17.233,347,314.0,136.6,429.6,439.2,0.8454
517,17.233,355,825.2,222.5,860.4,319.8,0.5969
517,17.233,5,59.8,263.4,96.0,373.0,0.6059
517,17.233,259,689.0,216.4,729.8,332.6,0.7093
517,17.233,374,0.0,269.4,23.2,338.5,0.3084
517,17.233,375,662.0,227.0,694.8,330.0,0.4516
518,17.267,298,793.0,203.6,837.9,338.5,0.7829
518,17.267,327,378.2,172.5,450.4,397.2,0.7825
518,17.267,157,919.7,190.5,960.0,331.0,0.7022
518,17.267,347,323.9,138.2,434.6,438.2,0.8373
518,17.267,355,826.0,221.0,861.7,320.2,0.4194
518,17.267,5,60.1,262.0,96.8,372.9,0.6094
518,17.267,259,686.0,217.7,725.8,332.1,0.6892
518,17.267,375,659.1,226.5,692.4,330.7,0.5438
519,17.300,298,795.3,205.0,839.6,338.5,0.7713
519,17.300,327,382.6,172.9,456.2,407.7,0.6358
519,17.300,157,919.6,190.2,960.0,338.1,0.6589
519,17.300,347,333.9,139.8,441.3,437.2,0.7446
519,17.300,355,825.2,217.8,862.2,320.6,0.4140
519,17.300,5,59.9,259.9,97.3,372.9,0.5952
519,17.300,259,683.6,218.5,722.4,331.4,0.6718
519,17.300,375,655.1,225.0,689.2,331.3,0.6924
519,17.300,338,705.8,223.5,742.7,330.4,0.5137
520,17.333,298,797.5,205.1,841.3,337.9,0.7082
520,17.333,157,918.6,189.7,960.0,341.4,0.7193
520,17.333,347,346.4,139.7,454.2,436.2,0.8655
520,17.333,5,59.7,258.6,97.7,373.0,0.6286
520,17.333,259,682.5,220.6,721.0,331.2,0.5928
520,17.333,375,652.4,222.5,687.4,331.8,0.7959
520,17.333,338,708.7,223.3,744.9,330.1,0.6007
521,17.367,298,799.6,205.6,842.5,335.7,0.7217
521,17.367,157,917.5,189.5,960.0,342.3,0.7493
521,17.367,347,355.3,143.2,463.6,435.6,0.8907
521,17.367,355,827.4,214.7,865.0,322.0,0.4383
521,17.367,5,60.2,257.4,98.9,373.1,0.6196
521,17.367,259,683.1,221.3,722.1,331.1,0.6692
521,17.367,375,649.7,220.0,685.3,331.3,0.7752
521,17.367,338,712.5,225.3,746.6,325.7,0.6045
522,17.400,298,800.8,203.6,844.0,335.3,0.7321
522,17.400,157,918.1,189.0,960.0,343.4,0.7464
522,17.400,347,360.4,147.2,470.7,436.8,0.8834
522,17.400,355,828.9,214.3,866.3,322.1,0.4677
522,17.400,5,60.2,256.2,99.6,373.2,0.5674
522,17.400,259,678.9,219.8,718.1,328.9,0.6721
522,17.400,375,647.7,220.0,683.2,331.2,0.7125
522,17.400,338,715.1,227.0,748.9,325.9,0.6700
523,17.433,298,802.3,202.2,845.6,335.1,0.7341
523,17.433,157,916.3,187.7,960.0,343.9,0.7668
523,17.433,347,361.9,149.9,474.3,436.9,0.8911
523,17.433,355,829.5,212.5,866.8,321.4,0.4464
523,17.433,5,60.7,259.4,98.6,371.9,0.5451
523,17.433,259,675.0,218.9,713.4,325.7,0.7000
523,17.433,375,646.1,220.4,681.6,331.0,0.7373
523,17.433,338,718.6,226.4,752.2,324.7,0.6874
524,17.467,298,804.1,201.4,847.3,334.1,0.7574
524,17.467,157,915.3,188.9,960.0,344.4,0.7620
524,17.467,347,363.7,152.2,477.3,435.9,0.8967
524,17.467,355,829.8,210.5,867.5,322.1,0.2938
524,17.467,5,60.4,256.6,99.7,372.7,0.5329
524,17.467,259,672.1,217.8,711.0,326.0,0.5818
524,17.467,375,642.9,219.7,678.3,330.5,0.6915
524,17.467,338,722.7,224.9,757.9,325.1,0.6679
