frame,timestamp,track_id,x1,y1,x2,y2,confidence
0,0.000,1,818.0,452.2,871.5,617.3,0.8570
0,0.000,2,737.9,482.8,812.6,661.2,0.8555
0,0.000,3,882.5,464.5,940.5,624.9,0.8475
0,0.000,4,970.4,443.0,1044.2,617.7,0.8077
0,0.000,5,395.3,271.7,416.8,334.2,0.6796
0,0.000,6,517.5,326.5,547.7,413.1,0.6620
0,0.000,7,366.1,279.4,386.5,333.4,0.6061
1,0.042,1,816.9,451.9,870.4,616.8,0.8462
1,0.042,2,740.3,484.1,815.1,663.0,0.8382
1,0.042,3,881.6,463.4,940.3,625.7,0.8332
1,0.042,4,968.8,443.0,1042.7,617.8,0.7962
1,0.042,5,395.5,272.1,416.7,333.8,0.7175
1,0.042,6,516.7,326.5,546.5,411.8,0.6989
1,0.042,7,365.3,272.9,387.8,332.6,0.6276
2,0.083,1,815.8,451.0,869.7,617.2,0.8487
2,0.083,2,744.9,486.7,820.1,666.1,0.8556
2,0.083,3,880.7,462.7,939.5,625.4,0.8547
2,0.083,4,967.0,444.1,1040.5,617.7,0.8148
2,0.083,5,395.6,271.9,416.8,333.1,0.7224
2,0.083,6,515.8,325.1,545.9,411.3,0.7295
2,0.083,7,364.8,269.8,388.4,332.6,0.6561
3,0.125,1,813.3,450.3,867.3,616.5,0.8429
3,0.125,2,751.1,490.6,827.5,672.3,0.8446
3,0.125,3,878.1,460.9,936.9,623.9,0.8483
3,0.125,4,965.8,442.9,1040.4,618.5,0.8166
3,0.125,5,395.8,271.1,417.4,333.2,0.7432
3,0.125,6,513.5,322.3,544.4,411.1,0.7344
3,0.125,7,364.7,267.2,389.3,332.7,0.6358
4,0.167,1,812.4,450.1,866.5,616.3,0.8426
4,0.167,2,752.8,491.7,829.8,674.2,0.8447
4,0.167,3,877.3,460.4,936.1,623.4,0.8477
4,0.167,4,965.3,442.5,1040.6,618.7,0.8168
4,0.167,5,395.8,270.8,417.6,333.2,0.7431
4,0.167,6,512.9,321.5,543.9,411.0,0.7346
4,0.167,7,364.8,266.4,389.5,332.8,0.6357
5,0.209,1,811.3,450.0,865.2,615.4,0.8042
5,0.209,2,753.7,494.7,831.5,678.6,0.8543
5,0.209,3,875.1,461.1,934.0,624.7,0.8176
5,0.209,4,963.8,440.6,1038.7,615.6,0.8113
5,0.209,5,395.8,270.1,418.1,333.6,0.7356
5,0.209,6,511.3,321.2,542.2,410.8,0.7311
5,0.209,7,365.1,265.6,390.1,333.1,0.6281
6,0.250,1,810.8,449.9,864.4,614.4,0.7654
6,0.250,2,754.6,495.7,833.3,681.2,0.8034
6,0.250,3,873.7,460.9,932.0,622.8,0.8232
6,0.250,4,962.7,439.9,1036.3,612.5,0.8273
6,0.250,5,395.9,269.6,418.5,333.8,0.7134
6,0.250,6,510.9,320.9,541.5,410.1,0.7287
6,0.250,7,365.4,265.1,390.4,333.0,0.6364
7,0.292,1,812.6,448.7,856.4,578.3,0.5655
7,0.292,2,761.7,500.8,839.5,682.3,0.5022
7,0.292,3,870.9,459.4,929.7,623.1,0.8254
7,0.292,4,960.0,439.2,1031.5,608.5,0.8085
7,0.292,5,396.0,269.8,418.9,334.3,0.7739
7,0.292,6,509.7,320.7,539.7,409.0,0.7115
7,0.292,7,366.7,270.8,389.3,333.1,0.6552
7,0.292,9,545.5,317.7,557.2,381.4,0.5364
8,0.334,1,814.4,447.9,852.7,556.1,0.6248
8,0.334,2,770.0,503.0,848.5,683.0,0.6544
8,0.334,3,869.2,457.6,928.1,621.8,0.8375
8,0.334,4,957.1,436.6,1026.6,604.1,0.7682
8,0.334,5,395.8,269.2,419.2,335.1,0.7917
8,0.334,6,508.9,320.7,538.8,409.4,0.6820
8,0.334,7,366.8,272.3,389.4,334.9,0.7097
8,0.334,9,545.0,315.8,558.2,388.1,0.5739
9,0.375,1,813.6,447.6,850.5,546.9,0.6527
9,0.375,2,776.4,504.4,855.1,682.7,0.7354
9,0.375,3,868.1,456.5,926.7,619.9,0.8431
9,0.375,4,954.6,435.2,1022.6,602.7,0.7621
9,0.375,5,395.5,267.3,419.9,336.1,0.7994
9,0.375,6,508.5,319.5,538.3,408.2,0.7004
9,0.375,7,366.9,273.2,389.5,336.6,0.7031
9,0.375,9,545.2,316.6,559.2,391.8,0.6377
10,0.417,1,808.9,445.2,850.5,553.9,0.4879
10,0.417,2,786.4,514.8,861.4,683.3,0.6369
10,0.417,3,866.5,455.5,923.8,615.0,0.8430
10,0.417,4,949.9,433.9,1016.3,601.9,0.7555
10,0.417,5,395.6,266.9,420.5,337.0,0.8290
10,0.417,6,507.0,317.2,537.8,409.4,0.6751
10,0.417,7,367.1,274.2,389.7,337.8,0.7239
10,0.417,9,544.5,315.9,559.1,393.8,0.6526
11,0.459,1,807.7,443.8,847.9,544.6,0.5802
11,0.459,2,789.9,509.7,867.7,684.3,0.6651
11,0.459,3,865.3,454.6,922.1,612.4,0.8665
11,0.459,4,946.8,432.9,1012.2,602.3,0.7750
11,0.459,5,395.4,265.6,420.9,337.2,0.8355
11,0.459,6,506.6,315.8,537.6,408.8,0.6919
11,0.459,7,367.1,274.8,389.5,338.1,0.7242
11,0.459,9,543.8,315.5,559.3,396.3,0.6322
12,0.501,1,805.2,442.3,846.7,543.2,0.5811
12,0.501,2,793.8,509.0,873.7,688.3,0.5911
12,0.501,3,864.0,454.2,920.1,610.5,0.8654
12,0.501,4,945.5,432.6,1009.3,601.4,0.7949
12,0.501,5,395.7,266.1,421.0,337.1,0.8315
12,0.501,6,506.6,315.7,537.4,408.5,0.7194
12,0.501,7,367.6,275.5,389.4,337.5,0.7223
12,0.501,9,543.1,315.5,559.2,398.0,0.6072
13,0.542,1,801.3,440.8,847.5,551.4,0.6268
13,0.542,2,795.3,509.0,876.4,692.4,0.7267
13,0.542,3,863.0,453.8,918.2,607.8,0.8378
13,0.542,4,944.4,432.3,1006.8,600.8,0.8111
13,0.542,5,396.5,267.9,421.2,337.1,0.8139
13,0.542,6,506.6,316.3,537.0,408.0,0.7377
13,0.542,7,367.8,276.0,389.4,337.3,0.7161
13,0.542,9,542.4,315.3,559.2,399.8,0.6005
14,0.584,1,799.8,440.2,847.5,552.7,0.7405
14,0.584,2,797.0,512.2,877.8,696.1,0.7366
14,0.584,3,861.8,453.1,916.9,606.8,0.8182
14,0.584,4,941.9,430.5,1004.0,601.2,0.7819
14,0.584,5,396.8,268.6,421.3,337.3,0.8183
14,0.584,6,506.3,316.2,536.5,407.7,0.7552
14,0.584,7,367.8,275.7,389.4,337.1,0.7057
14,0.584,9,541.8,315.5,559.1,401.0,0.5916
15,0.626,1,793.8,439.6,846.9,565.3,0.7754
15,0.626,2,800.2,513.0,882.0,701.1,0.8410
15,0.626,3,859.0,451.6,914.2,605.5,0.8450
15,0.626,4,938.3,430.2,999.9,601.6,0.7959
15,0.626,5,397.4,269.5,421.6,337.0,0.8199
15,0.626,6,506.2,315.9,536.2,406.8,0.7930
15,0.626,7,368.0,274.6,390.1,337.7,0.6746
15,0.626,9,540.4,313.2,559.0,403.7,0.5877
16,0.668,1,791.8,439.4,846.6,569.8,0.7744
16,0.668,2,801.6,513.3,883.2,702.9,0.8393
16,0.668,3,858.1,451.1,913.3,605.1,0.8447
16,0.668,4,937.3,430.1,998.3,601.8,0.7957
16,0.668,5,397.5,269.9,421.7,336.9,0.8199
16,0.668,6,506.1,315.8,536.0,406.4,0.7930
16,0.668,7,368.1,274.1,390.3,337.8,0.6747
16,0.668,9,539.7,312.4,559.0,404.7,0.5874
17,0.709,1,788.9,439.6,846.4,578.0,0.8408
17,0.709,2,805.7,516.8,887.6,708.0,0.8002
17,0.709,3,856.5,450.0,911.7,604.2,0.8323
17,0.709,4,935.0,429.8,994.8,599.4,0.8083
17,0.709,5,398.0,269.8,422.2,336.7,0.8103
17,0.709,6,505.9,316.4,535.5,405.9,0.8000
17,0.709,7,368.5,273.2,390.8,337.4,0.6535
17,0.709,9,539.6,314.1,558.5,403.4,0.4457
18,0.751,1,786.8,438.6,846.1,583.6,0.8507
18,0.751,2,809.3,516.5,893.1,712.8,0.7811
18,0.751,3,855.7,450.5,908.6,598.3,0.8323
18,0.751,4,933.8,428.8,992.9,597.6,0.8176
18,0.751,5,398.8,270.2,422.6,335.7,0.7965
18,0.751,6,505.9,316.8,535.2,405.5,0.8025
18,0.751,7,369.2,272.7,391.3,336.6,0.6566
18,0.751,9,539.1,315.1,558.1,403.1,0.4992
19,0.793,1,784.5,439.0,843.8,585.1,0.8531
19,0.793,2,816.0,519.5,899.2,715.2,0.7832
19,0.793,3,853.5,449.7,904.7,593.0,0.7714
19,0.793,4,931.8,426.5,990.7,596.4,0.8481
19,0.793,5,399.7,271.1,423.1,335.3,0.7824
19,0.793,6,505.7,316.7,534.8,404.7,0.8005
19,0.793,7,369.6,272.7,392.1,337.5,0.6219
19,0.793,9,538.8,315.8,558.0,402.8,0.6080
20,0.834,1,782.6,439.3,841.6,586.2,0.8404
20,0.834,2,821.1,516.5,904.5,715.7,0.7925
20,0.834,3,854.3,448.6,899.0,572.0,0.7767
20,0.834,4,930.2,425.4,988.2,594.2,0.8527
20,0.834,5,400.3,271.9,423.8,336.4,0.7971
20,0.834,6,505.5,317.1,534.3,404.0,0.8026
20,0.834,7,369.6,272.8,392.4,338.4,0.6301
20,0.834,9,538.2,316.3,557.2,401.4,0.5917
20,0.834,16,89.5,274.0,109.4,323.1,0.4910
21,0.876,1,781.2,439.1,839.9,586.7,0.8238
21,0.876,2,826.3,515.9,908.4,715.5,0.7556
21,0.876,3,853.9,448.0,895.4,560.5,0.7794
21,0.876,4,928.8,424.5,985.7,590.9,0.8655
21,0.876,5,400.4,272.5,424.1,337.3,0.7983
21,0.876,6,505.0,317.4,533.3,403.5,0.7991
21,0.876,7,369.6,272.6,392.6,338.9,0.6323
21,0.876,9,537.3,317.0,556.3,400.2,0.5827
22,0.918,1,779.3,437.9,837.9,587.2,0.7967
22,0.918,2,834.8,517.5,915.5,716.9,0.7371
22,0.918,3,851.2,445.6,892.9,555.8,0.7516
22,0.918,4,923.7,423.8,979.8,588.1,0.8391
22,0.918,5,400.6,272.5,424.7,338.3,0.7970
22,0.918,6,504.8,316.3,533.4,403.1,0.7806
22,0.918,7,369.8,272.7,392.6,338.8,0.6549
22,0.918,9,537.2,317.0,556.4,400.0,0.5152
23,0.960,1,777.9,436.2,836.2,586.7,0.7903
23,0.960,2,841.3,521.0,919.1,716.3,0.7745
23,0.960,3,847.6,443.5,891.9,558.9,0.7844
23,0.960,4,920.1,422.6,976.1,587.4,0.8048
23,0.960,5,401.0,272.2,425.2,338.8,0.7837
23,0.960,6,504.2,316.9,532.7,403.0,0.7807
23,0.960,7,370.1,273.0,392.7,338.4,0.6736
23,0.960,9,536.9,317.4,556.2,399.4,0.5290
23,0.960,18,106.9,272.2,126.1,322.4,0.6094
24,1.001,1,775.4,433.6,833.9,586.7,0.8307
24,1.001,2,845.3,523.6,921.0,715.7,0.8307
24,1.001,3,843.8,442.0,892.4,568.1,0.8315
24,1.001,4,917.0,421.9,972.2,585.4,0.8139
24,1.001,5,401.3,272.0,425.7,338.9,0.7627
24,1.001,6,503.4,317.8,531.6,403.0,0.7816
24,1.001,7,370.2,272.5,392.9,338.5,0.6742
24,1.001,9,536.5,316.4,556.3,399.6,0.5840
24,1.001,18,111.3,272.9,129.8,321.2,0.4769
25,1.043,1,774.7,432.0,832.4,585.3,0.8145
25,1.043,2,849.8,524.7,925.5,716.2,0.8384
25,1.043,3,841.8,440.8,892.4,571.6,0.8439
25,1.043,4,914.0,421.9,968.2,583.5,0.8295
25,1.043,5,401.8,272.1,426.2,339.2,0.7358
25,1.043,6,502.8,317.7,531.3,403.2,0.7599
25,1.043,7,370.5,272.5,393.4,338.8,0.6516
25,1.043,9,536.1,315.8,556.5,400.1,0.6085
25,1.043,18,116.9,273.4,133.6,316.6,0.3905
26,1.085,1,773.7,431.5,830.9,584.6,0.8254
26,1.085,2,855.2,526.4,931.5,719.2,0.8311
26,1.085,3,840.2,440.4,892.9,576.2,0.8477
26,1.085,4,911.3,421.4,965.3,583.4,0.8286
26,1.085,5,402.1,272.4,426.5,339.5,0.7179
26,1.085,6,502.1,317.4,531.0,403.4,0.7514
26,1.085,7,371.2,274.4,394.0,339.7,0.6390
26,1.085,9,535.2,315.6,556.2,400.5,0.6213
26,1.085,18,122.1,272.5,138.6,314.6,0.6142
27,1.126,1,771.1,429.3,828.2,583.6,0.8386
27,1.126,2,864.7,528.4,942.1,719.9,0.8301
27,1.126,3,838.0,438.7,894.0,582.8,0.8294
27,1.126,4,906.9,422.1,960.3,583.3,0.7731
27,1.126,5,402.5,272.6,426.8,339.2,0.7108
27,1.126,6,501.1,317.6,530.1,403.0,0.7748
27,1.126,7,371.5,271.9,395.1,339.4,0.6421
27,1.126,9,533.5,315.8,555.2,401.3,0.6786
27,1.126,18,129.1,272.9,145.7,314.8,0.4228
28,1.168,1,770.2,428.5,827.0,583.2,0.8378
28,1.168,2,867.6,529.0,946.3,720.0,0.8304
28,1.168,3,837.2,438.1,894.5,585.4,0.8292
28,1.168,4,905.4,422.3,958.4,583.3,0.7725
28,1.168,5,402.6,272.7,426.8,339.1,0.7105
28,1.168,6,500.6,317.7,529.8,402.9,0.7746
28,1.168,7,371.7,270.9,395.4,339.4,0.6417
28,1.168,9,532.6,315.8,554.9,401.6,0.6782
28,1.168,18,131.0,273.1,147.9,314.9,0.4033
29,1.210,1,769.1,429.1,824.3,579.0,0.8668
29,1.210,2,869.8,532.3,947.6,719.6,0.8034
29,1.210,3,833.9,437.2,892.4,587.6,0.8312
29,1.210,4,903.5,421.5,955.9,580.9,0.7658
29,1.210,5,402.8,272.4,427.1,338.9,0.6839
29,1.210,6,499.3,316.8,528.6,402.3,0.7580
29,1.210,7,371.7,270.5,395.4,339.0,0.6031
29,1.210,9,531.5,315.6,554.3,400.8,0.7005
29,1.210,18,138.8,273.3,155.3,313.5,0.5486
30,1.252,1,768.4,429.1,823.1,577.1,0.8531
30,1.252,2,872.9,541.8,947.7,719.2,0.7943
30,1.252,3,830.9,436.8,889.9,589.0,0.8693
30,1.252,4,896.6,421.9,949.7,580.0,0.7833
30,1.252,5,402.6,271.0,427.5,339.1,0.6769
30,1.252,6,498.0,316.6,527.1,401.8,0.7123
30,1.252,7,371.8,269.2,395.7,339.1,0.5876
30,1.252,9,530.5,315.6,553.5,399.2,0.6499
30,1.252,18,143.6,273.1,160.4,313.4,0.5174
31,1.293,1,766.0,428.0,821.2,577.0,0.8680
31,1.293,2,877.4,544.0,953.0,720.0,0.8443
31,1.293,3,828.6,437.3,886.8,587.1,0.8849
31,1.293,4,891.1,421.1,943.9,575.0,0.8256
31,1.293,5,402.6,270.3,428.0,340.2,0.7237
31,1.293,6,496.4,315.4,525.5,401.2,0.4835
31,1.293,7,371.9,269.0,396.4,340.9,0.6763
31,1.293,9,529.8,313.8,553.5,397.9,0.6787
31,1.293,18,150.0,272.0,167.5,313.4,0.4362
32,1.335,1,764.3,427.4,820.0,577.1,0.8850
32,1.335,2,880.6,544.8,957.2,719.9,0.8315
32,1.335,3,825.3,436.8,884.1,588.4,0.8786
32,1.335,4,888.9,420.6,942.1,573.6,0.8093
32,1.335,5,402.7,270.1,428.3,340.9,0.7424
32,1.335,6,495.5,316.6,523.7,400.7,0.4695
32,1.335,7,372.0,268.5,397.0,341.8,0.7350
32,1.335,9,528.7,313.0,553.0,397.3,0.6971
32,1.335,18,155.0,270.6,173.1,312.4,0.3936
33,1.377,1,763.1,427.3,818.8,576.9,0.8824
33,1.377,2,885.5,543.5,963.3,719.6,0.8546
33,1.377,3,822.9,435.9,881.9,589.2,0.8966
33,1.377,4,887.2,419.8,941.5,574.2,0.8117
33,1.377,5,403.0,270.7,428.4,341.5,0.7348
33,1.377,6,495.1,317.2,522.7,400.8,0.4897
33,1.377,7,372.3,268.7,397.3,342.3,0.7497
33,1.377,9,527.8,312.1,552.5,397.0,0.7162
33,1.377,18,159.5,270.6,177.6,311.3,0.5869
34,1.418,1,760.7,427.4,816.0,576.5,0.8931
34,1.418,2,896.5,542.4,974.9,720.0,0.8229
34,1.418,3,818.6,434.7,878.2,589.8,0.8433
34,1.418,4,885.2,418.4,940.1,574.7,0.8390
34,1.418,5,403.2,271.0,428.6,342.1,0.7361
34,1.418,6,493.7,316.1,521.4,400.6,0.5861
34,1.418,7,372.3,269.0,397.3,342.6,0.7239
34,1.418,9,526.4,311.3,552.0,397.1,0.6883
34,1.418,18,167.1,270.1,186.0,312.4,0.5132
35,1.460,1,759.1,427.1,814.0,575.7,0.8985
35,1.460,2,904.4,542.8,982.5,720.0,0.8207
35,1.460,3,816.0,433.7,874.9,586.7,0.8382
35,1.460,4,883.7,417.5,938.9,574.8,0.8300
35,1.460,5,403.4,271.2,428.5,342.3,0.7425
35,1.460,6,493.0,315.8,520.7,400.5,0.5898
35,1.460,7,372.3,269.2,397.4,342.8,0.7405
35,1.460,9,525.4,311.3,551.4,396.9,0.7185
35,1.460,18,172.4,272.3,192.0,316.0,0.4312
36,1.502,1,758.4,426.2,813.0,574.8,0.8936
36,1.502,2,910.9,543.1,988.4,719.1,0.8335
36,1.502,3,815.0,433.0,872.0,580.4,0.8381
36,1.502,4,881.7,416.4,937.0,574.4,0.8234
36,1.502,5,403.6,271.3,428.5,342.3,0.7511
36,1.502,6,492.3,315.8,520.0,400.4,0.4889
36,1.502,7,372.5,269.4,397.6,342.8,0.7498
36,1.502,9,524.6,311.7,550.6,395.8,0.6771
36,1.502,18,176.7,274.4,196.5,318.4,0.5246
37,1.544,1,758.0,425.5,812.6,574.9,0.8791
37,1.544,2,915.8,543.9,993.0,719.0,0.8655
37,1.544,3,813.4,432.1,870.3,578.1,0.8681
37,1.544,4,879.7,415.9,934.9,574.3,0.8145
37,1.544,5,403.6,271.4,428.4,342.1,0.7489
37,1.544,6,491.6,316.2,519.2,400.4,0.4434
37,1.544,7,372.5,269.5,397.6,342.7,0.7634
37,1.544,9,523.6,311.6,550.0,395.7,0.6818
37,1.544,18,181.0,275.6,200.7,319.5,0.4478
38,1.585,1,756.8,424.1,811.9,575.5,0.8756
38,1.585,2,920.9,546.6,997.0,718.6,0.8613
38,1.585,3,812.6,431.6,869.2,576.5,0.8892
38,1.585,4,877.7,415.9,932.6,573.5,0.8110
38,1.585,5,403.7,271.6,428.3,342.0,0.7301
38,1.585,6,491.1,315.8,518.9,400.3,0.4464
38,1.585,7,372.4,269.3,397.6,342.6,0.7775
38,1.585,9,522.9,311.6,549.9,396.2,0.7024
38,1.585,18,185.3,274.6,205.5,319.4,0.4181
39,1.627,1,755.4,421.6,809.9,571.6,0.8630
39,1.627,2,927.7,549.6,1003.4,719.6,0.8537
39,1.627,3,810.2,431.6,866.3,574.9,0.8420
39,1.627,4,875.0,414.6,930.8,574.6,0.8285
39,1.627,5,403.8,271.7,428.4,341.9,0.7272
39,1.627,6,490.9,315.4,518.6,399.9,0.3447
39,1.627,7,372.4,269.3,397.6,342.5,0.7560
39,1.627,9,522.4,311.8,549.8,396.7,0.6073
40,1.669,1,755.0,420.7,809.2,570.1,0.8641
40,1.669,2,929.9,550.7,1005.7,720.0,0.8536
40,1.669,3,809.3,431.6,865.4,574.3,0.8423
40,1.669,4,874.1,414.1,930.2,575.0,0.8285
40,1.669,5,403.8,271.7,428.4,341.9,0.7272
40,1.669,6,490.8,315.3,518.6,399.7,0.3447
40,1.669,7,372.4,269.3,397.6,342.5,0.7560
40,1.669,9,522.1,311.9,549.9,397.0,0.6074
41,1.710,1,754.7,419.9,807.6,565.0,0.8274
41,1.710,2,937.6,556.9,1011.4,720.0,0.8570
41,1.710,3,803.6,429.9,861.0,574.8,0.8251
41,1.710,4,871.9,414.5,927.5,573.1,0.8267
41,1.710,5,404.1,272.0,428.6,341.8,0.7238
41,1.710,7,372.4,269.2,397.6,342.6,0.7494
41,1.710,9,521.7,312.2,549.5,397.0,0.5103
41,1.710,18,201.2,274.2,221.7,319.5,0.3199
42,1.752,1,753.7,420.2,806.4,565.1,0.7863
42,1.752,2,942.7,560.6,1015.8,720.0,0.8503
42,1.752,3,799.1,429.6,857.2,573.7,0.8159
42,1.752,4,869.6,414.0,925.5,572.8,0.8325
42,1.752,5,404.4,272.5,428.7,342.0,0.7302
42,1.752,7,372.7,270.2,397.6,342.9,0.7373
42,1.752,9,521.4,312.2,549.2,396.2,0.5061
42,1.752,18,205.8,274.4,226.4,320.2,0.4718
43,1.794,1,752.0,419.0,804.9,564.8,0.8030
43,1.794,2,952.1,565.7,1023.7,720.0,0.8247
43,1.794,3,795.7,429.3,854.0,574.5,0.8190
43,1.794,4,865.7,413.5,921.9,572.3,0.8401
43,1.794,5,404.5,272.7,429.4,343.3,0.7437
43,1.794,6,490.9,312.1,514.5,384.0,0.3996
43,1.794,7,373.2,274.1,397.3,343.5,0.7645
43,1.794,9,520.6,308.4,549.4,394.6,0.6753
44,1.836,1,750.3,418.9,803.1,564.4,0.7928
44,1.836,2,958.5,568.1,1029.7,720.0,0.8319
44,1.836,3,794.3,430.0,852.0,574.0,0.7901
44,1.836,4,862.9,412.8,919.0,571.7,0.8402
44,1.836,5,404.6,273.0,429.8,344.2,0.7588
44,1.836,6,489.1,310.7,515.3,390.9,0.4334
44,1.836,7,373.2,274.9,397.3,343.9,0.7630
44,1.836,9,520.1,306.4,549.6,393.7,0.7424
45,1.877,1,748.9,419.3,801.1,563.3,0.8002
45,1.877,2,964.7,569.9,1036.1,720.0,0.8296
45,1.877,3,792.9,430.6,850.0,573.7,0.8251
45,1.877,4,859.9,413.0,915.0,569.1,0.8654
45,1.877,5,404.8,273.6,430.0,344.9,0.7596
45,1.877,6,488.3,310.2,515.2,393.2,0.5057
45,1.877,7,373.3,276.0,397.3,344.3,0.7563
45,1.877,9,519.5,304.4,549.5,392.4,0.7164
45,1.877,18,222.3,271.2,243.4,317.7,0.6337
46,1.919,1,745.9,419.1,798.2,561.6,0.8067
46,1.919,2,975.3,570.4,1047.9,719.9,0.8707
46,1.919,3,789.7,430.2,846.7,573.4,0.8367
46,1.919,4,856.8,410.2,911.7,565.5,0.8676
46,1.919,5,405.0,274.1,430.3,345.7,0.7739
46,1.919,6,487.8,309.9,514.5,392.5,0.4259
46,1.919,7,373.6,277.2,397.4,344.3,0.7636
46,1.919,9,518.6,303.3,549.0,391.5,0.6934
46,1.919,18,230.5,270.3,251.6,317.3,0.5627
47,1.961,1,743.9,419.2,796.5,561.4,0.8164
47,1.961,2,982.6,571.2,1056.5,720.0,0.8569
47,1.961,3,787.8,429.2,844.3,572.1,0.8169
47,1.961,4,855.2,410.7,910.2,566.3,0.8528
47,1.961,5,405.5,274.3,430.7,345.3,0.7496
47,1.961,6,487.2,310.3,514.1,393.5,0.4855
47,1.961,7,373.9,278.0,397.6,344.2,0.7532
47,1.961,9,517.6,303.7,547.9,390.8,0.6823
47,1.961,18,236.0,271.1,257.2,318.2,0.6000
48,2.003,1,742.3,419.2,795.0,560.9,0.8239
48,2.003,2,988.7,571.6,1064.2,720.0,0.8842
48,2.003,3,785.6,428.8,841.3,570.6,0.8323
48,2.003,4,854.7,409.9,908.9,562.9,0.8474
48,2.003,5,405.7,274.7,430.6,344.8,0.7462
48,2.003,6,486.8,310.3,513.9,394.0,0.4672
48,2.003,7,374.0,278.3,397.7,344.2,0.7505
48,2.003,9,516.7,303.4,547.4,391.3,0.6659
48,2.003,18,239.9,272.1,260.5,317.8,0.6861
49,2.044,1,740.3,419.0,793.3,560.6,0.8291
49,2.044,2,994.7,572.5,1071.5,720.0,0.8668
49,2.044,3,783.3,428.4,838.1,569.4,0.8294
49,2.044,4,853.4,409.4,907.3,561.3,0.8568
49,2.044,5,405.7,274.8,430.7,344.8,0.7460
49,2.044,6,486.1,310.4,513.1,393.7,0.4153
49,2.044,7,374.0,278.1,398.0,344.2,0.7609
49,2.044,9,515.7,303.8,546.4,391.0,0.6325
49,2.044,18,244.2,272.6,264.9,317.7,0.4197
50,2.086,1,738.6,418.0,792.4,561.1,0.8580
50,2.086,2,999.1,574.5,1077.0,720.0,0.8674
50,2.086,3,781.8,427.7,835.5,566.9,0.8123
50,2.086,4,850.8,408.1,905.1,560.8,0.8524
50,2.086,5,405.6,274.5,430.9,344.8,0.7645
50,2.086,6,485.6,310.3,512.3,392.7,0.3869
50,2.086,7,374.0,277.9,398.1,344.3,0.7504
50,2.086,9,514.8,304.2,545.6,391.2,0.6867
51,2.128,1,735.8,417.1,789.9,560.4,0.8165
51,2.128,2,1007.2,579.0,1084.8,720.0,0.8648
51,2.128,3,780.8,425.5,834.4,565.9,0.8023
51,2.128,4,846.9,406.7,901.0,559.3,0.8220
51,2.128,5,406.0,273.9,431.6,345.2,0.7715
51,2.128,6,484.4,311.6,511.2,393.5,0.5701
51,2.128,7,373.9,277.4,398.0,343.7,0.7341
51,2.128,9,513.6,304.6,544.5,391.4,0.7591
51,2.128,18,254.5,272.7,275.6,318.3,0.3343
52,2.169,1,734.8,416.8,789.0,560.2,0.8164
52,2.169,2,1009.3,580.5,1088.0,720.0,0.8630
52,2.169,3,780.6,424.8,834.0,565.6,0.8021
52,2.169,4,845.5,406.2,899.5,558.8,0.8224
52,2.169,5,406.2,273.6,431.9,345.3,0.7715
52,2.169,6,484.0,312.1,510.8,393.8,0.5701
52,2.169,7,373.8,277.2,397.9,343.5,0.7341
52,2.169,9,513.1,304.8,544.1,391.6,0.7591
52,2.169,18,256.7,272.9,277.9,318.6,0.3335
53,2.211,1,731.3,415.0,785.0,557.7,0.8992
53,2.211,2,1016.6,586.0,1093.9,720.0,0.8815
53,2.211,3,778.6,424.0,831.7,565.8,0.8361
53,2.211,4,842.1,404.5,895.6,556.3,0.8353
53,2.211,5,406.1,273.6,431.9,345.9,0.7717
53,2.211,6,483.6,312.5,510.0,393.3,0.4721
53,2.211,7,373.6,278.3,397.7,344.9,0.7351
53,2.211,9,512.1,306.3,542.4,391.6,0.6733
53,2.211,18,262.7,271.8,284.2,318.4,0.5237
54,2.253,1,729.4,414.0,783.0,556.0,0.9150
54,2.253,2,1021.4,590.1,1097.8,720.0,0.8752
54,2.253,3,777.6,424.5,829.9,565.1,0.8296
54,2.253,4,839.8,404.9,892.8,556.0,0.8241
54,2.253,5,406.3,273.2,432.3,345.8,0.7583
54,2.253,6,483.4,311.4,509.3,390.4,0.4624
54,2.253,7,373.9,281.1,397.4,346.1,0.7098
54,2.253,9,511.4,305.8,541.6,391.1,0.6683
54,2.253,18,267.3,270.8,290.0,320.3,0.4520
55,2.295,1,727.8,412.9,781.2,553.7,0.8829
55,2.295,2,1030.9,596.0,1105.3,720.0,0.8589
55,2.295,3,776.2,425.1,827.5,564.3,0.8649
55,2.295,4,831.6,404.2,885.1,555.3,0.7727
55,2.295,5,406.5,273.8,432.8,347.7,0.7599
55,2.295,6,482.4,310.5,508.5,389.5,0.4682
55,2.295,7,373.9,282.9,397.2,347.0,0.7086
55,2.295,9,509.8,304.4,540.2,390.5,0.7437
55,2.295,18,274.8,272.0,296.7,319.5,0.6192
56,2.336,1,726.0,412.5,779.1,552.0,0.8787
56,2.336,2,1038.7,599.3,1111.8,719.6,0.6597
56,2.336,3,775.1,425.2,825.7,563.8,0.8765
56,2.336,4,827.0,403.7,881.0,554.7,0.8001
56,2.336,5,406.5,274.4,432.9,348.7,0.7495
56,2.336,6,482.8,310.1,506.5,380.7,0.3705
56,2.336,7,373.4,281.8,397.1,347.1,0.7273
56,2.336,9,508.8,303.5,539.0,389.1,0.7443
56,2.336,18,279.9,271.7,301.5,317.5,0.5890
57,2.378,1,723.5,411.8,777.5,553.0,0.8718
57,2.378,2,1046.3,601.8,1119.0,719.5,0.8324
57,2.378,3,774.2,425.4,824.4,563.4,0.8853
57,2.378,4,824.1,403.9,879.0,555.6,0.8098
57,2.378,5,406.3,274.3,432.9,349.6,0.7803
57,2.378,6,484.8,310.4,503.9,363.6,0.3687
57,2.378,7,373.3,281.2,397.1,346.5,0.7303
57,2.378,9,508.1,303.3,538.1,388.2,0.7396
57,2.378,18,284.4,271.9,305.7,317.1,0.4062
58,2.420,1,719.9,411.0,773.6,551.5,0.8852
58,2.420,2,1056.5,605.0,1128.4,719.7,0.8376
58,2.420,3,771.2,423.8,822.3,565.0,0.8757
58,2.420,4,823.3,403.6,878.9,556.7,0.8220
58,2.420,5,406.0,274.7,432.5,350.1,0.7758
58,2.420,7,373.2,280.7,397.2,346.5,0.7489
58,2.420,9,507.7,303.3,537.5,387.7,0.7539
58,2.420,18,290.9,272.3,312.1,316.6,0.5311
59,2.461,1,718.3,410.4,771.5,549.5,0.8714
59,2.461,2,1064.5,607.4,1136.3,719.8,0.8349
59,2.461,3,769.3,421.9,821.1,565.0,0.8784
59,2.461,4,822.8,403.5,878.4,556.5,0.8236
59,2.461,5,405.8,274.7,432.2,350.1,0.7785
59,2.461,7,373.0,280.0,397.5,346.9,0.7622
59,2.461,9,507.9,302.8,537.5,387.0,0.7307
59,2.461,18,295.8,271.9,317.2,316.2,0.5860
59,2.461,6,484.6,311.0,502.0,357.3,0.3241
60,2.503,1,716.9,410.2,769.8,548.9,0.8578
60,2.503,2,1070.2,608.0,1143.2,720.0,0.8241
60,2.503,3,769.0,419.6,821.0,563.8,0.8584
60,2.503,4,822.1,401.7,877.8,555.2,0.8253
60,2.503,5,405.8,274.9,432.1,349.8,0.7847
60,2.503,7,373.1,279.4,397.9,347.0,0.7703
60,2.503,9,507.8,302.3,537.4,386.9,0.7670
60,2.503,18,299.6,271.5,321.1,315.9,0.6644
60,2.503,6,482.8,310.2,501.8,358.3,0.3559
61,2.545,1,715.6,410.0,768.5,548.9,0.8643
61,2.545,2,1076.2,609.1,1149.7,719.3,0.8313
61,2.545,3,769.2,418.3,820.8,561.7,0.8591
61,2.545,4,821.2,400.4,876.8,554.5,0.8255
61,2.545,5,405.8,274.7,432.1,349.7,0.7951
61,2.545,7,373.2,279.9,398.0,346.9,0.7544
61,2.545,9,507.4,301.6,537.1,386.8,0.7543
61,2.545,18,303.3,271.1,325.3,316.5,0.5917
61,2.545,6,481.9,310.2,501.5,357.6,0.3325
62,2.587,1,714.8,410.5,767.2,548.2,0.8745
62,2.587,2,1081.6,610.0,1156.4,719.4,0.8756
62,2.587,3,769.0,417.0,820.3,559.5,0.8611
62,2.587,4,819.3,400.8,874.0,553.3,0.8449
62,2.587,5,406.0,274.6,432.3,349.5,0.8057
62,2.587,7,373.1,279.7,398.2,347.0,0.7387
62,2.587,9,507.1,301.4,536.7,386.5,0.7421
62,2.587,18,307.2,272.2,329.5,317.9,0.6703
62,2.587,6,481.0,313.8,499.8,358.0,0.3461
63,2.628,1,712.7,409.5,765.2,548.3,0.8666
63,2.628,2,1090.9,614.2,1165.3,719.7,0.8195
63,2.628,3,768.0,416.4,818.6,556.5,0.8652
63,2.628,4,815.8,399.9,869.1,549.1,0.8921
63,2.628,5,406.4,274.1,432.9,349.3,0.8145
63,2.628,7,372.9,278.8,398.5,347.4,0.7319
63,2.628,9,506.8,302.2,536.1,386.4,0.7425
63,2.628,18,312.0,270.7,335.9,320.0,0.6899
63,2.628,6,479.9,312.9,499.2,357.7,0.3558
64,2.670,1,712.1,409.2,764.5,548.3,0.8666
64,2.670,2,1093.3,615.7,1169.0,719.9,0.8227
64,2.670,3,767.7,416.2,818.0,555.3,0.8651
64,2.670,4,814.7,399.5,867.3,547.5,0.8919
64,2.670,5,406.5,273.9,433.1,349.1,0.8145
64,2.670,7,372.7,278.5,398.7,347.6,0.7319
64,2.670,9,506.7,302.5,536.0,386.3,0.7424
64,2.670,18,313.8,270.2,338.2,320.7,0.6899
64,2.670,6,479.4,312.6,499.1,357.6,0.3557
65,2.712,1,710.6,409.1,762.2,546.4,0.8415
65,2.712,3,766.7,415.7,816.7,553.7,0.8331
65,2.712,4,811.1,398.7,863.2,546.5,0.8945
65,2.712,5,406.8,274.1,433.4,349.1,0.7570
65,2.712,7,372.5,279.9,398.8,349.6,0.6864
65,2.712,9,506.4,302.6,535.6,386.6,0.7540
65,2.712,18,318.1,269.3,344.3,324.1,0.7218
65,2.712,6,479.2,315.1,498.2,357.8,0.4248
66,2.753,1,709.0,407.8,760.7,544.7,0.8446
66,2.753,3,765.8,415.5,815.7,552.8,0.8269
66,2.753,4,808.9,397.7,860.7,545.7,0.8658
66,2.753,5,406.9,274.7,433.6,350.0,0.7448
66,2.753,7,372.8,281.6,399.0,350.6,0.6957
66,2.753,9,506.2,302.2,535.7,386.9,0.7395
66,2.753,18,321.8,268.7,349.4,327.2,0.7385
66,2.753,6,478.9,315.6,497.9,357.9,0.4706
66,2.753,2,1109.0,625.2,1181.4,720.0,0.7156
67,2.795,1,706.8,405.5,759.0,543.4,0.8832
67,2.795,3,764.5,415.2,813.9,550.7,0.8237
67,2.795,4,806.6,397.2,858.2,545.6,0.8134
67,2.795,5,407.2,277.0,433.5,351.5,0.7264
67,2.795,7,373.4,283.3,399.2,351.5,0.7388
67,2.795,9,506.2,302.5,535.5,386.8,0.6878
67,2.795,18,327.0,269.2,354.7,328.2,0.6932
67,2.795,6,478.2,314.1,498.3,358.8,0.3842
67,2.795,2,1122.8,631.0,1193.9,720.0,0.8467
68,2.837,1,705.1,404.5,757.7,543.4,0.8745
68,2.837,3,762.9,413.8,813.1,551.5,0.8026
68,2.837,4,804.1,397.2,855.3,545.2,0.8336
68,2.837,5,407.6,278.7,433.7,352.5,0.7154
68,2.837,7,373.9,285.8,399.2,352.7,0.7343
68,2.837,9,506.3,302.5,535.5,386.8,0.6354
68,2.837,18,332.3,269.8,359.3,327.9,0.6730
68,2.837,6,477.6,313.6,498.0,359.1,0.3913
68,2.837,2,1132.5,634.6,1203.6,720.0,0.8155
69,2.879,1,703.6,404.0,756.1,542.8,0.8626
69,2.879,3,761.4,411.9,812.5,551.6,0.8088
69,2.879,4,802.4,397.1,853.1,545.0,0.8637
69,2.879,5,407.8,279.6,433.8,353.2,0.7461
69,2.879,7,374.3,287.3,398.8,352.9,0.7305
69,2.879,9,506.3,301.8,535.5,386.3,0.6529
69,2.879,18,335.4,270.3,362.2,327.7,0.7339
69,2.879,6,477.2,312.7,498.0,359.2,0.4032
69,2.879,2,1141.3,638.2,1212.3,720.0,0.7973
70,2.920,1,702.7,404.0,754.7,541.6,0.8383
70,2.920,3,759.3,413.0,810.0,550.6,0.8245
70,2.920,4,800.3,397.3,850.4,544.5,0.8884
70,2.920,5,408.5,279.8,434.3,353.3,0.7525
70,2.920,7,374.6,286.5,399.2,352.4,0.7446
70,2.920,9,506.6,301.6,535.3,384.8,0.6685
70,2.920,18,341.6,271.4,367.8,327.8,0.7384
70,2.920,6,476.0,309.1,498.3,359.1,0.5239
70,2.920,2,1153.4,640.0,1225.2,720.0,0.6935
71,2.962,1,701.0,403.1,752.4,539.3,0.8405
71,2.962,3,757.4,413.1,808.6,551.4,0.7827
71,2.962,4,798.8,397.3,848.6,544.2,0.8830
71,2.962,5,408.9,279.8,434.7,353.4,0.7869
71,2.962,7,373.8,285.6,398.8,352.4,0.7337
71,2.962,9,506.4,301.4,535.1,384.3,0.6971
71,2.962,18,345.9,272.5,370.8,326.1,0.7309
71,2.962,6,475.5,307.9,498.3,359.1,0.5317
71,2.962,2,1161.5,640.4,1235.0,719.5,0.4775
72,3.004,1,698.6,402.6,750.0,538.2,0.8495
72,3.004,3,756.0,411.9,807.3,549.5,0.8046
72,3.004,4,797.8,397.1,847.3,544.0,0.8795
72,3.004,5,409.2,279.8,435.0,353.3,0.7963
72,3.004,7,373.5,284.5,399.0,352.5,0.7410
72,3.004,9,506.4,301.1,535.1,384.1,0.7334
72,3.004,18,348.1,269.8,373.0,324.2,0.7243
72,3.004,6,475.3,307.4,498.3,359.1,0.5774
72,3.004,2,1167.4,640.6,1242.7,719.2,0.7300
73,3.045,1,695.6,403.1,747.6,539.5,0.8560
73,3.045,3,753.1,411.4,804.5,548.7,0.8161
73,3.045,4,797.1,397.5,846.3,543.5,0.8823
73,3.045,5,409.4,279.5,435.3,353.4,0.7745
73,3.045,7,373.6,282.6,399.5,352.2,0.7343
73,3.045,9,506.3,301.0,534.8,383.7,0.7338
73,3.045,18,350.1,267.4,375.2,323.0,0.6395
73,3.045,6,475.2,307.7,498.1,359.2,0.6193
73,3.045,2,1173.5,640.8,1251.0,719.4,0.7198
74,3.087,1,693.9,403.8,745.6,538.4,0.8559
74,3.087,3,749.7,411.0,801.7,548.2,0.8029
74,3.087,4,796.4,397.3,845.6,543.5,0.8713
74,3.087,5,409.4,279.4,435.3,353.1,0.7718
74,3.087,7,374.0,282.0,399.8,351.7,0.7088
74,3.087,9,506.1,300.8,534.4,383.1,0.7260
74,3.087,18,352.1,266.8,377.6,323.7,0.5782
74,3.087,6,474.9,307.8,497.9,359.1,0.6324
74,3.087,2,1178.5,640.2,1258.6,719.2,0.7545
75,3.129,1,692.6,403.2,744.5,538.0,0.8634
75,3.129,3,750.6,409.7,801.8,545.6,0.8307
75,3.129,4,794.4,395.0,843.8,541.8,0.8394
75,3.129,5,409.6,279.3,435.3,352.9,0.7471
75,3.129,7,373.0,281.5,399.5,353.3,0.6588
75,3.129,9,505.6,301.1,533.6,382.3,0.7386
75,3.129,6,474.8,308.0,497.7,359.1,0.6098
75,3.129,2,1187.3,640.6,1268.9,719.2,0.7068
76,3.171,1,692.1,403.0,744.2,537.9,0.8631
76,3.171,3,751.1,409.2,801.8,544.6,0.8304
76,3.171,4,793.8,394.1,843.2,541.2,0.8392
76,3.171,5,409.6,279.3,435.4,352.8,0.7471
76,3.171,7,372.7,281.4,399.3,353.9,0.6588
76,3.171,9,505.5,301.2,533.3,382.0,0.7385
76,3.171,6,474.7,308.1,497.7,359.0,0.6097
76,3.171,2,1189.6,640.7,1273.0,719.1,0.7067
77,3.212,1,689.7,401.9,742.0,537.4,0.8395
77,3.212,3,750.4,408.1,800.3,543.3,0.8196
77,3.212,4,792.2,393.4,840.4,536.7,0.8377
77,3.212,5,409.5,279.1,435.3,353.0,0.7219
77,3.212,7,371.0,281.7,398.3,355.5,0.6840
77,3.212,9,505.0,301.6,532.6,382.0,0.7185
77,3.212,6,474.3,308.7,497.1,359.0,0.3871
77,3.212,2,1197.8,644.8,1277.9,719.5,0.5242
78,3.254,1,688.0,400.7,741.0,537.6,0.8166
78,3.254,3,750.4,408.4,799.0,541.8,0.8305
78,3.254,4,791.4,392.4,838.8,533.1,0.8403
78,3.254,5,409.5,279.3,435.4,353.6,0.7454
78,3.254,7,371.7,286.6,397.7,355.7,0.6557
78,3.254,9,504.2,301.8,531.8,382.0,0.7034
78,3.254,6,473.4,308.5,496.5,359.4,0.3666
78,3.254,2,1204.2,649.6,1279.9,719.9,0.2865
79,3.296,1,685.3,399.4,739.1,538.2,0.8031
79,3.296,3,749.9,408.7,797.5,541.3,0.8317
79,3.296,4,789.5,390.3,837.3,532.7,0.8302
79,3.296,5,409.3,279.4,435.5,355.0,0.7895
79,3.296,7,372.0,287.2,397.7,355.2,0.6691
79,3.296,9,503.7,301.3,531.3,381.4,0.7020
79,3.296,6,471.9,308.4,495.0,359.6,0.2948
80,3.338,1,684.0,399.0,737.4,537.3,0.8238
80,3.338,3,748.9,408.4,796.0,541.1,0.8250
80,3.338,4,788.2,389.3,835.9,531.8,0.8402
80,3.338,5,409.0,279.4,435.4,356.0,0.7846
80,3.338,7,370.0,276.4,399.2,354.5,0.7026
80,3.338,9,502.2,299.3,530.7,382.0,0.6916
81,3.379,1,683.1,399.0,735.4,535.0,0.8590
81,3.379,3,748.1,408.2,794.4,541.0,0.8444
81,3.379,4,786.8,388.9,834.8,532.3,0.8481
81,3.379,5,408.9,279.6,435.5,357.0,0.7968
81,3.379,7,368.9,271.2,399.9,354.6,0.7167
81,3.379,9,500.0,297.6,529.2,382.2,0.7307
82,3.421,1,680.7,397.7,732.3,532.8,0.8597
82,3.421,3,746.1,407.1,792.2,540.3,0.8563
82,3.421,4,784.3,388.7,832.7,533.2,0.8039
82,3.421,5,409.1,279.5,436.0,358.0,0.7737
82,3.421,7,369.0,267.9,400.9,354.4,0.8057
82,3.421,9,498.8,297.3,528.1,381.8,0.7124
83,3.463,1,679.3,397.4,729.8,530.8,0.8425
83,3.463,3,744.8,406.6,790.7,540.1,0.8789
83,3.463,4,783.2,388.6,831.4,532.7,0.8073
83,3.463,5,409.1,279.5,436.1,358.3,0.7672
83,3.463,7,369.1,265.9,401.3,354.1,0.8277
83,3.463,9,497.7,297.4,527.1,381.5,0.7511
84,3.504,1,677.9,396.5,727.9,530.3,0.8374
84,3.504,3,743.8,406.1,789.9,540.7,0.8690
84,3.504,4,781.4,387.4,829.6,531.2,0.8130
84,3.504,5,409.1,279.7,436.2,358.4,0.7583
84,3.504,7,369.3,264.2,401.8,353.7,0.8111
84,3.504,9,497.2,297.6,526.5,381.0,0.7231
85,3.546,1,676.9,395.8,726.5,529.8,0.8621
85,3.546,3,742.8,405.5,788.7,540.1,0.8488
85,3.546,4,781.6,388.6,828.9,530.8,0.8043
85,3.546,5,409.0,279.9,436.1,358.5,0.7572
85,3.546,7,369.9,267.9,400.9,354.1,0.7438
85,3.546,9,496.6,297.3,526.1,380.6,0.7266
86,3.588,1,676.1,395.4,725.2,529.5,0.8834
86,3.588,3,741.6,404.4,787.5,540.0,0.8583
86,3.588,4,779.6,387.6,827.1,530.9,0.8092
86,3.588,5,409.0,279.9,436.2,358.6,0.7551
86,3.588,7,370.6,267.6,401.5,354.0,0.5994
86,3.588,9,496.1,297.2,525.5,379.8,0.6413
87,3.630,1,674.9,395.1,724.0,529.9,0.8852
87,3.630,3,739.4,403.1,784.9,538.5,0.8278
87,3.630,4,777.2,386.5,824.6,531.3,0.7914
87,3.630,5,409.2,280.2,436.0,357.7,0.7419
87,3.630,7,371.5,276.6,399.9,356.2,0.5598
87,3.630,9,494.8,296.2,524.5,379.1,0.6699
87,3.630,6,468.0,308.6,490.8,359.9,0.2607
88,3.671,1,674.5,395.0,723.5,530.0,0.8852
88,3.671,3,738.8,402.7,784.0,537.9,0.8278
88,3.671,4,776.5,386.2,823.5,531.5,0.7915
88,3.671,5,409.2,280.3,435.9,357.3,0.7419
88,3.671,7,371.9,280.1,399.2,357.1,0.5598
88,3.671,9,494.2,295.8,524.2,378.8,0.6699
88,3.671,6,467.9,308.6,490.8,360.0,0.2607
89,3.713,1,673.7,394.7,722.7,530.0,0.8825
89,3.713,3,738.4,401.1,782.8,534.7,0.8126
89,3.713,4,775.4,385.6,821.5,529.8,0.8292
89,3.713,5,409.4,280.3,436.4,358.0,0.7475
89,3.713,7,372.7,282.1,399.8,358.4,0.6648
89,3.713,9,494.8,295.7,523.5,374.2,0.7554
89,3.713,6,467.8,308.2,491.0,360.1,0.6084
90,3.755,1,672.6,394.5,721.7,530.0,0.8866
90,3.755,3,737.7,402.2,780.9,532.2,0.8103
90,3.755,4,774.4,385.2,819.5,526.9,0.8360
90,3.755,5,409.8,281.4,436.7,358.3,0.7463
90,3.755,7,373.6,285.8,399.9,359.5,0.7016
90,3.755,9,494.8,295.3,522.9,371.3,0.7730
90,3.755,6,467.6,308.0,490.9,359.9,0.6123
91,3.796,1,671.6,394.2,720.8,530.3,0.8749
91,3.796,3,735.6,398.7,779.4,529.9,0.8015
91,3.796,4,772.5,384.6,816.9,523.9,0.8505
91,3.796,5,410.4,283.3,437.0,359.2,0.7202
91,3.796,7,374.1,286.8,400.2,359.1,0.7802
91,3.796,9,494.6,296.5,521.3,368.1,0.7616
91,3.796,6,467.4,308.1,490.5,359.3,0.5515
92,3.838,1,671.2,393.7,720.5,530.6,0.8745
92,3.838,3,734.0,397.4,778.1,528.2,0.7668
92,3.838,4,771.7,384.5,815.6,522.0,0.8442
92,3.838,5,410.9,284.2,437.5,359.7,0.7178
92,3.838,7,374.4,287.8,400.4,359.0,0.7977
92,3.838,9,494.5,297.0,520.5,366.1,0.7893
92,3.838,6,466.9,307.7,490.4,359.1,0.6008
93,3.880,1,671.1,393.2,720.6,530.6,0.8688
93,3.880,3,732.3,400.3,775.7,527.7,0.7614
93,3.880,4,770.8,384.6,814.5,521.3,0.8524
93,3.880,5,411.6,285.4,438.0,359.9,0.7299
93,3.880,7,374.6,288.4,400.7,359.4,0.7920
93,3.880,9,494.4,297.8,520.3,366.1,0.8060
93,3.880,6,466.4,306.9,490.4,359.4,0.6256
94,3.922,1,670.4,392.2,718.5,525.1,0.8737
94,3.922,3,728.2,400.1,772.0,527.1,0.8081
94,3.922,4,769.0,384.5,812.9,520.6,0.8506
94,3.922,5,411.9,286.0,438.4,360.2,0.7651
94,3.922,7,374.5,288.7,400.7,359.1,0.7677
94,3.922,9,493.7,298.3,521.0,370.6,0.7786
94,3.922,6,466.1,306.7,489.9,359.1,0.6148
95,3.963,1,670.1,391.9,716.8,520.7,0.8814
95,3.963,3,725.3,400.0,769.4,526.7,0.8285
95,3.963,4,767.8,384.3,811.9,520.4,0.8567
95,3.963,5,411.8,286.3,438.6,360.4,0.7606
95,3.963,7,374.1,288.1,401.1,359.8,0.7558
95,3.963,9,493.4,298.0,520.7,370.5,0.7915
95,3.963,6,465.9,306.2,489.9,359.1,0.6348
96,4.005,1,669.3,391.9,715.2,518.6,0.8770
96,4.005,3,723.4,399.5,768.0,526.7,0.8192
96,4.005,4,766.5,384.2,811.0,520.5,0.8587
96,4.005,5,411.6,285.8,438.8,360.4,0.7686
96,4.005,7,373.8,288.4,401.1,360.5,0.7707
96,4.005,9,493.3,297.7,520.4,369.4,0.8040
96,4.005,6,465.8,306.1,489.8,359.2,0.6924
97,4.047,1,668.7,391.8,714.8,518.8,0.8872
97,4.047,3,723.0,399.5,767.8,526.5,0.8091
97,4.047,4,765.8,384.1,810.6,520.6,0.8618
97,4.047,5,411.1,284.9,438.8,360.4,0.7594
97,4.047,7,373.4,288.5,401.3,361.8,0.7818
97,4.047,9,493.4,297.8,520.1,368.2,0.7973
97,4.047,6,465.7,306.2,489.6,359.1,0.7043
98,4.088,1,667.7,391.6,713.6,518.3,0.8822
98,4.088,3,722.3,399.7,766.5,525.2,0.8136
98,4.088,4,764.7,384.0,809.9,520.8,0.8656
98,4.088,5,410.5,282.6,439.1,360.3,0.7383
98,4.088,7,372.7,288.1,401.6,363.2,0.7836
98,4.088,9,493.0,296.9,520.1,368.0,0.8363
98,4.088,6,465.7,306.3,489.4,359.1,0.7016
99,4.130,1,665.9,391.9,711.2,518.1,0.8558
99,4.130,3,720.7,398.2,765.1,525.1,0.7724
99,4.130,4,762.9,383.7,808.4,520.0,0.8526
99,4.130,5,409.9,281.1,439.2,360.3,0.6856
99,4.130,7,371.8,289.8,400.6,364.6,0.7980
99,4.130,9,492.6,296.4,519.7,367.2,0.8398
99,4.130,6,465.6,306.2,489.2,359.2,0.7265
100,4.172,1,665.3,392.0,710.3,518.1,0.8559
100,4.172,3,720.2,397.7,764.5,525.1,0.7726
100,4.172,4,762.2,383.6,808.0,519.7,0.8523
100,4.172,5,409.6,280.5,439.3,360.2,0.6850
100,4.172,7,371.4,290.5,400.3,365.1,0.7980
100,4.172,9,492.5,296.2,519.6,367.0,0.8398
100,4.172,6,465.7,306.1,489.2,359.3,0.7265
101,4.214,1,662.2,390.4,707.8,517.9,0.8501
101,4.214,3,718.0,398.2,761.8,523.9,0.8257
101,4.214,4,760.9,382.6,807.2,519.6,0.8551
101,4.214,5,409.2,279.7,439.2,360.2,0.6629
101,4.214,7,371.2,292.8,399.1,364.2,0.7892
101,4.214,9,492.1,295.3,519.4,366.2,0.8369
101,4.214,6,465.5,306.4,488.8,359.2,0.7217
102,4.255,1,660.0,389.4,705.7,516.9,0.8498
102,4.255,3,716.3,398.7,759.0,522.0,0.8465
102,4.255,4,760.2,381.7,806.8,518.9,0.8616
102,4.255,5,408.5,277.9,439.1,360.3,0.6541
102,4.255,7,371.1,293.8,398.5,363.7,0.7936
102,4.255,9,491.7,294.5,519.2,365.5,0.8335
102,4.255,6,465.4,306.4,488.5,359.2,0.7035
103,4.297,1,658.4,388.1,704.4,516.9,0.8020
103,4.297,3,714.2,398.3,756.2,520.1,0.8614
103,4.297,4,759.4,380.3,805.7,516.4,0.8883
103,4.297,5,409.7,282.4,438.7,360.4,0.6755
103,4.297,7,371.5,293.9,398.9,363.5,0.7938
103,4.297,9,491.3,294.3,518.8,365.2,0.8211
103,4.297,6,465.6,306.8,488.4,359.4,0.7187
104,4.339,1,657.7,388.3,703.6,516.9,0.8023
104,4.339,3,712.8,397.5,754.5,518.4,0.8660
104,4.339,4,759.3,379.6,805.0,513.9,0.8987
104,4.339,5,410.4,284.8,438.5,360.5,0.6866
104,4.339,7,371.8,293.3,399.6,363.4,0.8007
104,4.339,9,491.0,293.8,518.6,364.9,0.8150
104,4.339,6,465.4,306.7,488.1,359.5,0.7254
104,4.339,36,399.6,258.4,417.6,300.4,0.3607
105,4.380,1,656.3,386.1,702.9,517.0,0.7984
105,4.380,3,711.2,395.7,753.5,517.9,0.8506
105,4.380,4,758.9,379.2,804.4,512.3,0.8928
105,4.380,5,410.9,285.9,438.6,360.6,0.6755
105,4.380,7,372.1,292.3,400.2,363.1,0.7891
105,4.380,9,490.9,294.1,518.5,364.7,0.8177
105,4.380,6,465.4,306.9,487.8,359.5,0.7272
105,4.380,36,399.7,258.2,417.5,299.7,0.3913
106,4.422,1,654.0,385.8,700.1,515.4,0.8072
106,4.422,3,708.7,395.3,751.2,518.3,0.8254
106,4.422,4,757.7,378.4,803.0,510.6,0.8958
106,4.422,5,411.1,286.3,438.5,359.7,0.6504
106,4.422,7,372.9,292.3,400.2,361.0,0.7911
106,4.422,9,491.0,295.6,517.7,363.5,0.7675
106,4.422,6,464.2,307.0,486.4,359.6,0.7280
106,4.422,36,399.6,258.2,417.3,299.2,0.4254
107,4.464,1,652.1,385.6,698.1,514.7,0.8336
107,4.464,3,706.7,395.2,749.4,518.4,0.8079
107,4.464,4,756.5,377.7,801.7,509.9,0.9004
107,4.464,5,411.0,287.1,438.4,360.2,0.6683
107,4.464,7,373.2,292.7,400.8,362.1,0.7738
107,4.464,9,491.2,297.1,517.5,363.1,0.7261
107,4.464,6,463.6,307.0,485.7,359.6,0.7309
107,4.464,36,399.5,257.6,417.3,299.2,0.4564
108,4.506,1,650.5,384.8,696.2,513.8,0.8591
108,4.506,3,705.3,395.4,748.0,518.3,0.8358
108,4.506,4,755.3,377.1,800.5,509.4,0.8833
108,4.506,5,411.0,286.9,438.6,360.4,0.6892
108,4.506,7,373.6,293.1,401.2,362.8,0.7818
108,4.506,9,490.8,298.2,516.7,362.8,0.6764
108,4.506,6,463.3,306.6,485.6,359.6,0.7375
108,4.506,36,399.4,257.5,417.4,299.3,0.4652
109,4.547,1,648.8,384.2,694.0,512.3,0.8642
109,4.547,3,703.9,394.9,747.0,518.5,0.8791
109,4.547,4,753.5,376.1,799.1,509.5,0.8630
109,4.547,5,411.1,287.1,438.8,360.5,0.7023
109,4.547,7,373.6,293.9,401.3,363.8,0.7757
109,4.547,9,490.1,297.4,516.3,362.1,0.6973
109,4.547,6,462.6,306.0,485.1,359.6,0.7323
109,4.547,36,399.3,257.5,417.4,299.5,0.4818
110,4.589,1,647.4,383.9,692.2,511.2,0.8694
110,4.589,3,702.9,394.7,746.2,518.3,0.8729
110,4.589,4,751.4,375.8,797.2,509.3,0.8436
110,4.589,5,410.9,286.4,438.9,360.6,0.7129
110,4.589,7,373.7,294.2,401.7,364.8,0.7555
110,4.589,9,489.7,296.7,515.9,361.2,0.7045
110,4.589,6,462.0,305.3,484.3,359.0,0.7350
110,4.589,36,398.8,257.4,417.4,300.5,0.4502
111,4.631,1,645.2,382.9,690.2,510.6,0.8881
111,4.631,3,701.3,393.9,744.5,516.9,0.8503
111,4.631,4,748.7,375.4,794.9,509.3,0.8724
111,4.631,5,411.1,286.9,439.0,360.6,0.7160
111,4.631,7,374.7,293.8,402.8,365.5,0.7162
111,4.631,9,489.3,296.1,515.6,360.7,0.7578
111,4.631,6,461.6,305.2,483.8,358.8,0.7370
111,4.631,36,398.4,257.5,417.7,302.4,0.4663
112,4.673,1,644.4,382.5,689.6,510.3,0.8878
112,4.673,3,700.8,393.6,743.9,516.3,0.8499
112,4.673,4,747.6,375.3,794.2,509.3,0.8724
112,4.673,5,411.2,287.0,439.0,360.6,0.7163
112,4.673,7,375.1,293.6,403.2,365.7,0.7159
112,4.673,9,489.1,295.8,515.5,360.5,0.7580
112,4.673,6,461.5,305.1,483.6,358.8,0.7366
112,4.673,36,398.2,257.6,417.8,303.0,0.4669
113,4.714,1,643.2,382.8,688.5,510.3,0.8479
113,4.714,3,699.1,392.4,742.8,517.0,0.8328
113,4.714,4,746.5,377.4,791.9,508.1,0.8086
113,4.714,5,411.0,288.1,438.6,360.6,0.7238
113,4.714,7,376.0,293.8,404.1,366.3,0.7245
113,4.714,9,488.4,295.8,514.3,359.4,0.7420
113,4.714,6,461.4,305.3,483.4,358.9,0.7569
113,4.714,36,398.5,258.5,417.1,301.5,0.3175
114,4.756,1,642.5,383.2,687.8,510.0,0.8375
114,4.756,3,698.0,391.7,741.3,515.1,0.8138
114,4.756,4,745.3,378.4,789.9,507.6,0.7959
114,4.756,5,411.0,288.5,438.6,360.7,0.7155
114,4.756,7,376.8,293.6,404.8,366.0,0.7561
114,4.756,9,488.2,295.4,513.9,358.9,0.7474
114,4.756,6,461.3,305.9,483.0,359.0,0.7783
114,4.756,36,398.6,259.1,416.9,300.9,0.3430
115,4.798,1,640.8,383.4,686.3,509.9,0.8088
115,4.798,3,697.0,390.4,739.9,512.4,0.8291
115,4.798,4,743.9,376.7,788.8,507.0,0.8328
115,4.798,5,411.0,289.0,438.8,360.6,0.6908
115,4.798,7,377.6,292.9,405.8,365.9,0.7574
115,4.798,9,487.4,295.3,512.8,358.2,0.7247
115,4.798,6,461.4,306.1,483.1,359.0,0.7886
115,4.798,36,398.2,260.7,415.8,300.6,0.2631
116,4.839,1,639.3,383.5,684.9,509.5,0.8740
116,4.839,3,696.4,389.2,739.2,510.4,0.8276
116,4.839,4,743.0,376.3,787.9,506.5,0.8675
116,4.839,5,411.4,289.6,439.1,360.6,0.6991
116,4.839,7,378.1,292.9,405.9,365.4,0.7380
116,4.839,9,487.3,295.6,512.3,357.9,0.6931
116,4.839,6,461.7,306.2,483.2,358.9,0.7786
117,4.881,1,638.4,383.5,683.8,508.8,0.8889
117,4.881,3,695.4,388.7,738.3,509.3,0.8081
117,4.881,4,741.3,375.9,786.0,505.8,0.8683
117,4.881,5,411.9,290.2,439.6,360.5,0.7021
117,4.881,7,378.5,293.4,405.7,364.7,0.7199
117,4.881,9,487.4,296.3,512.2,358.1,0.6930
117,4.881,6,461.8,306.3,483.2,358.8,0.7828
117,4.881,36,397.5,261.7,415.0,300.2,0.3011
118,4.923,1,636.4,382.9,681.4,507.4,0.8863
118,4.923,3,694.3,387.4,737.1,508.7,0.8161
118,4.923,4,739.0,376.1,783.1,503.7,0.8420
118,4.923,5,412.2,289.7,440.3,360.3,0.7262
118,4.923,7,379.1,294.1,405.6,363.2,0.7063
118,4.923,9,486.7,296.7,511.5,358.1,0.7363
118,4.923,6,461.8,305.6,483.3,358.8,0.8145
118,4.923,36,397.2,261.5,414.6,299.7,0.3884
119,4.965,1,634.7,381.6,679.9,507.1,0.8804
119,4.965,3,693.4,386.6,736.0,508.8,0.8169
119,4.965,4,736.7,374.5,781.0,502.9,0.8634
119,4.965,5,412.5,289.6,440.9,360.2,0.7276
119,4.965,7,379.4,294.8,405.8,363.4,0.7267
119,4.965,9,486.1,296.7,511.0,358.0,0.7324
119,4.965,6,461.6,305.1,483.3,358.9,0.8181
119,4.965,36,396.8,261.1,414.4,299.5,0.4097
120,5.006,1,633.9,381.0,678.9,505.8,0.8668
120,5.006,3,692.7,386.2,735.2,508.9,0.8121
120,5.006,4,734.7,371.7,780.1,502.8,0.8531
120,5.006,5,413.3,290.6,441.6,360.0,0.7231
120,5.006,7,379.5,296.1,405.7,363.8,0.7112
120,5.006,9,485.5,296.7,510.4,357.7,0.7239
120,5.006,6,461.2,304.6,482.9,358.8,0.8197
120,5.006,36,396.6,260.9,414.2,299.3,0.4150
121,5.048,1,632.5,379.3,677.9,505.7,0.8671
121,5.048,3,692.1,386.3,734.2,507.7,0.8086
121,5.048,4,733.3,370.2,779.1,502.4,0.8504
121,5.048,5,413.5,290.9,441.9,360.0,0.7142
121,5.048,7,379.4,297.4,405.6,364.3,0.7106
121,5.048,9,485.2,296.5,510.3,357.7,0.7141
121,5.048,6,461.2,304.0,483.1,358.9,0.8137
121,5.048,36,396.4,260.8,414.0,299.3,0.3858
122,5.090,1,631.7,379.2,676.8,505.0,0.8694
122,5.090,3,690.4,387.3,731.9,506.4,0.8118
122,5.090,4,732.4,369.6,778.3,501.7,0.8575
122,5.090,5,413.5,290.7,442.2,360.0,0.7088
122,5.090,7,379.6,298.6,405.4,364.2,0.6948
122,5.090,9,484.7,296.2,510.0,357.7,0.6934
122,5.090,6,461.1,303.6,483.0,358.7,0.8168
122,5.090,36,396.2,260.6,413.6,298.7,0.3791
123,5.131,1,629.7,378.2,674.4,503.6,0.8588
123,5.131,3,689.4,388.9,730.4,505.6,0.7935
123,5.131,4,731.0,369.6,776.7,501.1,0.8248
123,5.131,5,413.7,290.6,442.4,360.1,0.7171
123,5.131,7,379.7,299.3,405.7,364.7,0.6766
123,5.131,9,484.1,295.8,509.8,357.9,0.6371
123,5.131,6,460.9,303.0,482.8,358.7,0.8093
123,5.131,36,395.9,259.8,412.9,297.1,0.3816
124,5.173,1,629.1,377.8,673.4,503.1,0.8588
124,5.173,3,689.0,389.5,730.0,505.4,0.7944
124,5.173,4,730.4,369.7,776.1,501.0,0.8249
124,5.173,5,413.7,290.6,442.5,360.1,0.7170
124,5.173,7,379.7,299.5,405.9,364.9,0.6772
124,5.173,9,483.9,295.7,509.7,358.0,0.6369
124,5.173,6,460.8,302.8,482.7,358.7,0.8093
124,5.173,36,395.8,259.5,412.6,296.5,0.3809
124,5.173,49,482.5,294.9,502.2,357.2,0.3280
125,5.215,1,628.1,378.2,671.5,501.8,0.8437
125,5.215,3,687.9,389.5,729.1,505.4,0.7717
125,5.215,4,728.7,370.1,774.2,500.9,0.8327
125,5.215,5,414.3,290.7,443.1,360.0,0.7614
125,5.215,7,379.9,299.2,406.7,365.7,0.6366
125,5.215,9,482.8,295.2,508.9,358.8,0.6208
125,5.215,6,460.6,303.0,482.3,358.6,0.7949
125,5.215,36,395.4,258.9,412.1,295.6,0.3441
126,5.257,1,627.7,378.3,670.5,501.1,0.8565
126,5.257,3,685.9,388.7,727.0,504.8,0.7854
126,5.257,4,727.9,369.9,773.3,500.1,0.8362
126,5.257,5,414.9,290.7,443.6,359.9,0.7554
126,5.257,7,380.3,299.3,407.3,365.5,0.5958
126,5.257,9,482.9,294.9,508.9,359.0,0.6142
126,5.257,6,460.3,302.5,482.1,358.6,0.7720
126,5.257,36,394.8,258.3,411.4,294.7,0.3985
126,5.257,49,482.0,293.8,502.4,358.5,0.4015
127,5.298,1,626.4,378.3,668.6,500.2,0.8417
127,5.298,3,683.4,387.0,724.6,503.2,0.8498
127,5.298,4,727.5,371.3,771.7,497.8,0.8262
127,5.298,5,415.4,291.3,443.8,359.8,0.7771
127,5.298,7,381.0,300.1,407.7,365.6,0.6516
127,5.298,6,459.5,302.5,481.2,358.6,0.7548
127,5.298,36,392.9,256.7,410.4,294.4,0.4361
127,5.298,53,237.7,227.5,254.9,267.5,0.3150
127,5.298,49,482.1,293.3,503.0,358.7,0.6674
128,5.340,1,625.3,377.7,666.9,498.6,0.8855
128,5.340,3,680.9,385.6,722.1,501.8,0.8718
128,5.340,4,727.1,372.0,771.1,497.3,0.8259
128,5.340,5,415.6,291.7,443.9,359.7,0.7679
128,5.340,7,381.4,301.0,407.9,365.7,0.6685
128,5.340,6,458.7,303.2,480.3,358.9,0.7379
128,5.340,36,392.0,256.0,409.9,294.5,0.4690
128,5.340,53,237.4,226.8,255.0,267.8,0.3173
128,5.340,49,481.6,293.2,502.8,358.6,0.6923
129,5.382,1,624.6,377.7,665.6,497.5,0.8850
129,5.382,3,679.2,384.7,720.4,500.7,0.8790
129,5.382,4,726.1,371.5,770.5,497.3,0.8265
129,5.382,5,415.7,291.9,444.0,359.6,0.7650
129,5.382,7,381.7,300.9,408.1,365.5,0.6832
129,5.382,6,458.0,303.1,479.6,359.1,0.7261
129,5.382,36,390.9,255.1,409.5,295.1,0.3462
129,5.382,53,237.1,226.2,255.5,269.0,0.3793
129,5.382,49,481.1,293.7,502.4,358.8,0.7097
130,5.423,1,623.3,377.6,663.9,496.9,0.8615
130,5.423,3,676.3,384.6,717.5,499.6,0.8411
130,5.423,4,724.3,371.0,769.0,497.1,0.8483
130,5.423,5,415.4,291.1,443.9,359.3,0.7875
130,5.423,7,382.3,301.6,408.0,364.5,0.6741
130,5.423,6,457.2,303.2,478.7,359.2,0.6762
130,5.423,36,389.6,253.9,408.6,294.6,0.2916
130,5.423,53,237.0,226.0,255.7,269.8,0.3987
130,5.423,49,480.0,293.0,501.6,358.6,0.7763
130,5.423,56,234.6,227.8,253.0,272.4,0.3352
130,5.423,9,481.1,291.2,508.5,358.3,0.2533
131,5.465,1,621.7,376.7,662.2,496.6,0.8392
131,5.465,3,674.9,385.1,716.3,499.5,0.8176
131,5.465,4,723.1,370.2,767.7,494.9,0.8594
131,5.465,5,415.2,290.9,443.6,359.2,0.7913
131,5.465,7,382.6,302.1,408.1,364.3,0.6505
131,5.465,6,456.6,302.9,478.0,359.2,0.6315
131,5.465,36,388.6,253.1,408.2,295.0,0.2529
131,5.465,53,237.1,226.4,255.7,269.8,0.3817
131,5.465,49,479.3,292.8,501.3,358.5,0.7558
131,5.465,56,234.7,228.3,252.9,272.5,0.3142
131,5.465,9,481.9,292.5,508.4,357.0,0.3129
132,5.507,1,620.2,375.5,660.7,496.2,0.8426
132,5.507,3,673.5,385.1,715.4,499.6,0.8082
132,5.507,4,722.4,369.6,766.6,492.3,0.8419
132,5.507,5,415.1,290.6,443.6,359.4,0.8032
132,5.507,7,383.1,302.3,408.4,364.6,0.6273
132,5.507,6,456.5,301.9,478.1,359.0,0.6368
132,5.507,36,388.2,252.9,407.6,294.4,0.2659
132,5.507,53,237.2,226.4,255.7,269.7,0.3873
132,5.507,49,479.1,292.8,501.3,358.4,0.7371
132,5.507,56,234.6,228.3,253.0,272.8,0.3193
132,5.507,9,482.1,293.1,508.5,357.6,0.2733
133,5.549,1,619.2,374.5,659.7,496.1,0.8400
133,5.549,3,672.7,384.3,715.0,499.1,0.8023
133,5.549,4,721.8,368.8,766.3,491.5,0.8343
133,5.549,5,415.3,290.3,444.0,359.5,0.8220
133,5.549,7,383.9,303.0,408.8,364.6,0.6070
133,5.549,6,456.3,300.7,478.2,359.0,0.6427
133,5.549,53,238.3,227.1,255.4,267.4,0.3323
133,5.549,49,479.0,292.8,501.3,358.2,0.7695
133,5.549,56,235.3,229.2,252.8,271.9,0.2733
134,5.590,1,618.1,373.7,658.6,496.2,0.8496
134,5.590,3,672.3,385.1,714.2,498.1,0.8242
134,5.590,4,721.4,367.8,766.1,490.7,0.8212
134,5.590,5,415.8,290.1,444.6,359.7,0.8231
134,5.590,7,384.5,303.7,408.8,364.1,0.5867
134,5.590,6,455.8,300.6,477.6,359.3,0.6305
134,5.590,36,387.6,251.9,407.0,293.5,0.2542
134,5.590,53,239.0,227.9,255.1,265.5,0.3428
134,5.590,49,478.3,292.8,500.8,358.3,0.7900
134,5.590,56,235.8,230.0,252.8,271.2,0.2748
135,5.632,1,616.2,373.3,656.2,495.0,0.8631
135,5.632,3,670.7,383.7,712.9,497.2,0.8431
135,5.632,4,720.9,368.0,765.7,490.5,0.7877
135,5.632,5,415.8,290.4,444.7,359.8,0.8161
135,5.632,7,385.2,303.6,409.2,363.6,0.5417
135,5.632,6,455.5,300.3,477.1,359.2,0.5691
135,5.632,53,239.4,227.7,255.6,265.5,0.4149
135,5.632,49,477.8,292.9,500.3,358.1,0.7829
135,5.632,56,236.5,229.5,253.7,270.9,0.3402
136,5.674,1,615.6,373.2,655.4,494.5,0.8634
136,5.674,3,670.2,383.2,712.5,496.9,0.8427
136,5.674,4,720.7,368.2,765.6,490.4,0.7873
136,5.674,5,415.9,290.5,444.7,359.9,0.8162
136,5.674,7,385.5,303.5,409.3,363.4,0.5417
136,5.674,6,455.5,300.2,476.9,359.2,0.5691
136,5.674,53,239.5,227.7,255.8,265.5,0.4150
136,5.674,49,477.6,292.9,500.1,358.1,0.7829
136,5.674,56,236.7,229.3,254.0,270.8,0.3403
137,5.715,1,614.0,373.4,653.3,493.0,0.8630
137,5.715,3,669.1,381.6,711.9,497.0,0.8307
137,5.715,4,718.6,367.8,763.9,490.2,0.7869
137,5.715,5,416.1,291.6,444.7,360.0,0.7819
137,5.715,7,386.0,302.7,410.0,363.4,0.5162
137,5.715,6,455.6,300.9,476.4,358.7,0.5706
137,5.715,53,238.9,227.2,256.0,266.9,0.4453
137,5.715,49,477.2,293.7,499.3,357.8,0.7302
138,5.757,1,613.1,373.3,652.0,491.4,0.8722
138,5.757,3,668.1,381.6,710.6,496.6,0.8308
138,5.757,4,716.1,367.6,761.2,489.7,0.7781
138,5.757,5,416.4,293.1,444.5,359.8,0.7340
138,5.757,7,386.3,302.5,410.0,362.6,0.4816
138,5.757,6,455.7,301.3,476.2,358.4,0.5475
138,5.757,36,382.4,248.2,401.8,289.3,0.3344
138,5.757,53,238.7,226.7,256.2,267.2,0.5041
138,5.757,49,476.6,293.7,499.0,358.3,0.7261
139,5.799,1,612.2,371.5,651.6,490.0,0.8428
139,5.799,3,666.8,379.9,709.4,495.8,0.8228
139,5.799,4,714.8,370.1,758.3,488.3,0.7453
139,5.799,5,417.7,296.7,444.4,359.4,0.6610
139,5.799,7,386.6,302.6,410.1,362.4,0.5437
139,5.799,6,455.5,302.0,475.8,358.5,0.5728
139,5.799,36,380.3,246.7,400.6,289.5,0.4802
139,5.799,53,238.3,226.7,256.1,267.8,0.5319
139,5.799,49,475.9,292.6,498.7,358.5,0.7851
140,5.841,1,611.4,370.6,651.4,489.4,0.8230
140,5.841,3,665.5,378.0,708.0,493.9,0.8477
140,5.841,4,714.2,372.3,756.6,488.0,0.7758
140,5.841,5,418.9,297.3,445.5,359.3,0.6787
140,5.841,7,386.7,302.8,410.2,362.5,0.5324
140,5.841,6,455.1,302.2,475.3,358.4,0.6011
140,5.841,36,379.1,245.9,399.9,289.9,0.4619
140,5.841,49,475.3,291.6,498.4,358.2,0.8065
141,5.882,1,610.5,370.1,651.1,489.3,0.8201
141,5.882,3,665.0,377.5,707.0,492.2,0.8599
141,5.882,4,713.7,373.8,755.3,487.4,0.7954
141,5.882,5,419.7,298.1,446.3,359.3,0.6978
141,5.882,7,386.3,302.9,410.1,363.7,0.5557
141,5.882,6,454.7,301.6,475.2,358.2,0.6160
141,5.882,36,378.3,245.9,399.1,290.1,0.4183
141,5.882,49,475.1,290.9,498.1,357.2,0.7822
141,5.882,53,237.6,227.2,256.1,270.0,0.5517
142,5.924,1,609.0,370.4,650.2,490.2,0.8112
142,5.924,3,663.3,376.5,705.3,491.5,0.8440
142,5.924,4,711.5,370.0,754.4,487.3,0.8327
142,5.924,5,420.8,298.5,447.6,359.4,0.7129
142,5.924,7,386.6,304.3,409.7,362.6,0.5219
142,5.924,6,453.7,301.8,474.0,357.8,0.6347
142,5.924,36,377.3,245.2,398.3,290.0,0.2560
142,5.924,49,474.6,290.7,497.6,356.7,0.7377
142,5.924,53,237.5,227.5,256.0,270.6,0.5508
143,5.966,1,607.9,370.3,649.7,490.7,0.8255
143,5.966,3,662.6,376.2,704.0,489.6,0.8257
143,5.966,4,710.0,367.1,753.6,486.9,0.8380
143,5.966,5,421.3,297.9,448.4,359.3,0.6694
143,5.966,7,386.7,305.2,409.4,361.8,0.5282
143,5.966,6,453.1,302.0,473.1,357.5,0.6107
143,5.966,36,377.0,245.3,398.1,291.1,0.2822
143,5.966,49,474.1,290.6,497.3,356.9,0.7242
143,5.966,53,237.4,227.7,256.0,270.8,0.5558
144,6.008,1,606.9,370.2,649.2,491.2,0.8498
144,6.008,3,661.9,377.1,702.8,489.5,0.8373
144,6.008,4,707.6,366.3,751.2,486.3,0.8313
144,6.008,5,421.7,297.9,448.9,359.1,0.5699
144,6.008,7,386.4,305.8,408.9,360.9,0.5340
144,6.008,6,452.5,301.4,472.7,357.7,0.5814
144,6.008,36,376.9,245.4,397.9,291.5,0.3332
144,6.008,49,473.8,290.9,496.8,356.9,0.7271
144,6.008,53,237.4,228.2,255.9,270.9,0.5463
145,6.049,1,606.6,369.6,649.0,490.9,0.8511
145,6.049,3,660.7,376.5,701.7,489.3,0.8350
145,6.049,4,706.1,365.2,749.6,484.8,0.8320
145,6.049,5,421.9,297.7,449.1,358.7,0.4690
145,6.049,7,385.9,305.5,408.6,360.6,0.5343
145,6.049,6,451.7,300.2,472.4,357.9,0.5661
145,6.049,36,376.3,245.5,397.2,291.7,0.2678
145,6.049,49,473.5,291.5,496.2,356.4,0.7249
145,6.049,53,237.4,228.5,255.9,271.2,0.5539
146,6.091,1,606.2,369.0,648.7,490.4,0.8718
146,6.091,3,658.9,375.7,700.2,489.3,0.8323
146,6.091,4,704.6,362.3,748.8,483.8,0.8201
146,6.091,5,421.7,297.2,449.0,358.4,0.5214
146,6.091,7,385.4,305.4,408.6,361.3,0.5507
146,6.091,6,450.9,299.4,471.9,358.0,0.5750
146,6.091,36,375.5,245.5,396.4,291.9,0.2999
146,6.091,49,473.1,292.0,495.5,356.0,0.7213
146,6.091,53,237.3,228.7,255.8,271.3,0.5670
147,6.133,1,605.0,367.5,647.7,489.7,0.8575
147,6.133,3,656.1,375.8,697.5,489.2,0.8897
147,6.133,4,702.8,360.6,747.0,482.6,0.8064
147,6.133,5,421.8,296.8,449.1,358.3,0.6752
147,6.133,7,385.3,305.1,409.5,363.1,0.6209
147,6.133,6,449.4,298.7,470.9,358.3,0.5819
147,6.133,36,374.7,245.6,395.6,292.6,0.2819
147,6.133,49,472.4,292.4,494.6,356.0,0.7097
147,6.133,53,237.2,228.6,255.8,271.3,0.5761
148,6.174,1,604.6,367.0,647.3,489.5,0.8578
148,6.174,3,655.1,375.8,696.7,489.2,0.8899
148,6.174,4,702.2,359.9,746.3,482.3,0.8070
148,6.174,5,421.8,296.7,449.1,358.3,0.6755
148,6.174,7,385.2,305.0,409.8,363.7,0.6212
148,6.174,6,448.9,298.5,470.6,358.4,0.5817
148,6.174,36,374.5,245.6,395.2,292.8,0.2823
148,6.174,49,472.2,292.5,494.3,356.0,0.7097
148,6.174,53,237.2,228.6,255.8,271.3,0.5762
148,6.174,60,193.0,230.0,209.6,260.2,0.3021
149,6.216,1,604.4,366.1,646.1,486.0,0.8280
149,6.216,3,654.3,375.8,695.8,488.7,0.8443
149,6.216,4,700.5,359.3,744.1,480.8,0.8108
149,6.216,5,422.4,298.6,448.7,358.3,0.5946
149,6.216,7,384.9,304.8,409.7,363.9,0.5771
149,6.216,6,448.5,297.9,470.3,357.6,0.5883
149,6.216,49,471.5,292.4,493.3,355.6,0.6567
149,6.216,53,237.5,228.1,256.2,270.9,0.5722
149,6.216,60,193.0,229.8,209.7,260.3,0.2933
150,6.258,1,603.8,365.4,644.8,483.6,0.8101
150,6.258,3,653.0,373.8,695.1,488.6,0.8225
150,6.258,4,699.8,358.0,743.9,481.0,0.8170
150,6.258,5,423.0,299.6,448.6,357.9,0.6111
150,6.258,7,384.9,305.1,409.5,363.6,0.5917
150,6.258,6,448.3,295.3,470.8,356.8,0.5882
150,6.258,49,470.8,291.7,492.8,355.6,0.6412
150,6.258,53,237.8,228.0,256.5,270.9,0.5754
150,6.258,60,192.9,229.8,209.7,260.6,0.2988
151,6.300,1,602.2,364.9,642.7,482.0,0.7981
151,6.300,3,651.2,373.7,693.1,488.2,0.8138
151,6.300,4,698.2,357.9,742.3,480.7,0.8466
151,6.300,5,423.7,300.9,448.6,357.6,0.5055
151,6.300,7,384.0,305.5,409.4,365.5,0.5562
151,6.300,6,447.9,293.1,470.9,356.4,0.5231
151,6.300,49,470.1,290.7,492.5,356.5,0.4844
151,6.300,53,238.1,227.6,256.8,270.6,0.5645
151,6.300,60,193.0,230.2,209.7,260.5,0.2501
152,6.341,1,601.5,365.4,641.8,482.3,0.8352
152,6.341,3,649.7,373.4,691.0,486.8,0.8301
152,6.341,4,696.9,357.9,740.9,480.1,0.8247
152,6.341,5,424.0,301.1,449.0,357.6,0.5236
152,6.341,7,383.8,305.9,409.1,364.8,0.5265
152,6.341,6,447.6,292.8,470.5,356.2,0.5095
152,6.341,49,469.1,289.8,492.1,357.1,0.4732
152,6.341,53,238.6,227.2,257.2,270.1,0.5705
153,6.383,1,600.8,365.6,640.8,481.7,0.8382
153,6.383,3,648.6,373.6,689.1,485.4,0.8635
153,6.383,4,696.2,357.9,739.9,479.8,0.8143
153,6.383,5,424.1,299.6,449.9,357.8,0.4526
153,6.383,7,384.4,306.7,408.5,361.9,0.4878
153,6.383,6,447.3,293.0,470.0,356.1,0.4265
153,6.383,49,468.1,289.3,491.4,357.2,0.4079
153,6.383,53,238.9,226.9,257.3,269.6,0.5536
153,6.383,60,193.6,230.8,209.7,259.9,0.2668
154,6.425,1,599.4,365.5,639.0,481.1,0.8245
154,6.425,3,646.9,373.8,686.5,483.6,0.8618
154,6.425,4,695.4,358.1,738.8,479.5,0.8108
154,6.425,5,424.5,299.0,450.9,358.2,0.4640
154,6.425,7,384.8,308.1,407.7,359.2,0.5237
154,6.425,6,446.1,294.6,467.9,356.0,0.3597
154,6.425,49,467.7,289.4,491.0,357.3,0.4479
154,6.425,53,239.0,226.7,257.4,269.5,0.5361
155,6.466,1,598.5,365.6,637.7,480.5,0.8330
155,6.466,3,645.4,373.4,684.9,483.0,0.8373
155,6.466,4,694.8,357.7,738.1,479.6,0.8080
155,6.466,5,425.7,299.4,452.1,357.3,0.4386
155,6.466,7,384.7,308.9,407.9,359.4,0.5182
155,6.466,6,445.8,295.7,466.9,355.7,0.4607
155,6.466,49,467.1,288.3,490.7,356.4,0.4511
155,6.466,53,239.0,226.8,257.3,269.5,0.5370
156,6.508,1,597.4,364.9,636.5,479.7,0.8505
156,6.508,3,645.0,373.6,684.1,482.5,0.7950
156,6.508,4,694.5,357.1,737.8,479.8,0.8051
156,6.508,5,426.3,299.4,453.1,356.7,0.4158
156,6.508,7,384.7,309.5,408.3,359.5,0.4727
156,6.508,6,445.4,294.3,466.8,355.7,0.4195
156,6.508,49,466.7,288.5,490.5,356.3,0.4814
156,6.508,53,239.2,227.0,257.2,269.3,0.5636
156,6.508,60,193.9,231.3,209.6,259.5,0.2516
157,6.550,1,596.6,364.6,635.7,479.4,0.8649
157,6.550,3,644.1,372.0,683.8,482.6,0.7900
157,6.550,4,694.3,356.8,737.4,479.7,0.7914
157,6.550,5,424.9,298.1,452.7,357.1,0.5347
157,6.550,7,385.3,309.1,408.6,357.7,0.4643
157,6.550,6,445.0,293.3,466.6,356.1,0.3761
157,6.550,49,465.9,288.7,489.8,356.1,0.4991
157,6.550,53,239.2,227.5,257.0,269.3,0.5584
158,6.592,1,595.8,364.4,634.8,479.4,0.8664
158,6.592,3,643.5,371.1,683.2,482.1,0.7886
158,6.592,4,694.4,357.0,736.7,478.6,0.7969
158,6.592,5,424.3,297.2,453.0,357.7,0.5616
158,6.592,7,385.9,308.7,409.6,357.3,0.5088
158,6.592,6,443.9,292.4,465.5,356.5,0.3441
158,6.592,49,464.5,288.5,488.8,356.3,0.5677
158,6.592,53,239.2,227.9,256.9,269.6,0.5626
158,6.592,60,194.2,231.1,209.7,258.7,0.2551
159,6.633,1,594.3,364.2,633.1,478.7,0.8443
159,6.633,3,642.5,372.3,681.7,481.8,0.8215
159,6.633,4,694.3,356.8,735.6,475.6,0.8043
159,6.633,5,424.5,297.1,453.4,358.1,0.5413
159,6.633,7,386.7,307.8,411.3,357.0,0.5062
159,6.633,6,443.6,290.1,465.4,355.9,0.3036
159,6.633,49,463.3,289.1,487.5,356.8,0.5525
159,6.633,53,238.9,227.9,256.8,269.9,0.5496
159,6.633,36,367.2,244.8,386.8,293.3,0.2951
160,6.675,1,593.8,364.1,632.5,478.5,0.8443
160,6.675,3,642.2,372.8,681.2,481.7,0.8217
160,6.675,4,694.4,356.7,735.1,474.5,0.8042
160,6.675,5,424.5,297.0,453.6,358.2,0.5421
160,6.675,7,387.0,307.5,412.0,357.0,0.5062
160,6.675,6,443.7,289.3,465.3,355.7,0.3035
160,6.675,49,462.9,289.3,487.0,357.0,0.5524
160,6.675,53,238.8,227.8,256.7,270.1,0.5496
160,6.675,36,367.1,244.8,386.4,293.5,0.2897
161,6.717,1,591.7,362.9,630.6,478.0,0.8324
161,6.717,3,640.8,372.9,679.7,481.0,0.8431
161,6.717,4,694.1,356.6,734.1,472.4,0.7985
161,6.717,5,426.1,295.7,456.4,357.9,0.5388
161,6.717,7,387.5,307.4,412.8,356.5,0.5934
161,6.717,6,442.5,288.9,463.6,354.4,0.2502
161,6.717,49,462.4,289.2,486.5,356.0,0.5853
161,6.717,53,238.8,227.5,256.6,269.6,0.5310
161,6.717,36,366.8,244.0,386.0,293.3,0.2597
162,6.758,1,590.3,361.4,629.3,477.5,0.8412
162,6.758,3,640.1,372.7,679.2,480.6,0.8434
162,6.758,4,693.2,355.5,733.5,472.2,0.8162
162,6.758,5,426.7,295.5,457.5,357.9,0.5423
162,6.758,7,387.3,306.9,413.7,357.4,0.5850
162,6.758,49,461.5,288.9,486.0,356.1,0.5427
162,6.758,53,238.6,227.1,256.7,269.9,0.5305
162,6.758,36,366.3,243.8,385.3,293.1,0.2794
163,6.800,1,588.9,360.9,627.3,475.4,0.8490
163,6.800,3,638.8,372.3,678.2,481.0,0.8476
163,6.800,4,691.4,354.8,732.4,472.7,0.8348
163,6.800,5,426.4,295.2,457.7,358.0,0.5424
163,6.800,7,387.1,308.0,415.3,361.4,0.5842
163,6.800,49,459.9,288.5,484.8,356.1,0.5389
163,6.800,53,238.6,226.7,256.7,270.0,0.5163
163,6.800,36,366.0,243.8,384.8,293.2,0.2506
164,6.842,1,587.7,361.3,625.7,474.0,0.8507
164,6.842,3,637.7,371.5,677.2,481.0,0.8460
164,6.842,4,689.5,354.1,731.1,472.7,0.8587
164,6.842,5,426.3,295.7,457.6,357.9,0.5642
164,6.842,7,385.9,308.6,416.9,367.2,0.5794
164,6.842,49,459.1,288.3,484.4,356.0,0.4996
164,6.842,53,238.4,226.7,256.7,270.6,0.5274
165,6.884,1,586.8,361.1,624.6,473.1,0.8453
165,6.884,3,637.1,370.6,676.6,480.1,0.8268
165,6.884,4,688.0,353.2,730.1,472.4,0.8513
165,6.884,5,426.5,296.1,457.8,357.4,0.5528
165,6.884,7,386.8,308.9,415.9,362.4,0.5121
165,6.884,49,457.9,287.8,483.8,355.8,0.4992
165,6.884,53,238.4,227.1,256.7,271.1,0.5398
166,6.925,1,585.6,362.2,623.0,472.5,0.8380
166,6.925,3,636.7,368.9,676.0,477.7,0.8126
166,6.925,4,686.9,353.4,729.1,472.2,0.8213
166,6.925,5,427.1,296.3,458.7,356.8,0.5035
166,6.925,7,382.0,309.8,422.1,385.3,0.4649
166,6.925,49,456.1,285.5,483.2,356.2,0.5378
166,6.925,53,238.5,227.3,256.6,271.2,0.5445
167,6.967,1,584.7,363.8,621.7,472.3,0.8496
167,6.967,3,636.6,368.2,675.2,475.4,0.8065
167,6.967,4,686.4,355.0,728.4,472.3,0.7974
167,6.967,5,427.0,295.9,459.2,356.9,0.5094
167,6.967,7,380.8,310.1,423.6,392.2,0.5214
167,6.967,49,454.9,284.4,482.4,356.4,0.5439
167,6.967,53,238.4,227.6,256.5,271.6,0.5276
167,6.967,63,384.4,309.8,418.7,362.0,0.3134
168,7.009,1,583.8,364.0,620.9,472.5,0.8576
168,7.009,3,636.3,366.5,675.1,474.4,0.8199
168,7.009,4,684.9,355.6,726.6,472.0,0.7818
168,7.009,5,425.9,294.8,458.9,357.3,0.3773
168,7.009,7,380.8,310.2,423.9,394.5,0.4559
168,7.009,49,454.2,283.8,481.7,356.1,0.5129
168,7.009,53,238.4,227.7,256.4,271.6,0.5206
168,7.009,63,384.8,310.0,418.6,361.4,0.2805
169,7.050,1,582.7,364.2,619.8,472.4,0.8454
169,7.050,3,636.2,365.4,675.0,473.2,0.8124
169,7.050,4,684.0,356.0,725.5,471.9,0.7863
169,7.050,5,425.4,294.2,458.7,357.7,0.3377
169,7.050,7,381.0,310.5,424.0,395.9,0.5256
169,7.050,49,453.7,283.7,480.8,355.7,0.4269
169,7.050,53,238.5,227.9,256.4,272.0,0.5010
169,7.050,63,384.9,310.3,418.9,362.0,0.2644
170,7.092,1,582.3,363.9,619.3,471.1,0.8253
170,7.092,3,636.1,365.5,674.4,472.1,0.8392
170,7.092,4,683.6,356.3,724.3,470.1,0.8243
170,7.092,5,425.5,293.2,458.9,357.2,0.4333
170,7.092,7,381.4,310.7,423.9,396.5,0.6520
170,7.092,49,453.4,284.4,480.0,355.7,0.4852
170,7.092,53,238.5,228.3,256.4,272.6,0.4829
171,7.134,1,581.3,362.2,618.9,471.0,0.8199
171,7.134,3,634.8,365.3,672.8,471.5,0.8021
171,7.134,4,680.6,352.0,722.3,468.3,0.8545
171,7.134,5,425.5,293.6,458.6,357.8,0.4568
171,7.134,7,381.8,310.9,424.0,397.5,0.6382
171,7.134,49,452.9,284.4,479.2,356.2,0.5351
171,7.134,53,238.4,228.6,256.3,273.0,0.4729
171,7.134,60,195.1,230.2,211.7,260.8,0.2771
172,7.176,1,580.9,361.6,618.8,470.9,0.8193
172,7.176,3,634.4,365.2,672.1,471.2,0.8014
172,7.176,4,679.6,350.5,721.7,467.6,0.8545
172,7.176,5,425.6,293.7,458.4,358.0,0.4595
172,7.176,7,382.1,311.0,423.8,397.8,0.6388
172,7.176,49,452.8,284.4,478.9,356.4,0.5359
172,7.176,53,238.4,228.7,256.2,273.2,0.4729
172,7.176,60,195.1,230.1,211.8,261.0,0.2771
173,7.217,1,579.9,360.3,618.8,472.2,0.8027
173,7.217,3,633.4,364.8,671.1,471.5,0.7964
173,7.217,4,676.9,349.0,719.1,466.4,0.8610
173,7.217,7,382.8,311.3,423.4,397.1,0.5425
173,7.217,49,453.3,285.3,478.5,355.3,0.4174
173,7.217,53,238.5,229.0,256.1,273.3,0.4736
173,7.217,60,195.1,229.6,211.9,260.7,0.2856
173,7.217,6,432.4,289.7,454.8,356.0,0.3841
174,7.259,1,579.2,359.1,618.5,472.5,0.7988
174,7.259,3,632.7,363.5,670.6,471.7,0.7916
174,7.259,4,675.7,347.4,718.2,465.8,0.8399
174,7.259,7,383.5,311.9,423.0,396.6,0.4701
174,7.259,49,453.3,285.8,478.1,354.9,0.2726
174,7.259,53,238.9,229.5,256.0,272.7,0.4622
174,7.259,60,195.1,229.4,211.9,260.5,0.2717
175,7.301,1,578.0,356.0,617.6,470.4,0.7723
175,7.301,3,631.8,362.9,669.3,471.3,0.8095
175,7.301,4,674.1,346.1,716.9,465.5,0.8303
175,7.301,7,384.3,312.3,423.5,397.6,0.2756
175,7.301,53,238.9,229.5,256.1,273.0,0.5019
175,7.301,60,195.0,228.8,212.1,260.4,0.3105
176,7.343,1,577.5,355.4,616.7,468.3,0.7293
176,7.343,3,630.8,362.8,668.1,472.3,0.7961
176,7.343,4,672.8,346.1,715.5,465.0,0.8468
176,7.343,7,385.7,313.4,423.2,396.0,0.3339
176,7.343,49,452.5,284.9,477.7,355.5,0.2781
176,7.343,53,238.9,229.4,256.3,273.6,0.4939
176,7.343,60,195.1,228.8,211.9,260.2,0.3053
176,7.343,6,430.9,287.4,455.3,356.0,0.2952
177,7.384,1,576.8,354.4,615.7,466.0,0.7553
177,7.384,3,630.0,362.2,667.2,472.8,0.8014
177,7.384,4,671.5,346.4,714.3,465.1,0.8532
177,7.384,7,386.2,314.1,423.5,397.4,0.3500
177,7.384,49,452.4,283.1,477.9,355.8,0.3120
177,7.384,53,238.8,229.2,256.4,273.7,0.5147
177,7.384,60,195.1,229.0,211.8,260.3,0.2849
177,7.384,5,427.0,287.5,461.7,356.2,0.3568
178,7.426,1,575.5,353.9,614.6,465.9,0.7719
178,7.426,3,628.4,360.8,665.2,470.8,0.8413
178,7.426,4,670.3,347.6,712.5,464.8,0.8345
178,7.426,7,388.1,314.0,424.0,395.3,0.2653
178,7.426,49,452.6,283.2,477.4,354.1,0.3326
178,7.426,53,238.9,229.2,256.4,273.8,0.5013
178,7.426,60,195.1,229.3,211.6,260.4,0.2654
179,7.468,1,575.0,354.2,613.7,465.2,0.7609
179,7.468,3,627.0,360.1,663.7,469.7,0.8329
179,7.468,4,669.4,348.0,711.3,464.3,0.8436
179,7.468,7,389.6,313.9,424.0,391.9,0.2517
179,7.468,49,452.2,283.0,476.9,353.7,0.3091
179,7.468,53,239.1,229.6,256.4,273.4,0.4944
180,7.509,1,574.4,354.1,613.0,464.7,0.7551
180,7.509,3,626.0,359.9,662.5,467.9,0.8348
180,7.509,4,668.6,348.3,710.2,463.7,0.8268
180,7.509,49,451.3,282.7,476.2,353.7,0.3783
180,7.509,53,239.1,229.7,256.4,273.4,0.5057
180,7.509,60,195.3,229.8,211.2,259.8,0.2578
181,7.551,1,573.7,354.7,612.0,464.4,0.7770
181,7.551,3,625.2,359.8,661.6,466.6,0.8222
181,7.551,4,667.8,347.5,709.4,463.3,0.8029
181,7.551,49,449.4,282.5,475.1,355.4,0.3719
181,7.551,53,239.1,229.9,256.5,273.6,0.5003
181,7.551,60,195.5,230.0,211.1,259.3,0.2714
182,7.593,1,573.0,355.1,611.1,464.1,0.7857
182,7.593,3,624.4,359.9,660.6,465.5,0.8215
182,7.593,4,666.7,346.7,708.4,463.2,0.7912
182,7.593,53,239.1,229.7,256.6,273.8,0.5291
182,7.593,60,195.7,229.8,211.0,258.6,0.2793
183,7.635,1,571.8,354.9,609.7,464.2,0.7831
183,7.635,3,623.0,359.9,659.5,465.2,0.8183
183,7.635,4,665.5,345.9,707.6,463.3,0.8202
183,7.635,53,238.9,229.4,256.6,274.1,0.5376
183,7.635,60,196.0,229.5,211.1,257.9,0.2544
183,7.635,5,417.1,287.3,450.2,355.8,0.3609
183,7.635,49,447.2,282.2,473.8,356.6,0.3081
184,7.676,1,571.4,354.9,609.1,464.2,0.7841
184,7.676,3,622.5,359.9,659.3,465.1,0.8179
184,7.676,4,665.2,345.5,707.4,463.4,0.8197
184,7.676,53,238.9,229.3,256.6,274.2,0.5364
184,7.676,60,196.0,229.4,211.1,257.6,0.2544
184,7.676,5,416.4,287.0,448.5,355.7,0.3622
184,7.676,66,421.8,287.4,442.6,336.8,0.3785
184,7.676,49,446.7,282.1,473.6,356.9,0.3091
185,7.718,1,570.4,354.5,607.4,463.0,0.7436
185,7.718,3,620.5,358.8,657.9,464.7,0.8261
185,7.718,4,665.3,344.7,706.5,459.6,0.7866
185,7.718,53,238.7,229.1,256.5,274.1,0.5144
185,7.718,66,420.0,287.9,442.6,341.8,0.4563
185,7.718,49,443.9,281.9,471.9,357.3,0.3162
186,7.760,1,569.6,354.1,606.3,462.8,0.7568
186,7.760,3,618.7,359.3,656.1,464.6,0.8286
186,7.760,4,664.8,343.6,706.0,458.4,0.7773
186,7.760,53,238.9,228.9,256.4,273.4,0.4961
186,7.760,60,195.8,229.5,211.0,258.3,0.2746
186,7.760,66,417.7,288.1,442.4,346.9,0.5089
186,7.760,49,443.6,284.6,470.8,357.5,0.3100
186,7.760,63,393.0,315.7,422.3,360.4,0.2721
187,7.801,1,569.4,354.2,605.1,461.5,0.7747
187,7.801,3,617.6,359.5,655.1,464.5,0.8475
187,7.801,4,663.2,342.7,704.1,457.3,0.7684
187,7.801,53,238.9,228.1,256.3,272.7,0.5376
187,7.801,60,195.5,229.8,210.7,258.5,0.2505
187,7.801,66,415.8,287.6,441.0,347.8,0.4847
187,7.801,49,441.8,287.7,468.5,357.8,0.3557
188,7.843,1,569.3,354.5,604.2,460.7,0.7507
188,7.843,3,616.9,359.3,654.7,464.7,0.8377
188,7.843,4,662.4,342.3,703.1,456.6,0.7572
188,7.843,53,238.8,228.4,255.9,272.3,0.5218
188,7.843,5,401.9,289.3,436.2,359.5,0.4111
188,7.843,66,411.5,287.1,439.3,353.3,0.4940
188,7.843,49,441.1,286.7,468.9,358.6,0.3270
188,7.843,70,432.4,299.9,470.8,356.3,0.4109
189,7.885,1,569.2,354.7,603.2,459.9,0.7853
189,7.885,3,616.2,360.1,653.8,464.9,0.8144
189,7.885,4,662.0,342.0,702.4,456.4,0.7465
189,7.885,53,238.6,228.1,255.9,272.7,0.5351
189,7.885,5,399.4,287.9,435.5,360.0,0.3528
189,7.885,66,408.4,286.4,438.3,357.4,0.4834
189,7.885,49,440.6,287.6,468.8,359.2,0.2937
189,7.885,70,433.6,302.7,470.5,356.8,0.4615
190,7.927,1,569.2,355.0,602.3,458.4,0.7629
190,7.927,3,615.9,360.6,653.4,464.7,0.7998
190,7.927,4,660.5,341.4,701.1,456.7,0.7405
190,7.927,53,238.4,228.0,255.8,273.0,0.5208
190,7.927,66,405.8,285.9,436.7,359.1,0.4022
190,7.927,70,433.1,298.7,472.6,356.9,0.5766
191,7.968,1,569.6,355.1,601.6,456.6,0.7393
191,7.968,3,615.7,360.7,652.8,463.1,0.8032
191,7.968,4,658.6,340.5,699.6,456.9,0.7675
191,7.968,53,238.4,227.8,255.7,273.1,0.5177
191,7.968,66,404.2,285.8,435.5,359.9,0.4166
191,7.968,70,432.4,296.1,474.0,357.5,0.5693
192,8.010,1,569.8,355.3,601.0,455.5,0.7184
192,8.010,3,615.5,360.2,652.4,462.0,0.7807
192,8.010,4,657.8,341.3,698.5,456.8,0.7861
192,8.010,53,238.4,227.9,255.6,273.0,0.5133
192,8.010,66,404.6,286.2,435.6,359.9,0.4053
192,8.010,70,433.1,297.9,473.7,358.0,0.5424
192,8.010,5,396.1,286.5,433.3,360.2,0.3084
193,8.052,1,569.9,355.8,600.1,454.9,0.6402
193,8.052,3,615.0,359.6,651.8,461.2,0.7612
193,8.052,4,657.3,342.1,697.7,456.9,0.8036
193,8.052,53,238.5,227.7,255.8,272.9,0.5093
193,8.052,66,404.3,286.7,435.0,360.0,0.4065
193,8.052,70,434.4,301.5,472.7,358.3,0.5406
194,8.093,1,569.6,355.7,599.2,454.1,0.6676
194,8.093,3,613.5,358.4,650.2,459.7,0.7806
194,8.093,4,656.9,342.4,697.0,456.7,0.8017
194,8.093,53,238.5,227.9,255.6,272.7,0.4708
194,8.093,66,403.6,286.8,434.3,360.1,0.3776
194,8.093,70,435.3,304.9,471.6,358.7,0.4877
195,8.135,1,568.7,354.7,598.0,454.2,0.6234
195,8.135,3,611.3,355.5,648.2,457.8,0.7781
195,8.135,4,655.0,340.0,695.8,456.6,0.7528
195,8.135,53,238.7,227.8,255.9,272.7,0.4936
195,8.135,70,436.4,308.2,470.8,358.9,0.5342
195,8.135,5,396.1,292.8,430.8,360.2,0.3069
196,8.177,1,568.6,354.3,597.4,454.2,0.6233
196,8.177,3,610.5,354.4,647.5,457.2,0.7784
196,8.177,4,654.5,339.1,695.3,456.6,0.7530
196,8.177,53,238.8,227.7,256.0,272.7,0.4936
196,8.177,70,436.7,309.3,470.6,358.9,0.5343
196,8.177,5,396.1,292.4,431.0,360.0,0.3069
197,8.219,1,568.4,354.5,596.3,453.1,0.6135
197,8.219,3,609.7,354.4,646.5,456.3,0.7969
197,8.219,4,652.8,339.3,693.2,455.8,0.7827
197,8.219,53,238.7,227.9,256.0,273.1,0.4576
197,8.219,70,437.9,310.8,471.2,359.4,0.5418
197,8.219,63,398.7,313.4,431.0,360.2,0.2993
198,8.260,1,568.6,354.1,595.5,450.6,0.5980
198,8.260,3,609.2,354.1,646.0,455.9,0.7857
198,8.260,4,651.7,339.2,691.6,454.4,0.7754
198,8.260,53,238.6,227.8,256.0,273.4,0.3901
198,8.260,70,438.2,311.3,471.5,359.6,0.5634
198,8.260,63,398.5,311.0,432.4,360.2,0.3288
199,8.302,1,568.1,353.3,594.4,449.6,0.5647
199,8.302,3,606.9,354.2,643.9,456.1,0.8299
199,8.302,4,650.9,340.5,689.2,451.7,0.8007
199,8.302,53,238.6,227.9,256.0,273.8,0.4372
199,8.302,60,195.4,231.4,210.4,260.1,0.2632
199,8.302,70,438.1,311.2,471.7,359.6,0.6199
199,8.302,5,397.9,286.4,432.7,357.4,0.5285
200,8.344,1,567.9,352.7,593.6,448.6,0.5374
200,8.344,3,605.7,354.3,642.7,456.1,0.8478
200,8.344,4,649.8,340.4,687.6,450.5,0.8278
200,8.344,53,238.8,227.4,256.2,273.9,0.3842
200,8.344,60,195.5,231.3,210.5,260.2,0.2565
200,8.344,70,438.0,310.6,472.1,359.5,0.6096
200,8.344,5,398.8,286.0,433.7,358.4,0.5421
201,8.385,1,568.3,352.9,592.9,446.1,0.4860
201,8.385,3,604.8,354.1,641.7,456.1,0.8455
201,8.385,4,648.5,339.6,686.5,449.9,0.8379
201,8.385,53,238.9,227.1,256.5,274.1,0.3926
201,8.385,70,438.2,310.6,472.3,359.4,0.5340
201,8.385,5,399.6,285.8,434.0,358.5,0.5565
201,8.385,84,439.8,281.9,462.0,318.6,0.3338
201,8.385,63,396.4,288.5,436.7,354.8,0.5205
202,8.427,1,570.0,353.7,591.4,435.3,0.4349
202,8.427,3,603.3,354.3,640.1,456.4,0.8140
202,8.427,4,647.0,339.3,684.9,449.1,0.8446
202,8.427,53,239.2,227.3,256.7,274.2,0.4820
202,8.427,70,438.7,311.4,472.6,359.5,0.4925
202,8.427,5,400.5,286.8,433.9,358.4,0.5342
203,8.469,1,570.6,354.5,590.1,429.3,0.3195
203,8.469,3,601.6,353.3,638.3,456.0,0.7882
203,8.469,4,646.1,339.5,684.1,449.0,0.8457
203,8.469,53,239.0,227.3,256.4,274.0,0.4968
203,8.469,70,439.0,311.4,473.3,359.6,0.4812
203,8.469,5,401.1,287.4,433.7,358.3,0.5434
204,8.511,1,571.3,354.7,588.9,422.0,0.2942
204,8.511,3,601.3,352.8,637.5,454.1,0.7957
204,8.511,4,645.6,339.6,683.6,448.9,0.8296
204,8.511,53,238.6,227.4,256.0,274.1,0.4901
204,8.511,70,439.0,311.5,473.8,359.6,0.4725
204,8.511,5,400.5,287.5,431.9,357.2,0.5622
204,8.511,88,336.5,238.5,350.3,280.9,0.3604
205,8.552,3,600.6,352.3,636.4,453.0,0.7935
205,8.552,4,645.3,340.0,683.2,448.9,0.8309
205,8.552,53,238.6,227.2,256.1,274.6,0.4727
205,8.552,70,439.0,311.9,474.0,359.7,0.4982
205,8.552,5,400.8,288.2,431.3,356.8,0.6002
205,8.552,88,335.8,238.9,349.4,280.6,0.2988
206,8.594,3,599.5,352.1,635.0,452.7,0.8037
206,8.594,4,645.0,340.4,683.0,448.9,0.8288
206,8.594,53,239.1,227.7,256.3,274.7,0.4077
206,8.594,70,438.3,311.3,474.0,359.6,0.5237
206,8.594,5,399.9,288.2,429.4,355.9,0.5849
206,8.594,88,335.3,239.2,348.6,279.9,0.2831
206,8.594,63,399.1,290.2,439.1,358.2,0.4664
207,8.636,3,598.3,351.4,633.6,452.4,0.8315
207,8.636,4,644.7,340.8,682.6,448.7,0.8344
207,8.636,53,238.4,227.3,255.8,274.8,0.4769
207,8.636,70,439.2,312.1,474.3,359.2,0.4556
207,8.636,5,398.0,288.1,426.3,355.0,0.5716
208,8.678,3,597.9,351.1,633.0,452.3,0.8316
208,8.678,4,644.5,340.9,682.6,448.7,0.8358
208,8.678,53,238.2,227.1,255.6,274.9,0.4768
208,8.678,70,439.4,312.4,474.5,359.1,0.4572
208,8.678,5,397.6,288.1,425.0,354.7,0.5747
209,8.719,3,596.8,351.4,631.4,452.2,0.8103
209,8.719,4,644.1,340.2,682.6,448.9,0.8445
209,8.719,53,238.1,226.4,255.6,274.5,0.4927
209,8.719,70,441.0,314.7,474.7,358.9,0.4484
209,8.719,5,396.2,286.9,422.3,351.9,0.5663
209,8.719,84,429.9,281.4,458.1,329.2,0.3356
210,8.761,3,596.4,351.9,630.4,452.2,0.7924
210,8.761,4,643.4,339.8,682.1,448.7,0.8314
210,8.761,53,238.3,225.1,256.1,273.8,0.5689
210,8.761,70,444.1,318.8,474.7,358.2,0.3071
210,8.761,5,395.4,286.1,420.8,350.7,0.6120
210,8.761,84,428.0,281.1,459.7,336.3,0.4280
210,8.761,88,332.9,240.9,345.5,279.2,0.2784
211,8.803,3,595.3,351.4,629.2,451.4,0.7236
211,8.803,4,643.1,338.5,681.7,446.6,0.8557
211,8.803,53,238.7,224.6,256.3,273.0,0.5538
211,8.803,70,446.6,320.5,476.2,357.9,0.3601
211,8.803,5,394.0,285.6,419.5,351.9,0.6512
211,8.803,84,426.4,281.0,460.7,342.7,0.4061
211,8.803,88,331.6,240.5,344.5,279.2,0.2564
212,8.844,3,594.1,350.9,627.7,450.8,0.7201
212,8.844,4,642.8,337.7,681.2,444.8,0.8434
212,8.844,53,238.8,224.4,256.5,273.5,0.5861
212,8.844,70,446.7,318.1,478.5,357.9,0.5035
212,8.844,5,393.0,284.6,418.2,351.7,0.7140
212,8.844,84,426.3,280.9,460.4,344.0,0.5266
213,8.886,3,593.7,350.8,627.1,450.4,0.6919
213,8.886,4,642.6,336.9,680.9,443.1,0.8351
213,8.886,53,238.9,224.4,256.6,273.7,0.5952
213,8.886,70,447.0,317.1,480.2,357.9,0.3679
213,8.886,5,392.8,284.0,417.7,351.3,0.7155
213,8.886,84,426.5,281.0,459.4,343.9,0.4968
213,8.886,88,329.8,239.8,343.1,279.5,0.2711
214,8.928,3,592.9,350.0,626.3,449.5,0.7646
214,8.928,4,641.7,335.7,680.3,442.0,0.8328
214,8.928,53,239.1,224.5,256.5,273.4,0.5800
214,8.928,5,392.1,282.8,416.8,350.5,0.6864
214,8.928,84,425.9,280.8,457.6,342.8,0.5279
215,8.970,3,592.0,349.1,625.7,449.3,0.7693
215,8.970,4,641.0,334.4,679.8,440.6,0.8297
215,8.970,53,239.0,225.4,256.1,273.3,0.5656
215,8.970,70,446.8,314.7,483.4,358.3,0.3569
215,8.970,5,392.0,282.6,416.3,349.4,0.6446
215,8.970,84,424.7,280.1,456.6,343.8,0.5955
216,9.011,3,591.4,350.2,624.6,448.7,0.7650
216,9.011,4,640.2,334.3,678.8,439.9,0.7942
216,9.011,53,238.8,225.5,255.8,273.7,0.5183
216,9.011,70,446.9,313.8,484.5,358.1,0.4960
216,9.011,5,391.6,282.8,415.3,348.2,0.6344
216,9.011,84,423.8,279.2,455.5,344.0,0.6247
216,9.011,92,423.4,276.6,449.5,349.2,0.3448
217,9.053,3,590.5,351.0,623.3,448.0,0.8052
217,9.053,4,639.5,334.2,678.1,439.7,0.8026
217,9.053,53,238.5,225.3,255.7,274.2,0.5140
217,9.053,70,447.5,313.2,485.4,357.6,0.5128
217,9.053,5,390.7,282.8,413.7,346.8,0.6339
217,9.053,84,424.1,278.4,454.0,339.8,0.6256
217,9.053,92,423.9,277.0,448.7,346.1,0.3891
218,9.095,3,590.1,351.5,622.6,447.2,0.7782
218,9.095,4,639.0,334.4,677.6,439.7,0.8149
218,9.095,53,238.5,225.4,255.6,274.3,0.4646
218,9.095,70,448.3,313.8,486.1,357.7,0.4832
218,9.095,5,389.8,282.9,412.3,346.0,0.6069
218,9.095,84,419.6,276.2,454.4,348.8,0.3671
218,9.095,92,427.0,278.0,448.3,336.5,0.6330
219,9.136,3,589.5,350.9,621.7,445.1,0.7515
219,9.136,4,637.6,335.1,675.9,439.9,0.8039
219,9.136,53,238.4,224.9,255.5,274.0,0.4553
219,9.136,70,448.9,315.3,486.4,358.8,0.4179
219,9.136,5,389.1,282.8,411.2,345.7,0.6122
219,9.136,84,417.7,275.0,454.8,353.4,0.3944
219,9.136,92,426.9,277.0,448.1,334.9,0.5588
219,9.136,94,537.3,351.9,555.6,417.7,0.4131
220,9.178,3,589.2,350.6,621.4,444.3,0.7506
220,9.178,4,637.2,335.3,675.3,440.0,0.8040
220,9.178,53,238.4,224.7,255.5,273.9,0.4556
220,9.178,70,449.1,315.9,486.5,359.2,0.4181
220,9.178,5,388.9,282.8,410.8,345.6,0.6117
220,9.178,84,417.2,274.4,454.7,355.3,0.3956
220,9.178,92,426.8,276.8,448.2,334.5,0.5594
220,9.178,94,537.3,351.9,555.4,417.2,0.4048
221,9.220,3,587.9,350.6,620.2,443.9,0.7703
221,9.220,4,636.2,335.7,674.0,439.8,0.7910
221,9.220,53,238.2,223.9,255.5,274.1,0.4506
221,9.220,70,450.5,317.9,486.7,359.3,0.5052
221,9.220,5,388.4,282.6,410.1,345.6,0.6345
221,9.220,84,416.9,273.4,454.7,356.5,0.4273
221,9.220,92,425.0,276.9,449.1,341.9,0.6525
221,9.220,94,536.2,351.4,555.8,421.7,0.4421
222,9.262,3,587.2,351.3,619.4,443.1,0.7529
222,9.262,4,635.0,334.6,673.0,440.0,0.8274
222,9.262,53,238.3,223.6,255.6,274.2,0.4689
222,9.262,70,451.1,318.3,487.1,359.4,0.5203
222,9.262,5,388.0,283.1,409.1,344.3,0.6352
222,9.262,92,424.2,276.5,449.5,345.2,0.7081
222,9.262,94,535.9,350.9,555.6,421.6,0.4057
223,9.303,3,585.4,350.9,617.9,442.3,0.7241
223,9.303,4,633.2,332.6,671.9,440.1,0.8555
223,9.303,53,238.5,224.1,255.5,273.9,0.2989
223,9.303,70,452.2,318.4,487.6,358.6,0.5496
223,9.303,5,387.8,284.2,408.2,344.0,0.6026
223,9.303,92,423.3,275.6,449.6,347.4,0.7062
223,9.303,94,535.3,349.9,555.6,422.5,0.3385
224,9.345,3,582.7,348.3,616.2,440.9,0.7064
224,9.345,4,632.2,331.3,671.1,439.8,0.8645
224,9.345,53,238.7,225.2,255.2,273.8,0.2867
224,9.345,70,452.6,318.3,487.8,358.2,0.4039
224,9.345,5,387.3,283.7,407.9,343.8,0.5994
224,9.345,92,423.1,275.5,449.2,346.8,0.6884
224,9.345,94,534.9,348.6,555.9,423.6,0.3992
225,9.387,3,580.5,349.4,614.4,441.2,0.7344
225,9.387,4,631.7,329.5,670.5,438.4,0.8587
225,9.387,53,238.7,226.2,254.8,273.4,0.2764
225,9.387,70,453.0,318.9,487.6,357.7,0.3795
225,9.387,5,386.9,282.6,407.8,344.0,0.6128
225,9.387,92,423.2,275.2,448.7,345.1,0.6923
225,9.387,94,534.4,347.6,556.0,424.5,0.4339
226,9.428,3,580.3,352.0,613.7,441.1,0.7138
226,9.428,4,630.7,328.7,669.2,437.1,0.8406
226,9.428,70,453.8,318.1,489.4,358.0,0.3601
226,9.428,5,385.8,281.6,407.0,344.3,0.6296
226,9.428,92,422.8,275.8,447.7,344.0,0.6362
226,9.428,94,533.4,345.7,556.7,428.8,0.4541
226,9.428,88,320.8,236.5,334.0,275.7,0.2565
227,9.470,3,579.8,352.2,613.4,440.9,0.6850
227,9.470,4,630.1,329.8,668.4,437.6,0.8343
227,9.470,70,454.4,317.7,490.4,358.0,0.4164
227,9.470,5,385.2,280.6,406.7,344.5,0.6489
227,9.470,92,422.3,275.8,446.9,342.7,0.6372
227,9.470,94,532.8,344.2,556.9,430.4,0.4230
227,9.470,88,320.1,235.8,333.6,275.6,0.2527
228,9.512,3,577.6,350.9,612.3,441.3,0.6776
228,9.512,4,629.7,330.2,668.0,437.6,0.8351
228,9.512,70,454.6,317.4,490.7,357.7,0.4223
228,9.512,5,385.0,280.4,406.4,344.5,0.6150
228,9.512,92,421.9,275.5,446.2,341.7,0.6359
228,9.512,94,532.5,341.8,558.0,433.0,0.4585
228,9.512,88,319.6,235.6,333.3,275.8,0.2775
229,9.554,3,575.7,350.5,610.8,441.0,0.7231
229,9.554,4,629.4,330.4,667.6,436.7,0.8393
229,9.554,70,454.8,317.2,491.2,357.4,0.4362
229,9.554,5,383.9,279.9,405.7,344.4,0.6171
229,9.554,92,421.8,275.0,445.5,339.2,0.6090
229,9.554,94,532.2,339.2,558.7,434.2,0.5025
229,9.554,88,319.3,235.8,333.0,276.0,0.2919
230,9.595,3,574.3,349.8,609.9,440.7,0.7342
230,9.595,4,629.2,330.5,667.1,435.2,0.8364
230,9.595,70,455.7,317.4,492.1,357.6,0.3680
230,9.595,5,383.3,280.3,405.1,344.2,0.6459
230,9.595,92,421.6,274.1,444.2,334.9,0.6277
230,9.595,94,532.1,338.4,558.8,434.4,0.5080
230,9.595,88,319.4,236.2,333.0,276.0,0.2932
231,9.637,3,573.3,349.8,608.6,439.4,0.7784
231,9.637,4,628.4,330.4,666.6,434.7,0.8450
231,9.637,53,237.6,229.5,254.1,277.2,0.2820
231,9.637,5,382.5,279.4,404.6,344.1,0.6260
231,9.637,92,421.1,273.9,442.7,332.2,0.6158
231,9.637,94,531.5,337.1,558.4,434.5,0.5307
232,9.679,3,572.9,349.9,608.2,438.9,0.7799
232,9.679,4,628.0,330.4,666.5,434.5,0.8449
232,9.679,53,237.5,229.5,254.2,277.4,0.2819
232,9.679,5,382.2,279.1,404.4,344.1,0.6259
232,9.679,92,420.8,273.9,442.3,331.3,0.6158
232,9.679,94,531.4,336.7,558.2,434.5,0.5307
232,9.679,99,455.9,317.4,506.4,431.3,0.4514
233,9.720,3,571.9,347.9,607.5,438.1,0.8152
233,9.720,4,627.2,330.4,665.7,434.4,0.8483
233,9.720,53,237.2,227.9,254.2,276.6,0.3516
233,9.720,5,382.2,279.4,404.0,344.6,0.6213
233,9.720,92,419.4,274.1,442.2,335.1,0.6738
233,9.720,94,531.5,337.1,558.2,434.0,0.5392
233,9.720,99,456.7,320.9,506.0,431.9,0.4145
234,9.762,3,571.3,345.1,607.6,437.6,0.8193
234,9.762,4,626.4,330.3,665.0,433.8,0.8253
234,9.762,53,236.5,227.3,253.8,276.5,0.3556
234,9.762,5,382.1,279.7,403.8,344.9,0.6178
234,9.762,92,418.8,273.4,442.7,337.8,0.7478
234,9.762,94,531.4,337.8,557.7,433.4,0.4640
234,9.762,88,317.4,236.7,331.3,274.9,0.2526
234,9.762,99,457.7,322.3,506.6,432.4,0.3943
235,9.804,3,570.8,343.7,607.3,437.6,0.8435
235,9.804,4,625.7,329.7,664.3,433.7,0.7935
235,9.804,53,236.0,226.6,253.7,276.5,0.4204
235,9.804,5,381.3,280.9,402.2,344.6,0.6481
235,9.804,92,418.1,273.4,442.7,339.9,0.7864
235,9.804,94,531.2,337.0,557.3,432.1,0.5080
235,9.804,99,459.7,322.5,508.4,432.4,0.5465
236,9.846,3,570.8,343.4,607.0,437.6,0.8301
236,9.846,4,625.5,329.4,664.0,433.4,0.7850
236,9.846,53,235.8,226.5,253.6,276.6,0.4046
236,9.846,5,381.4,279.9,402.6,345.2,0.6715
236,9.846,92,417.9,273.5,442.4,340.3,0.7957
236,9.846,94,531.1,340.6,556.2,431.5,0.3998
236,9.846,99,460.1,322.3,509.1,432.9,0.5976
237,9.887,3,570.6,343.0,606.6,437.6,0.8146
237,9.887,4,625.2,329.0,663.7,433.8,0.7836
237,9.887,53,235.3,226.7,253.3,276.9,0.4244
237,9.887,5,381.1,280.3,401.7,343.9,0.7196
237,9.887,92,417.6,274.2,441.8,340.1,0.8128
237,9.887,94,530.3,341.0,555.3,431.1,0.4994
237,9.887,99,460.1,321.3,509.6,433.1,0.6352
238,9.929,3,570.5,343.2,605.8,437.2,0.8242
238,9.929,4,625.0,328.1,663.1,432.2,0.7945
238,9.929,53,235.1,227.1,252.9,277.0,0.4297
238,9.929,5,381.0,279.6,401.9,344.7,0.7381
238,9.929,92,417.1,274.9,441.0,340.2,0.8326
238,9.929,94,529.3,340.1,554.9,431.6,0.6161
238,9.929,99,461.1,321.5,510.5,433.1,0.6504
239,9.971,3,570.7,343.2,605.4,436.6,0.8253
239,9.971,4,624.7,328.2,662.3,430.8,0.8015
239,9.971,53,234.7,227.0,252.8,277.3,0.4601
239,9.971,5,380.9,279.4,401.8,344.5,0.7386
239,9.971,92,416.6,275.2,440.4,340.4,0.8370
239,9.971,94,529.2,341.7,554.9,432.0,0.4333
239,9.971,99,459.8,320.6,509.2,432.0,0.5657
240,10.013,3,570.7,342.5,605.2,436.2,0.8239
240,10.013,4,624.0,327.9,661.4,429.7,0.8050
240,10.013,53,234.4,227.2,252.5,277.5,0.4645
240,10.013,5,380.8,279.3,401.6,344.1,0.7415
240,10.013,92,416.1,275.4,439.8,340.6,0.8554
240,10.013,94,528.7,340.7,554.8,431.8,0.4379
240,10.013,99,459.9,320.3,509.4,431.7,0.5501
241,10.054,3,570.8,342.5,604.8,436.0,0.8218
241,10.054,4,623.2,327.4,660.8,429.1,0.8158
241,10.054,53,234.5,227.6,252.4,277.5,0.4170
241,10.054,5,380.5,280.2,400.8,343.5,0.7564
241,10.054,92,415.8,275.6,439.5,340.5,0.8505
241,10.054,94,527.9,340.2,554.4,431.2,0.3526
241,10.054,99,461.2,322.3,509.6,431.2,0.4391
242,10.096,3,570.5,342.5,604.3,436.2,0.8125
242,10.096,4,622.4,327.0,659.9,428.3,0.8079
242,10.096,53,234.4,227.7,252.3,277.6,0.3692
242,10.096,5,380.3,280.1,400.5,343.2,0.7530
242,10.096,92,415.5,275.3,439.3,340.6,0.8481
242,10.096,94,527.2,339.1,554.1,430.8,0.6051
242,10.096,99,462.4,320.9,512.0,433.1,0.5857
243,10.138,3,570.0,341.9,603.4,435.4,0.7978
243,10.138,4,621.8,327.0,659.0,427.3,0.8128
243,10.138,53,234.4,227.3,252.4,277.5,0.3734
243,10.138,5,380.1,280.4,400.4,343.3,0.7360
243,10.138,92,414.7,274.4,438.7,340.3,0.8296
243,10.138,94,526.1,336.6,553.6,429.4,0.6215
243,10.138,99,464.6,318.6,516.3,436.3,0.7316
244,10.179,3,569.9,341.6,603.0,435.1,0.7976
244,10.179,4,621.6,327.1,658.8,426.9,0.8129
244,10.179,53,234.4,227.2,252.5,277.5,0.3735
244,10.179,5,380.1,280.5,400.3,343.4,0.7363
244,10.179,92,414.5,274.0,438.5,340.2,0.8295
244,10.179,94,525.7,335.9,553.5,428.9,0.6177
244,10.179,99,465.6,317.7,517.8,437.5,0.7317
245,10.221,3,569.5,340.0,602.3,433.6,0.7960
245,10.221,4,620.1,327.4,657.3,426.8,0.7788
245,10.221,53,233.9,226.7,252.2,277.6,0.3883
245,10.221,5,380.3,280.4,400.5,342.9,0.7296
245,10.221,92,413.5,273.4,438.0,340.7,0.8441
245,10.221,94,524.6,334.3,553.3,429.3,0.7405
245,10.221,99,466.9,317.8,519.7,440.5,0.7477
246,10.263,3,569.2,338.7,601.5,432.1,0.7820
246,10.263,4,618.5,326.9,656.1,427.3,0.7732
246,10.263,53,233.8,226.9,252.0,277.6,0.3331
246,10.263,5,380.3,280.9,400.4,343.1,0.7257
246,10.263,92,413.0,273.1,437.5,340.7,0.8435
246,10.263,94,524.4,334.5,553.4,429.2,0.7234
246,10.263,99,468.3,318.3,520.8,441.6,0.7299
247,10.305,3,568.9,338.2,600.7,431.4,0.7882
247,10.305,4,617.5,327.1,655.0,427.0,0.7617
247,10.305,53,233.4,226.7,251.9,278.0,0.3847
247,10.305,5,380.4,281.1,400.5,343.2,0.7252
247,10.305,92,412.4,272.4,437.1,340.8,0.8231
247,10.305,94,523.7,333.8,552.9,428.5,0.7082
247,10.305,99,470.5,322.4,520.8,442.5,0.6293
248,10.346,3,568.5,337.2,600.0,431.0,0.7629
248,10.346,4,616.8,327.3,654.1,427.1,0.7372
248,10.346,53,233.2,226.6,251.8,278.4,0.3862
248,10.346,5,380.6,280.8,400.8,343.0,0.7465
248,10.346,92,412.1,272.0,436.5,340.1,0.8123
248,10.346,94,523.1,333.9,552.6,428.4,0.7335
248,10.346,99,473.0,325.8,521.5,443.2,0.5420
248,10.346,102,228.0,226.8,243.2,276.6,0.3834
249,10.388,3,568.6,336.2,599.9,430.8,0.7648
249,10.388,4,616.3,327.2,653.5,427.1,0.7433
249,10.388,53,233.0,226.6,251.9,278.8,0.4284
249,10.388,5,381.0,280.7,401.1,342.2,0.7627
249,10.388,92,411.9,271.7,435.9,339.0,0.8098
249,10.388,94,522.7,333.3,552.2,427.3,0.7328
249,10.388,99,476.7,325.6,524.7,443.0,0.5622
249,10.388,102,227.9,226.9,243.2,276.9,0.4488
250,10.430,3,568.8,336.6,599.4,430.5,0.7488
250,10.430,4,615.3,326.2,652.8,427.2,0.7871
250,10.430,53,233.0,228.3,251.6,278.3,0.4069
250,10.430,5,380.9,279.4,401.2,341.6,0.7947
250,10.430,92,411.3,270.9,435.3,338.2,0.8392
250,10.430,94,522.0,334.9,551.6,428.4,0.7546
250,10.430,99,481.2,325.7,527.2,440.0,0.5001
250,10.430,102,228.1,227.4,243.1,276.5,0.4658
251,10.471,3,568.5,335.4,599.0,430.6,0.7279
251,10.471,4,614.3,324.9,652.0,426.5,0.7840
251,10.471,53,232.8,228.5,251.6,278.4,0.4180
251,10.471,5,380.9,279.1,401.3,341.7,0.7799
251,10.471,92,411.1,270.7,434.8,337.6,0.8141
251,10.471,94,522.0,335.0,551.5,427.9,0.7549
251,10.471,99,483.0,326.2,528.2,439.5,0.6004
251,10.471,102,228.3,227.1,243.6,276.7,0.4497
252,10.513,3,568.6,339.2,597.5,430.7,0.6829
252,10.513,4,612.8,323.4,650.7,425.3,0.7805
252,10.513,53,232.0,228.2,251.4,278.9,0.4745
252,10.513,5,381.7,278.9,401.9,340.8,0.7887
252,10.513,92,410.9,271.2,434.3,336.8,0.8016
252,10.513,94,521.8,334.7,551.1,426.7,0.7173
252,10.513,99,483.7,328.1,529.9,446.1,0.5462
252,10.513,102,228.8,226.7,244.6,277.6,0.4818
253,10.555,3,569.2,341.1,597.0,430.3,0.6933
253,10.555,4,611.8,323.2,649.1,423.7,0.8021
253,10.555,53,231.5,228.4,251.2,279.4,0.5094
253,10.555,5,381.5,279.2,401.5,340.2,0.7867
253,10.555,92,411.0,271.5,434.2,336.5,0.7999
253,10.555,94,521.0,333.3,550.9,426.3,0.5835
253,10.555,99,484.4,327.3,531.4,449.6,0.4226
253,10.555,102,229.1,226.8,245.2,278.3,0.5180
254,10.597,3,569.0,341.6,596.2,430.2,0.6411
254,10.597,4,610.7,322.0,648.2,423.9,0.8120
254,10.597,53,231.1,228.5,251.1,279.8,0.5468
254,10.597,5,382.0,278.9,402.0,339.9,0.7837
254,10.597,92,411.0,271.9,434.2,336.8,0.8005
254,10.597,94,520.3,327.5,551.4,424.0,0.5466
254,10.597,99,487.1,328.1,533.6,450.9,0.4509
254,10.597,102,229.4,226.7,245.8,278.9,0.5257
255,10.638,3,568.1,339.6,595.3,430.1,0.5997
255,10.638,4,609.1,320.8,646.6,423.4,0.8195
255,10.638,53,230.7,228.2,251.1,280.1,0.5764
255,10.638,5,381.8,279.2,401.7,339.8,0.7802
255,10.638,92,410.7,272.1,434.1,337.2,0.7889
255,10.638,94,521.9,331.1,551.7,424.0,0.4964
255,10.638,99,489.0,335.2,533.4,451.0,0.4564
256,10.680,3,568.0,338.9,594.8,430.1,0.6018
256,10.680,4,608.6,320.4,645.9,423.2,0.8197
256,10.680,53,230.5,228.1,251.2,280.2,0.5766
256,10.680,5,381.8,279.3,401.6,339.8,0.7802
256,10.680,92,410.6,272.2,434.1,337.3,0.7882
256,10.680,94,522.5,332.6,551.8,424.0,0.4968
256,10.680,99,489.6,337.9,533.3,450.9,0.4574
256,10.680,103,498.5,338.9,531.4,447.9,0.3846
257,10.722,3,568.3,338.6,594.0,427.8,0.6037
257,10.722,4,607.7,320.0,645.0,423.0,0.8453
257,10.722,53,230.2,227.9,251.1,280.3,0.5998
257,10.722,5,381.6,279.6,401.4,339.9,0.7639
257,10.722,92,410.3,271.9,434.1,337.6,0.7582
257,10.722,94,519.8,329.6,551.1,426.7,0.4143
257,10.722,99,490.5,344.4,533.2,453.7,0.4654
257,10.722,103,499.1,332.8,535.7,452.5,0.3676
258,10.763,3,568.7,338.4,593.7,426.6,0.5814
258,10.763,4,606.9,319.9,643.9,422.7,0.8477
258,10.763,5,381.5,279.5,401.3,340.0,0.7633
258,10.763,92,410.0,271.6,433.8,337.2,0.7809
258,10.763,94,514.0,325.8,550.5,439.1,0.4246
258,10.763,99,491.7,352.1,531.2,452.5,0.3341
258,10.763,103,500.2,333.0,537.4,453.1,0.3397
258,10.763,102,229.8,226.1,246.8,279.1,0.5821
259,10.805,3,569.0,338.5,593.0,424.7,0.5227
259,10.805,4,606.4,320.7,642.9,422.2,0.8478
259,10.805,5,381.1,278.7,401.2,340.2,0.7864
259,10.805,92,409.9,271.6,433.4,336.7,0.7719
259,10.805,99,495.1,350.1,535.3,453.1,0.5633
259,10.805,103,504.6,338.2,540.5,452.7,0.4457
259,10.805,102,229.6,225.6,247.2,279.5,0.6369
260,10.847,3,568.7,337.7,592.5,423.7,0.4368
260,10.847,4,605.9,321.4,641.8,421.5,0.8340
260,10.847,5,380.8,278.5,401.1,340.3,0.7898
260,10.847,92,409.7,271.6,433.1,336.6,0.7666
260,10.847,103,504.4,343.2,539.2,453.8,0.6978
260,10.847,102,229.5,225.3,247.4,279.6,0.6216
261,10.889,3,567.9,337.3,591.6,423.3,0.2875
261,10.889,4,605.4,321.3,641.0,420.7,0.8322
261,10.889,5,380.8,278.5,401.0,339.9,0.7932
261,10.889,92,409.4,271.7,432.6,336.4,0.7755
261,10.889,103,505.0,343.3,540.8,456.0,0.7408
261,10.889,102,229.1,225.1,247.3,279.3,0.6191
262,10.930,4,604.4,321.1,639.6,419.4,0.8704
262,10.930,5,380.6,278.2,400.8,339.2,0.7935
262,10.930,92,409.0,271.7,432.0,335.7,0.7969
262,10.930,103,507.6,338.8,545.2,455.8,0.6988
262,10.930,102,228.9,225.0,247.2,279.0,0.5539
263,10.972,4,603.4,321.0,638.6,419.2,0.8614
263,10.972,5,380.5,277.8,400.8,338.9,0.7911
263,10.972,92,408.9,271.5,431.6,334.4,0.7976
263,10.972,103,509.7,338.4,548.2,456.4,0.7066
263,10.972,102,228.7,224.7,247.2,279.1,0.5525
264,11.014,4,603.0,320.5,638.3,418.8,0.8549
264,11.014,5,380.3,277.4,400.8,338.9,0.7805
264,11.014,92,408.9,271.4,431.4,333.6,0.8037
264,11.014,103,509.7,336.2,549.7,457.3,0.7564
264,11.014,102,228.4,224.4,247.1,279.0,0.5745
265,11.055,4,602.2,320.0,638.0,419.2,0.8570
265,11.055,5,380.3,277.3,400.9,338.8,0.7821
265,11.055,92,408.6,271.4,431.3,334.0,0.8055
265,11.055,103,509.5,324.7,553.2,456.4,0.7026
265,11.055,102,228.1,224.5,246.9,279.0,0.5678
266,11.097,4,601.9,319.7,637.6,418.1,0.8499
266,11.097,5,380.3,276.6,401.3,339.2,0.7869
266,11.097,92,408.1,271.4,431.1,334.9,0.7990
266,11.097,103,511.7,333.2,553.7,457.9,0.5904
266,11.097,102,227.9,225.0,246.6,279.0,0.5753
266,11.097,94,509.6,316.0,546.4,427.4,0.3911
267,11.139,4,601.4,318.7,637.4,416.9,0.8497
267,11.139,5,380.4,277.3,401.0,338.3,0.7827
267,11.139,92,407.8,271.5,430.8,335.2,0.7983
267,11.139,103,517.3,340.9,556.6,458.2,0.5803
267,11.139,102,227.7,225.0,246.6,279.2,0.5925
267,11.139,94,505.6,318.8,538.2,418.9,0.4730
267,11.139,99,508.1,329.5,557.7,457.8,0.4034
268,11.181,4,601.1,318.4,637.4,416.4,0.8499
268,11.181,5,380.4,277.6,400.9,338.0,0.7827
268,11.181,92,407.7,271.6,430.7,335.4,0.7983
268,11.181,103,519.3,343.7,557.6,458.3,0.5794
268,11.181,102,227.6,225.0,246.6,279.2,0.5925
268,11.181,94,504.3,319.7,535.5,416.1,0.4730
268,11.181,99,508.8,328.1,558.7,458.0,0.4022
269,11.222,4,600.5,317.9,636.9,415.7,0.8305
269,11.222,5,380.5,277.2,401.2,338.1,0.7878
269,11.222,92,407.1,271.5,430.0,335.5,0.8088
269,11.222,102,227.2,224.7,246.3,279.0,0.6225
269,11.222,94,504.7,319.4,536.3,416.5,0.6395
270,11.264,4,599.6,317.3,636.1,415.1,0.7978
270,11.264,5,380.7,277.6,401.4,338.0,0.8090
270,11.264,92,406.8,271.5,429.6,335.4,0.8145
270,11.264,102,227.1,225.3,245.8,278.7,0.6422
270,11.264,94,504.0,319.2,535.6,416.1,0.6874
271,11.306,4,597.8,316.6,634.3,415.1,0.7980
271,11.306,5,380.6,277.9,401.1,337.6,0.8112
271,11.306,92,406.0,271.6,428.7,335.2,0.8258
271,11.306,102,227.0,225.7,245.4,278.6,0.6230
271,11.306,94,501.6,319.2,533.1,416.2,0.6378
271,11.306,103,527.2,352.5,559.6,450.6,0.4296
272,11.348,4,596.5,316.7,632.9,415.1,0.8109
272,11.348,5,380.8,277.5,401.6,337.8,0.8075
272,11.348,92,405.4,271.7,427.8,334.6,0.8298
272,11.348,102,226.9,226.1,244.9,278.1,0.5714
272,11.348,94,500.2,317.1,532.2,416.3,0.6651
272,11.348,103,528.2,352.3,559.8,449.8,0.4833
273,11.389,4,595.7,316.3,632.0,414.9,0.8279
273,11.389,5,380.8,277.3,401.8,337.9,0.8077
273,11.389,92,405.2,271.8,427.3,333.3,0.8244
273,11.389,102,227.1,226.6,244.5,277.6,0.5120
273,11.389,94,499.1,316.3,531.3,416.6,0.7379
273,11.389,103,531.3,353.7,558.3,437.7,0.5146
274,11.431,4,595.4,317.2,631.4,415.0,0.7703
274,11.431,5,380.8,277.2,401.8,337.5,0.8027
274,11.431,92,405.2,271.7,427.3,332.8,0.8076
274,11.431,102,227.4,226.7,244.4,276.4,0.5521
274,11.431,94,497.8,316.7,529.4,415.6,0.7526
274,11.431,103,533.4,356.6,561.0,444.8,0.3600
275,11.473,4,594.8,318.4,630.2,414.8,0.7678
275,11.473,5,380.5,277.1,401.3,336.7,0.8131
275,11.473,92,405.2,271.7,427.3,332.3,0.7951
275,11.473,102,227.6,226.5,244.6,275.8,0.5261
275,11.473,94,496.9,316.3,528.7,416.3,0.7129
276,11.514,4,593.7,319.3,628.7,414.6,0.7771
276,11.514,5,380.3,277.3,401.0,336.4,0.8084
276,11.514,92,405.2,271.7,427.5,332.2,0.7788
276,11.514,102,227.9,226.4,244.9,275.7,0.5461
276,11.514,94,496.2,316.0,527.8,415.9,0.7222
277,11.556,4,592.5,319.7,627.7,415.4,0.7820
277,11.556,5,380.1,276.8,401.0,336.3,0.7979
277,11.556,92,405.0,271.6,427.4,331.9,0.7695
277,11.556,102,228.2,226.8,245.3,275.6,0.5619
277,11.556,94,495.4,315.6,527.1,416.3,0.7283
278,11.598,4,591.2,319.8,626.6,415.7,0.7774
278,11.598,5,379.8,276.4,400.9,336.3,0.8008
278,11.598,92,404.8,271.6,427.3,331.7,0.7635
278,11.598,102,228.4,227.5,245.4,275.8,0.5504
278,11.598,94,494.9,315.1,526.7,416.8,0.7224
279,11.640,4,589.2,318.9,625.1,415.5,0.7258
279,11.640,5,379.9,276.1,401.0,336.1,0.7893
279,11.640,92,404.6,271.5,427.1,331.2,0.7514
279,11.640,102,228.6,228.0,245.6,275.5,0.5373
279,11.640,94,493.8,314.7,525.4,415.7,0.7031
280,11.681,4,588.5,318.6,624.5,415.5,0.7259
280,11.681,5,379.9,276.0,401.1,336.0,0.7898
280,11.681,92,404.6,271.5,427.1,331.0,0.7516
280,11.681,102,228.6,228.2,245.7,275.4,0.5372
280,11.681,94,493.4,314.5,524.9,415.3,0.7024
281,11.723,4,586.8,318.5,623.1,415.6,0.6956
281,11.723,5,380.0,276.1,401.1,336.0,0.7880
281,11.723,92,404.7,271.6,427.0,330.0,0.7480
281,11.723,102,228.4,228.6,245.8,276.1,0.5140
281,11.723,94,492.4,314.1,523.9,414.2,0.7147
282,11.765,4,582.7,317.4,623.2,426.3,0.6834
282,11.765,5,380.1,276.3,401.1,335.6,0.7764
282,11.765,92,404.5,271.6,427.0,330.8,0.7549
282,11.765,102,228.0,228.3,246.1,277.1,0.5267
282,11.765,94,492.2,313.6,523.2,412.7,0.6974
283,11.806,4,575.8,317.6,627.0,456.3,0.7026
283,11.806,5,380.1,276.2,401.0,335.5,0.7806
283,11.806,92,404.4,271.5,427.2,331.3,0.7669
283,11.806,102,227.6,228.2,245.8,276.5,0.4926
283,11.806,94,491.4,312.8,522.5,411.8,0.6615
284,11.848,4,574.6,318.4,631.0,470.0,0.6629
284,11.848,5,380.1,276.3,400.9,335.5,0.7793
284,11.848,92,404.6,271.5,427.4,331.7,0.7341
284,11.848,102,227.3,228.1,245.7,276.5,0.5213
284,11.848,94,490.6,312.5,521.7,412.0,0.6411
285,11.890,4,577.5,336.7,631.6,476.5,0.7023
285,11.890,5,379.9,276.2,400.8,335.6,0.7622
285,11.890,92,404.9,271.3,427.6,331.3,0.7131
285,11.890,102,226.9,227.5,245.7,276.9,0.5382
285,11.890,94,490.1,312.3,520.8,410.9,0.4901
286,11.932,4,582.1,351.9,633.5,480.4,0.6604
286,11.932,5,379.7,275.5,400.8,335.8,0.7656
286,11.932,92,405.3,270.6,428.0,330.6,0.7300
286,11.932,102,226.5,227.1,245.3,276.6,0.4968
286,11.932,94,489.4,312.8,519.9,410.4,0.6630
286,11.932,111,573.6,342.5,609.4,469.7,0.5631
287,11.973,4,586.4,362.3,635.7,482.4,0.7322
287,11.973,5,379.5,275.0,400.7,335.6,0.7691
287,11.973,92,405.3,270.4,428.0,330.4,0.7350
287,11.973,102,226.3,227.4,244.8,276.1,0.4300
287,11.973,94,488.9,312.4,519.4,409.8,0.5915
287,11.973,111,574.9,340.4,611.3,469.8,0.6289
288,12.015,4,594.8,365.1,642.6,482.0,0.7016
288,12.015,5,379.5,275.0,400.5,334.8,0.7493
288,12.015,92,405.2,270.3,427.9,330.5,0.7161
288,12.015,102,226.4,227.5,244.6,275.8,0.3766
288,12.015,94,488.4,312.0,519.0,409.6,0.5493
288,12.015,111,578.5,338.6,615.8,470.3,0.7075
288,12.015,115,533.1,331.6,557.8,414.9,0.3578
289,12.057,4,602.6,365.7,648.9,481.2,0.7060
289,12.057,5,379.5,275.0,400.3,334.2,0.7629
289,12.057,92,405.0,270.2,427.8,330.5,0.7180
289,12.057,102,226.8,227.7,244.4,274.6,0.3154
289,12.057,94,487.4,312.2,518.1,409.4,0.5495
289,12.057,111,579.6,337.6,617.4,470.3,0.6942
289,12.057,115,532.3,330.9,557.0,414.1,0.2544
290,12.098,4,606.0,366.1,652.0,481.2,0.7758
290,12.098,5,379.5,274.9,400.2,333.6,0.7845
290,12.098,92,404.8,270.1,427.6,330.2,0.7239
290,12.098,94,486.0,312.7,516.6,409.4,0.5421
290,12.098,111,579.9,335.2,618.6,470.3,0.7004
290,12.098,115,532.2,331.1,557.2,414.9,0.2509
291,12.140,4,615.0,366.9,660.6,482.7,0.4795
291,12.140,5,379.3,274.5,400.1,333.3,0.8020
291,12.140,92,404.7,269.9,427.3,329.2,0.7148
291,12.140,94,483.9,312.7,514.9,409.9,0.6773
291,12.140,111,582.4,320.8,627.2,474.6,0.7359
291,12.140,115,531.1,330.5,556.2,413.7,0.4142
292,12.182,4,618.5,367.1,663.6,483.2,0.4795
292,12.182,5,379.2,274.3,400.1,333.2,0.8020
292,12.182,92,404.6,269.9,427.2,328.8,0.7148
292,12.182,94,483.1,312.7,514.3,410.1,0.6773
292,12.182,111,583.0,315.7,630.5,476.1,0.7359
292,12.182,115,530.7,330.3,556.0,413.3,0.4142
293,12.224,4,623.8,368.5,668.5,482.5,0.6629
293,12.224,5,379.2,274.3,399.9,332.5,0.7836
293,12.224,92,404.6,269.9,427.1,328.5,0.7117
293,12.224,94,481.3,313.2,512.4,409.4,0.7298
293,12.224,111,586.2,337.4,628.1,474.9,0.4656
293,12.224,115,530.4,330.8,555.8,413.6,0.4484
293,12.224,127,580.7,315.5,611.0,421.8,0.7170
294,12.265,4,626.2,368.9,673.1,486.3,0.7742
294,12.265,5,379.2,274.3,399.8,332.0,0.7717
294,12.265,92,404.7,270.3,427.1,328.5,0.7193
294,12.265,94,480.2,313.6,511.0,408.3,0.6847
294,12.265,111,589.9,342.9,630.4,474.0,0.4615
294,12.265,115,530.9,333.8,555.7,413.7,0.4148
294,12.265,127,580.8,315.4,608.6,412.1,0.7971
295,12.307,4,630.7,371.7,678.9,488.5,0.8311
295,12.307,5,379.0,274.3,399.4,331.4,0.7497
295,12.307,92,404.7,271.5,426.7,328.4,0.7507
295,12.307,94,478.9,314.6,509.1,406.8,0.6143
295,12.307,111,601.2,350.8,638.9,473.1,0.6504
295,12.307,115,530.8,334.2,555.6,413.0,0.4215
295,12.307,127,580.1,313.8,607.2,406.9,0.8167
296,12.349,4,633.9,371.8,683.9,489.8,0.8269
296,12.349,5,378.8,274.1,399.3,331.2,0.7620
296,12.349,92,404.5,271.8,426.4,328.0,0.7709
296,12.349,94,477.7,314.5,507.8,405.5,0.4497
296,12.349,111,606.3,352.3,644.1,475.6,0.6922
296,12.349,115,530.6,334.5,555.3,412.4,0.2842
296,12.349,127,579.5,313.8,606.6,405.5,0.8201
297,12.390,4,634.6,372.0,685.9,490.3,0.8095
297,12.390,5,378.8,274.4,399.2,331.1,0.7629
297,12.390,92,404.0,271.9,426.0,328.0,0.7887
297,12.390,94,481.4,314.9,503.2,374.3,0.4597
297,12.390,111,609.9,352.0,647.9,477.9,0.7443
297,12.390,115,530.4,334.0,554.9,410.8,0.2831
297,12.390,127,578.9,313.7,606.2,404.5,0.8193
297,12.390,137,236.6,230.8,250.8,275.2,0.3324
298,12.432,4,643.9,372.9,694.4,490.2,0.7753
298,12.432,5,378.7,274.6,399.2,331.5,0.7665
298,12.432,92,403.3,270.8,425.7,327.3,0.7885
298,12.432,94,482.4,315.6,501.0,361.7,0.4775
298,12.432,111,615.6,353.1,653.4,477.7,0.7478
298,12.432,115,530.4,333.8,554.7,409.4,0.4949
298,12.432,127,578.2,314.7,605.8,404.6,0.8097
298,12.432,137,236.3,231.0,250.4,274.9,0.3301
299,12.474,4,650.3,371.1,700.7,490.0,0.7252
299,12.474,5,378.5,274.3,399.2,331.6,0.7647
299,12.474,92,402.6,269.5,425.3,326.9,0.8058
299,12.474,94,481.6,315.6,500.2,358.7,0.4714
299,12.474,111,619.1,352.7,657.9,478.5,0.7410
299,12.474,115,529.9,333.0,554.3,408.6,0.6002
299,12.474,127,576.8,314.4,604.8,404.7,0.8454
299,12.474,137,236.2,231.4,250.1,274.9,0.3421
300,12.516,4,655.3,371.7,703.8,488.5,0.7743
300,12.516,5,378.3,273.7,399.1,331.5,0.7581
300,12.516,92,402.1,268.6,425.3,326.6,0.8152
300,12.516,94,480.2,315.7,499.6,358.1,0.5019
300,12.516,111,623.3,354.2,663.7,480.4,0.8100
300,12.516,115,529.4,331.8,554.3,408.3,0.6363
300,12.516,127,575.2,314.9,603.5,405.3,0.8417
300,12.516,137,235.6,231.7,249.7,275.5,0.3524
301,12.557,4,661.5,370.7,705.9,479.9,0.7792
301,12.557,5,378.4,273.6,399.0,330.7,0.7558
301,12.557,92,401.7,267.9,425.2,326.4,0.8050
301,12.557,94,479.4,314.2,500.4,357.9,0.5392
301,12.557,111,628.2,354.2,672.2,484.1,0.8458
301,12.557,115,528.8,330.5,554.1,408.1,0.5446
301,12.557,127,574.4,314.9,602.9,405.0,0.8523
301,12.557,137,235.1,231.4,249.6,276.1,0.3743
302,12.599,4,665.1,370.6,709.3,482.2,0.8027
302,12.599,5,378.5,273.7,398.9,329.8,0.7486
302,12.599,92,401.4,267.6,425.1,326.4,0.7938
302,12.599,94,478.7,313.6,501.0,358.0,0.5777
302,12.599,111,629.6,355.1,676.0,484.8,0.8438
302,12.599,115,528.5,329.2,554.1,407.8,0.5254
302,12.599,127,573.7,315.4,602.1,404.8,0.8581
302,12.599,137,235.3,231.2,250.0,276.6,0.3640
303,12.641,4,671.2,369.6,716.0,484.3,0.7432
303,12.641,5,378.2,273.2,398.7,329.7,0.7531
303,12.641,92,401.3,267.5,425.1,326.3,0.8072
303,12.641,94,477.9,313.2,501.2,357.9,0.5406
303,12.641,111,630.3,358.3,677.6,484.6,0.8467
303,12.641,115,528.0,328.2,553.8,407.3,0.5316
303,12.641,127,572.1,316.0,600.5,404.8,0.8358
303,12.641,137,235.7,231.2,250.4,276.2,0.3739
304,12.683,4,673.6,369.3,718.2,485.1,0.7427
304,12.683,5,378.1,273.0,398.6,329.6,0.7531
304,12.683,92,401.3,267.4,425.1,326.3,0.8071
304,12.683,94,477.4,313.0,501.5,357.9,0.5407
304,12.683,111,629.8,359.5,678.5,484.5,0.8464
304,12.683,115,527.7,327.9,553.8,407.0,0.5342
304,12.683,127,571.4,316.2,600.1,404.8,0.8360
304,12.683,137,235.9,231.2,250.6,276.1,0.3737
305,12.724,4,680.2,375.4,724.7,488.0,0.7207
305,12.724,5,377.9,272.7,398.5,329.7,0.7457
305,12.724,92,401.3,267.4,425.1,326.2,0.8088
305,12.724,94,476.4,312.8,501.4,358.1,0.5464
305,12.724,111,632.1,362.9,680.8,485.1,0.7454
305,12.724,115,527.1,327.1,553.5,407.2,0.5980
305,12.724,127,570.9,316.7,599.2,404.0,0.8086
305,12.724,137,236.2,231.3,250.6,275.2,0.3801
306,12.766,4,680.7,377.5,727.4,490.7,0.8120
306,12.766,5,377.9,272.9,398.4,329.5,0.7180
306,12.766,92,401.1,267.5,424.9,326.2,0.8124
306,12.766,94,475.5,312.5,501.2,358.2,0.5428
306,12.766,111,634.6,362.9,683.2,483.8,0.6176
306,12.766,115,526.8,327.8,553.0,407.1,0.6143
306,12.766,127,570.5,316.6,598.5,403.4,0.8111
306,12.766,137,236.3,232.0,250.2,274.0,0.4496
306,12.766,143,644.5,363.7,683.7,480.6,0.4816
307,12.808,4,682.3,379.6,730.8,492.1,0.7185
307,12.808,5,378.2,273.0,398.5,329.2,0.7102
307,12.808,92,401.0,268.4,424.8,326.7,0.7897
307,12.808,94,474.6,312.3,500.7,358.3,0.5617
307,12.808,115,525.9,328.5,552.1,407.3,0.6824
307,12.808,127,569.7,316.4,597.8,404.1,0.7777
307,12.808,137,236.6,231.9,250.5,273.7,0.4571
307,12.808,143,646.3,360.8,687.1,482.4,0.6092
308,12.849,4,683.6,380.3,733.9,493.5,0.7443
308,12.849,5,378.2,272.8,398.6,329.3,0.6935
308,12.849,92,400.8,269.2,424.5,326.9,0.7850
308,12.849,94,474.1,312.4,500.3,358.2,0.5593
308,12.849,115,525.1,328.3,551.4,407.4,0.6839
308,12.849,127,569.3,316.3,597.2,404.3,0.7551
308,12.849,137,237.0,231.4,251.2,273.6,0.4431
308,12.849,143,650.5,359.2,691.8,483.0,0.7283
309,12.891,4,685.7,381.0,736.8,493.7,0.7445
309,12.891,5,378.2,272.6,398.6,329.4,0.6752
309,12.891,92,400.7,269.5,424.3,327.0,0.7870
309,12.891,94,473.9,312.3,500.3,358.2,0.5566
309,12.891,115,523.9,326.7,551.0,407.8,0.6503
309,12.891,127,569.0,315.7,596.4,403.4,0.7344
309,12.891,137,237.7,231.3,251.8,273.5,0.4135
309,12.891,143,656.7,358.8,697.3,481.3,0.7528
310,12.933,4,695.3,376.2,747.7,494.4,0.6976
310,12.933,5,378.2,272.4,398.6,329.6,0.6656
310,12.933,92,400.5,269.7,424.1,327.2,0.8051
310,12.933,94,473.6,312.5,500.4,358.5,0.4841
310,12.933,115,522.0,323.7,550.2,407.6,0.6066
310,12.933,127,568.8,316.1,595.3,401.8,0.6691
310,12.933,137,238.2,230.0,252.3,272.5,0.3720
310,12.933,143,662.3,360.3,702.8,482.9,0.7790
311,12.975,4,702.9,374.4,755.2,495.4,0.7522
311,12.975,5,378.3,272.3,398.8,329.6,0.6933
311,12.975,92,400.4,269.7,424.2,327.2,0.8158
311,12.975,94,473.2,312.9,499.8,358.4,0.5165
311,12.975,115,521.2,322.3,549.7,406.9,0.6391
311,12.975,127,568.3,315.7,594.5,401.9,0.4875
311,12.975,137,238.3,229.5,252.7,272.9,0.4237
311,12.975,143,666.3,364.3,706.1,484.1,0.8320
312,13.016,4,710.9,375.5,761.5,495.1,0.5766
312,13.016,5,378.3,272.1,398.7,329.2,0.7000
312,13.016,92,400.2,269.4,424.2,327.2,0.8228
312,13.016,94,473.0,313.5,499.1,358.1,0.4461
312,13.016,115,520.2,320.6,549.5,407.2,0.6217
312,13.016,127,568.2,315.9,594.0,402.0,0.3429
312,13.016,137,238.5,229.5,252.9,272.8,0.3982
312,13.016,143,670.8,365.8,711.3,485.7,0.8555
313,13.058,4,716.6,373.2,766.6,493.8,0.5348
313,13.058,5,378.4,272.1,398.8,329.0,0.7041
313,13.058,92,400.1,268.7,424.5,327.1,0.8259
313,13.058,94,472.5,313.8,498.3,357.3,0.4275
313,13.058,115,518.8,317.3,549.2,406.9,0.6435
313,13.058,127,568.0,315.7,593.4,401.8,0.3623
313,13.058,137,238.6,229.6,252.9,272.8,0.3920
313,13.058,143,673.8,367.0,715.5,487.1,0.8085
314,13.100,4,720.3,374.6,770.2,495.7,0.6586
314,13.100,5,378.2,271.6,398.7,328.9,0.7230
314,13.100,92,400.3,268.6,424.8,327.1,0.8173
314,13.100,94,471.6,314.0,497.3,357.0,0.4525
314,13.100,115,517.8,315.7,548.8,406.5,0.6329
314,13.100,137,238.6,229.6,252.9,272.8,0.3774
314,13.100,143,673.8,365.4,717.6,488.3,0.7367
315,13.141,4,725.1,377.0,775.4,497.4,0.7418
315,13.141,5,378.1,271.4,398.7,328.5,0.7203
315,13.141,92,400.1,268.1,424.9,326.9,0.8130
315,13.141,94,470.1,314.0,496.2,357.3,0.4729
315,13.141,115,516.7,317.4,547.2,405.6,0.6421
315,13.141,137,238.9,229.4,253.0,272.4,0.3213
315,13.141,143,675.1,365.2,720.8,488.8,0.7426
316,13.183,4,726.6,377.9,777.3,497.9,0.7420
316,13.183,5,378.1,271.3,398.6,328.3,0.7202
316,13.183,92,400.0,267.9,424.9,326.9,0.8129
316,13.183,94,469.6,314.0,495.8,357.5,0.4729
316,13.183,115,516.2,318.2,546.7,405.3,0.6422
316,13.183,137,239.0,229.3,253.0,272.3,0.3213
316,13.183,143,675.0,365.2,722.4,488.9,0.7422
317,13.225,4,730.6,379.4,782.7,500.7,0.7159
317,13.225,5,377.7,271.0,398.4,328.3,0.7247
317,13.225,92,399.9,267.7,424.8,326.6,0.8063
317,13.225,94,468.0,312.9,495.4,358.0,0.2810
317,13.225,115,515.6,319.2,546.1,404.9,0.6312
317,13.225,137,238.8,229.2,253.3,273.7,0.3795
317,13.225,143,683.2,362.9,731.5,490.4,0.5619
318,13.267,4,733.8,379.8,787.9,502.9,0.5706
318,13.267,5,377.9,271.5,398.5,328.6,0.7156
318,13.267,92,399.9,266.9,424.9,326.2,0.8010
318,13.267,115,514.6,319.4,545.4,404.3,0.6274
318,13.267,137,238.9,229.6,253.3,274.4,0.4368
318,13.267,143,686.1,361.9,734.5,489.3,0.4589
319,13.308,4,738.5,381.3,793.2,504.3,0.7616
319,13.308,5,377.9,272.5,397.9,328.4,0.7015
319,13.308,92,399.4,266.6,424.4,325.9,0.8158
319,13.308,115,512.7,317.9,544.1,404.1,0.6122
319,13.308,137,238.2,230.6,252.7,275.4,0.4124
319,13.308,143,696.6,362.3,743.3,487.4,0.6613
320,13.350,4,742.3,381.8,797.1,504.3,0.6978
320,13.350,5,378.0,272.7,397.9,328.3,0.6797
320,13.350,92,399.4,266.4,424.3,325.8,0.7962
320,13.350,115,511.6,316.2,543.6,404.0,0.6696
320,13.350,137,238.0,231.0,252.4,275.7,0.4272
320,13.350,143,702.6,360.5,749.1,487.7,0.6990
321,13.392,4,749.9,382.3,803.8,503.4,0.7720
321,13.392,5,378.2,272.7,398.0,328.3,0.6665
321,13.392,92,399.4,266.9,424.1,325.9,0.7963
321,13.392,115,510.5,313.4,543.2,403.7,0.6330
321,13.392,137,238.0,231.1,252.4,275.7,0.4286
321,13.392,143,708.0,362.7,753.5,489.4,0.7207
322,13.433,4,758.7,382.5,810.0,502.2,0.7353
322,13.433,5,378.2,272.9,397.9,328.2,0.6189
322,13.433,92,398.9,267.1,423.7,326.2,0.8143
322,13.433,115,509.8,311.9,542.6,403.4,0.5665
322,13.433,137,238.7,230.4,253.2,275.4,0.4233
322,13.433,143,714.6,368.1,758.7,490.6,0.7453
323,13.475,4,764.3,380.5,814.7,501.8,0.6658
323,13.475,5,378.4,273.4,397.9,328.1,0.6221
323,13.475,92,398.5,267.0,423.4,326.4,0.8240
323,13.475,115,509.3,310.1,542.3,402.8,0.5031
323,13.475,137,239.3,229.9,253.9,275.1,0.4823
323,13.475,143,719.1,367.9,764.8,491.1,0.7566
324,13.517,4,770.0,380.2,819.0,501.7,0.7686
324,13.517,5,378.5,273.8,397.8,328.1,0.6313
324,13.517,92,398.2,267.2,423.1,326.7,0.8178
324,13.517,94,462.4,313.4,490.8,358.5,0.2967
324,13.517,115,509.1,309.6,542.1,402.5,0.6348
324,13.517,137,239.3,229.8,254.1,275.4,0.4913
324,13.517,143,723.4,367.3,772.2,492.8,0.8124
324,13.517,163,203.2,240.0,220.8,285.3,0.3300
325,13.559,4,776.3,381.6,824.3,503.1,0.7766
325,13.559,5,378.6,273.7,398.0,328.2,0.6314
325,13.559,92,398.0,266.8,423.1,326.8,0.8222
325,13.559,94,462.1,313.4,490.6,358.7,0.4038
325,13.559,115,508.7,309.5,541.9,403.0,0.6696
325,13.559,137,238.7,230.1,253.7,276.1,0.5044
325,13.559,143,726.1,369.6,776.9,493.9,0.8288
325,13.559,163,202.9,238.4,221.2,285.2,0.3254
326,13.600,4,783.1,382.5,830.2,502.0,0.8014
326,13.600,5,378.8,273.7,398.2,328.4,0.6392
326,13.600,92,397.9,266.3,423.2,326.7,0.8210
326,13.600,94,461.6,313.6,490.3,358.8,0.4337
326,13.600,115,508.0,309.0,541.4,403.3,0.7029
326,13.600,137,238.4,230.6,253.5,276.5,0.4985
326,13.600,143,727.0,370.1,779.9,494.1,0.8019
326,13.600,163,202.8,238.2,220.8,284.4,0.3041
327,13.642,4,788.2,384.0,837.7,505.4,0.7990
327,13.642,5,379.0,273.3,398.5,328.2,0.6647
327,13.642,92,397.8,265.8,423.0,326.4,0.8187
327,13.642,94,461.3,313.6,490.0,358.8,0.4431
327,13.642,115,506.7,308.3,540.0,402.7,0.6923
327,13.642,137,238.4,231.2,253.4,276.4,0.4670
327,13.642,143,727.9,367.1,784.1,495.1,0.7873
328,13.684,4,789.5,384.5,840.7,506.7,0.7991
328,13.684,5,379.0,273.1,398.6,328.1,0.6647
328,13.684,92,397.7,265.6,423.0,326.3,0.8187
328,13.684,94,461.2,313.5,489.9,358.8,0.4433
328,13.684,115,506.3,308.0,539.4,402.6,0.6923
328,13.684,137,238.3,231.4,253.4,276.4,0.4670
328,13.684,143,727.6,366.0,786.0,495.5,0.7873
329,13.725,4,791.8,385.1,845.3,507.8,0.8302
329,13.725,5,378.9,272.1,398.8,328.0,0.6599
329,13.725,92,397.5,265.1,422.8,326.1,0.8182
329,13.725,94,460.9,313.0,489.8,358.9,0.4648
329,13.725,115,505.6,308.1,538.4,401.9,0.7177
329,13.725,137,238.4,231.6,253.4,276.0,0.4308
329,13.725,143,729.6,362.6,790.0,495.9,0.7423
330,13.767,4,793.3,385.3,849.3,509.8,0.8013
330,13.767,5,378.8,271.5,398.9,327.7,0.6754
330,13.767,92,397.4,264.7,422.6,325.9,0.8351
330,13.767,94,460.5,312.9,489.4,358.8,0.4666
330,13.767,115,505.0,308.0,537.7,401.3,0.7082
330,13.767,137,238.3,231.6,253.3,275.5,0.4131
330,13.767,143,735.4,362.0,795.8,496.5,0.7056
331,13.809,4,798.6,385.7,854.7,508.8,0.7353
331,13.809,5,378.7,270.6,398.9,327.6,0.6457
331,13.809,92,397.1,264.7,421.9,325.0,0.8292
331,13.809,94,460.1,312.2,489.1,358.3,0.4120
331,13.809,115,504.6,309.1,536.7,400.8,0.6749
331,13.809,137,238.7,231.9,253.3,274.6,0.3979
331,13.809,143,743.9,362.8,801.5,493.9,0.7309
331,13.809,166,543.6,314.4,557.6,393.7,0.5661
332,13.851,4,808.1,384.5,863.3,508.2,0.7471
332,13.851,5,378.8,270.5,398.9,327.3,0.6313
332,13.851,92,397.0,264.8,421.4,324.5,0.8268
332,13.851,94,459.9,311.9,489.0,358.2,0.2939
332,13.851,115,504.4,311.5,535.6,400.5,0.6428
332,13.851,137,239.0,232.0,253.6,274.1,0.4207
332,13.851,143,753.4,361.5,808.7,492.3,0.7772
332,13.851,166,543.3,314.7,557.2,393.5,0.6256
333,13.892,4,813.2,385.6,866.3,507.2,0.7373
333,13.892,5,378.9,270.5,398.9,327.1,0.6241
333,13.892,92,397.1,265.2,421.1,324.2,0.8162
333,13.892,94,459.9,311.9,488.8,358.3,0.3235
333,13.892,115,504.1,312.2,535.0,400.3,0.6049
333,13.892,137,239.3,232.0,253.9,274.1,0.4153
333,13.892,143,761.4,361.5,815.9,495.0,0.7762
333,13.892,166,543.1,314.5,557.2,393.5,0.6241
333,13.892,169,194.3,244.6,210.7,284.0,0.3962
334,13.934,4,821.9,384.9,874.3,509.3,0.7348
334,13.934,5,378.8,270.6,398.7,327.1,0.6074
334,13.934,92,397.1,265.8,420.7,323.9,0.8056
334,13.934,115,502.2,312.5,532.9,400.2,0.6489
334,13.934,137,239.8,232.8,254.0,273.5,0.3774
334,13.934,143,768.4,362.2,821.9,494.9,0.7846
334,13.934,166,541.6,314.2,556.1,393.8,0.6916
334,13.934,169,193.1,246.1,210.1,286.7,0.5184
335,13.976,4,827.2,384.2,878.9,510.1,0.6632
335,13.976,5,378.9,271.1,398.6,327.0,0.6189
335,13.976,92,397.0,265.9,420.5,323.9,0.8065
335,13.976,115,500.6,311.4,531.6,400.0,0.6461
335,13.976,137,239.8,230.7,254.2,271.5,0.3929
335,13.976,143,773.9,362.3,827.7,495.6,0.8464
335,13.976,166,540.7,313.4,555.8,394.2,0.6938
335,13.976,169,192.6,246.5,210.1,288.3,0.4507
336,14.018,4,832.3,384.9,882.9,508.8,0.7869
336,14.018,5,378.9,271.4,398.5,327.0,0.6167
336,14.018,92,397.0,265.7,420.4,323.8,0.8042
336,14.018,115,499.8,311.5,530.5,399.6,0.6439
336,14.018,137,239.7,230.0,254.3,271.1,0.3926
336,14.018,143,778.6,364.1,833.6,498.2,0.8182
336,14.018,166,540.0,312.9,555.6,394.6,0.6815
336,14.018,169,192.2,246.9,209.5,288.8,0.4405
337,14.059,4,838.1,386.4,889.0,509.8,0.7339
337,14.059,5,378.9,272.3,398.2,327.2,0.6315
337,14.059,92,396.8,265.4,420.5,324.2,0.8018
337,14.059,115,498.6,312.7,528.5,399.2,0.6753
337,14.059,137,239.6,229.8,254.4,271.0,0.3804
337,14.059,143,783.2,366.0,840.5,500.5,0.8337
337,14.059,166,538.5,312.9,554.6,394.7,0.6730
337,14.059,169,191.4,246.4,209.2,289.4,0.3586
338,14.101,4,841.5,386.1,894.1,510.6,0.8210
338,14.101,5,378.6,272.7,397.8,327.2,0.6409
338,14.101,92,396.7,265.1,420.6,324.8,0.8074
338,14.101,115,497.8,313.2,527.3,399.0,0.6236
338,14.101,137,239.7,230.1,254.3,270.6,0.3290
338,14.101,143,785.0,367.6,843.6,501.1,0.8355
338,14.101,166,537.6,313.1,554.3,395.0,0.6618
338,14.101,169,190.9,246.4,208.9,289.9,0.3988
339,14.143,4,846.1,389.1,900.3,513.1,0.7910
339,14.143,5,378.3,272.1,397.4,326.6,0.6388
339,14.143,92,396.6,264.4,420.7,325.0,0.7894
339,14.143,94,457.7,313.0,485.6,359.3,0.4470
339,14.143,115,496.4,313.0,525.4,398.6,0.3723
339,14.143,137,239.8,230.2,254.2,269.6,0.2885
339,14.143,143,788.0,369.3,846.3,498.1,0.7989
339,14.143,166,536.7,312.7,554.1,395.0,0.6420
339,14.143,169,189.6,247.6,207.5,290.6,0.4061
340,14.184,4,847.2,390.3,902.8,514.1,0.7911
340,14.184,5,378.2,271.9,397.2,326.4,0.6389
340,14.184,92,396.6,264.2,420.8,325.0,0.7894
340,14.184,94,457.4,313.0,485.3,359.3,0.4454
340,14.184,115,496.0,312.9,524.7,398.5,0.3717
340,14.184,137,239.8,230.2,254.2,269.2,0.2885
340,14.184,143,788.5,370.0,847.4,497.0,0.7990
340,14.184,166,536.2,312.6,554.3,394.9,0.6422
340,14.184,169,189.1,248.0,207.0,290.8,0.4062
341,14.226,4,856.5,391.5,912.2,512.9,0.7945
341,14.226,5,378.1,270.8,396.9,325.2,0.6584
341,14.226,92,396.2,263.8,420.3,324.8,0.8012
341,14.226,94,456.3,311.6,484.8,359.3,0.4390
341,14.226,115,495.2,313.2,523.0,396.0,0.3683
341,14.226,137,238.8,229.5,253.8,270.0,0.2989
341,14.226,143,798.1,368.5,857.7,497.9,0.6928
341,14.226,166,534.8,313.1,553.5,395.0,0.6415
341,14.226,169,187.3,247.6,205.3,290.6,0.4109
342,14.268,4,860.5,390.2,917.2,512.5,0.8133
342,14.268,5,378.0,270.0,396.7,324.5,0.6553
342,14.268,92,396.2,263.6,420.2,324.5,0.8208
342,14.268,94,455.6,310.8,484.4,359.2,0.4268
342,14.268,115,496.3,313.4,520.0,382.0,0.3123
342,14.268,137,238.8,228.7,254.1,269.8,0.3109
342,14.268,143,807.4,367.8,865.3,496.5,0.7413
342,14.268,166,534.1,313.5,553.2,394.3,0.6513
342,14.268,169,186.4,247.7,204.4,290.4,0.4110
343,14.310,4,870.1,388.0,926.0,511.5,0.6920
343,14.310,5,377.8,268.9,396.7,323.9,0.6829
343,14.310,92,396.3,263.6,420.0,323.9,0.8410
343,14.310,94,454.7,309.6,483.8,358.8,0.4575
343,14.310,137,239.0,229.6,253.9,269.2,0.2671
343,14.310,143,816.1,367.9,872.6,497.5,0.8255
343,14.310,166,533.7,313.8,553.3,393.6,0.6869
343,14.310,169,185.8,247.7,203.8,290.0,0.3875
344,14.351,4,875.3,384.6,931.0,511.8,0.7400
344,14.351,5,377.8,268.6,396.6,323.7,0.6822
344,14.351,92,396.4,263.7,419.8,323.5,0.8443
344,14.351,94,454.1,309.3,483.2,358.7,0.4683
344,14.351,137,238.9,230.0,253.7,269.1,0.2903
344,14.351,143,822.5,366.3,878.5,498.7,0.7932
344,14.351,166,533.1,313.7,553.3,393.5,0.7091
344,14.351,169,185.4,247.7,203.4,289.9,0.3486
344,14.351,173,208.0,230.7,224.3,263.8,0.3227
345,14.393,4,881.1,384.4,934.9,512.0,0.6626
345,14.393,5,377.7,268.7,396.4,323.6,0.6757
345,14.393,92,396.5,263.8,419.6,323.2,0.8537
345,14.393,94,453.8,309.4,482.8,358.7,0.4055
345,14.393,137,238.7,229.8,253.7,269.2,0.3114
345,14.393,143,827.9,366.0,882.7,499.3,0.7888
345,14.393,166,532.8,313.0,553.7,393.2,0.7530
345,14.393,169,185.2,247.6,202.9,289.2,0.2811
345,14.393,173,207.9,228.1,224.3,261.5,0.3630
346,14.435,4,888.8,384.5,942.6,514.1,0.7102
346,14.435,5,377.8,269.3,396.1,323.3,0.6532
346,14.435,92,396.6,264.2,419.3,322.7,0.8388
346,14.435,94,453.1,309.6,482.4,359.2,0.3661
346,14.435,137,238.4,228.7,253.8,269.2,0.2910
346,14.435,143,834.8,365.7,890.0,499.1,0.7782
346,14.435,166,532.0,311.8,553.7,393.3,0.7645
346,14.435,173,207.8,227.1,224.3,260.7,0.3774
346,14.435,175,491.3,311.8,519.9,397.3,0.3858
347,14.476,4,895.0,387.5,947.4,514.0,0.6435
347,14.476,5,377.8,269.8,395.7,322.9,0.6475
347,14.476,92,396.4,264.4,418.8,322.4,0.8459
347,14.476,94,452.6,309.9,481.9,359.5,0.2911
347,14.476,137,238.7,229.3,254.1,269.4,0.3289
347,14.476,143,841.0,364.4,899.4,502.2,0.7504
347,14.476,166,531.1,311.0,553.5,392.9,0.7709
347,14.476,173,207.9,226.8,224.0,259.8,0.3556
347,14.476,175,490.8,311.9,519.3,397.1,0.3943
348,14.518,4,900.5,387.7,953.4,513.0,0.7443
348,14.518,5,377.8,270.1,395.5,322.8,0.6471
348,14.518,92,396.3,264.7,418.4,322.4,0.8303
348,14.518,137,238.8,230.3,254.0,269.3,0.3222
348,14.518,143,843.5,365.6,904.6,505.8,0.8135
348,14.518,166,530.6,310.5,553.3,391.8,0.7922
348,14.518,173,208.0,226.9,223.6,259.1,0.3325
348,14.518,175,490.8,311.8,519.1,396.6,0.3173
349,14.560,4,906.4,390.6,961.2,515.0,0.7829
349,14.560,5,377.9,270.3,395.5,322.9,0.6241
349,14.560,92,396.0,265.1,417.7,322.3,0.8022
349,14.560,137,238.8,230.9,253.9,269.4,0.3217
349,14.560,143,846.4,370.5,907.3,506.1,0.8212
349,14.560,166,529.3,308.8,552.7,390.8,0.8143
349,14.560,173,208.0,227.0,223.7,259.5,0.3760
349,14.560,175,490.5,311.3,518.7,395.7,0.3617
350,14.602,4,911.5,391.4,968.5,516.6,0.7865
350,14.602,5,377.8,269.9,395.6,323.1,0.6306
350,14.602,92,395.8,265.3,417.2,322.4,0.8030
350,14.602,137,238.9,231.2,254.1,269.3,0.3321
350,14.602,143,849.2,373.7,909.6,504.4,0.8272
350,14.602,166,527.8,307.2,551.9,390.3,0.8293
350,14.602,173,207.8,227.6,223.1,259.5,0.3198
350,14.602,175,489.9,310.6,518.0,394.9,0.4419
351,14.643,4,914.2,392.2,973.1,517.3,0.8217
351,14.643,5,377.8,269.6,395.7,323.2,0.6416
351,14.643,92,395.5,265.6,416.6,322.6,0.8102
351,14.643,137,239.7,233.9,254.2,270.3,0.3230
351,14.643,143,851.4,372.0,912.6,501.7,0.8151
351,14.643,166,526.6,306.5,551.3,390.4,0.8258
351,14.643,173,207.8,228.1,222.8,259.4,0.3319
351,14.643,175,489.3,310.3,517.3,394.6,0.4571
352,14.685,4,914.6,392.4,975.1,517.5,0.8222
352,14.685,5,377.8,269.5,395.7,323.2,0.6416
352,14.685,92,395.5,265.7,416.2,322.7,0.8102
352,14.685,94,450.4,309.2,480.8,359.6,0.2512
352,14.685,137,240.0,234.9,254.2,270.7,0.3231
352,14.685,143,851.8,371.3,913.8,500.7,0.8151
352,14.685,166,526.0,306.2,551.3,390.4,0.8254
352,14.685,173,207.9,228.3,222.7,259.4,0.3320
352,14.685,175,489.1,310.1,517.0,394.6,0.4538
353,14.727,4,924.8,391.2,984.6,516.7,0.7160
353,14.727,5,377.5,268.6,395.5,322.8,0.6483
353,14.727,92,394.7,264.8,415.4,322.1,0.8408
353,14.727,94,449.9,309.4,479.9,358.7,0.2596
353,14.727,137,240.4,236.0,254.3,270.9,0.3290
353,14.727,143,864.5,370.1,926.5,498.6,0.7487
353,14.727,166,525.8,307.6,550.8,389.9,0.7126
353,14.727,173,207.5,228.7,222.4,260.1,0.3554
353,14.727,175,488.8,310.4,515.6,391.7,0.3902
354,14.768,4,932.9,388.5,992.1,515.8,0.6996
354,14.768,5,377.3,267.2,395.5,322.2,0.6072
354,14.768,92,394.2,264.0,414.8,321.8,0.8307
354,14.768,94,449.9,308.9,479.9,358.7,0.3211
354,14.768,137,240.6,236.9,254.3,271.4,0.2671
354,14.768,143,875.3,369.2,937.0,497.7,0.8145
354,14.768,166,524.6,306.6,550.3,390.1,0.7210
354,14.768,173,207.6,229.4,222.0,259.8,0.3054
354,14.768,175,489.0,310.6,515.4,391.0,0.4438
355,14.810,4,941.4,388.4,998.1,514.8,0.7613
355,14.810,5,377.3,266.3,395.5,321.7,0.5725
355,14.810,92,394.1,263.5,414.5,321.5,0.8257
355,14.810,94,448.9,308.9,478.5,358.3,0.3334
355,14.810,137,240.5,236.8,254.2,271.4,0.2654
355,14.810,143,884.0,368.9,945.2,497.5,0.7830
355,14.810,166,523.6,305.5,549.8,389.8,0.7230
355,14.810,173,207.6,229.5,222.0,259.4,0.3103
355,14.810,175,488.8,310.5,515.2,391.2,0.4612
356,14.852,4,948.3,389.6,1002.1,512.9,0.6939
356,14.852,5,377.4,265.5,395.6,321.0,0.5414
356,14.852,92,394.2,263.4,414.4,321.1,0.8068
356,14.852,94,449.0,308.1,478.8,358.5,0.3233
356,14.852,137,240.4,236.6,254.4,271.9,0.3221
356,14.852,143,891.3,367.8,952.9,499.8,0.7813
356,14.852,166,522.6,305.0,549.3,389.6,0.7160
356,14.852,173,207.7,229.2,222.2,259.4,0.3489
356,14.852,175,488.5,310.5,514.8,391.4,0.4776
356,14.852,181,237.4,232.9,255.6,271.2,0.3264
356,14.852,169,176.6,253.0,191.1,286.7,0.3407
357,14.894,4,951.5,389.3,1005.7,515.1,0.7129
357,14.894,5,377.4,264.9,395.6,320.7,0.4597
357,14.894,92,394.1,263.2,414.1,320.8,0.7754
357,14.894,94,448.6,307.3,478.6,358.5,0.3041
357,14.894,137,240.5,236.1,254.7,272.5,0.3284
357,14.894,143,896.5,368.8,956.8,498.8,0.8082
357,14.894,166,521.9,304.4,549.2,389.6,0.7413
357,14.894,173,207.8,228.9,222.3,258.9,0.3418
357,14.894,175,488.3,310.2,514.6,391.7,0.4902
357,14.894,181,237.5,232.9,256.0,271.9,0.3516
357,14.894,169,175.8,253.3,190.5,287.7,0.3490
358,14.935,4,959.3,392.0,1013.7,516.8,0.8017
358,14.935,5,377.2,264.3,395.5,320.8,0.3691
358,14.935,92,393.8,263.3,413.6,320.6,0.7206
358,14.935,94,447.9,306.8,477.6,358.3,0.3731
358,14.935,137,240.6,235.1,255.3,273.0,0.3155
358,14.935,143,901.9,371.7,961.5,498.6,0.8142
358,14.935,166,520.9,303.7,548.5,389.1,0.7453
358,14.935,173,208.1,228.8,222.6,258.8,0.3424
358,14.935,175,487.5,310.0,513.9,392.2,0.4750
358,14.935,181,237.1,231.3,256.4,272.3,0.3499
358,14.935,169,174.9,253.4,189.9,288.7,0.3646
359,14.977,4,965.2,392.8,1020.0,515.9,0.7932
359,14.977,5,376.8,264.2,395.2,320.9,0.3660
359,14.977,92,393.7,263.5,413.3,320.6,0.7344
359,14.977,94,447.5,306.4,476.7,358.0,0.2987
359,14.977,143,905.8,373.8,968.1,503.0,0.8051
359,14.977,166,519.6,303.8,547.7,389.0,0.7199
359,14.977,173,208.1,228.9,222.6,258.9,0.3138
359,14.977,175,486.3,310.0,512.6,392.5,0.4204
359,14.977,181,236.8,229.6,256.9,272.4,0.3121
359,14.977,169,174.3,253.6,189.3,289.1,0.3627
360,15.019,4,968.1,392.0,1025.3,517.9,0.7183
360,15.019,5,375.0,263.2,393.7,321.4,0.3702
360,15.019,92,393.7,263.6,413.2,320.6,0.7329
360,15.019,94,445.6,306.5,474.7,358.5,0.2911
360,15.019,143,908.8,375.0,973.0,503.7,0.7956
360,15.019,166,518.2,304.1,546.7,388.9,0.7361
360,15.019,173,208.2,228.9,222.7,258.8,0.3085
360,15.019,175,485.0,309.1,511.6,392.8,0.3366
360,15.019,181,236.7,228.9,257.2,272.8,0.3196
360,15.019,169,173.7,253.7,188.8,289.3,0.3262
361,15.060,4,975.6,394.6,1033.1,519.4,0.2949
361,15.060,5,374.1,262.2,393.1,321.7,0.3818
361,15.060,92,393.4,263.6,413.2,321.3,0.7061
361,15.060,94,444.2,306.4,473.4,359.4,0.3380
361,15.060,143,915.7,376.7,980.9,502.5,0.8024
361,15.060,166,516.5,304.3,545.4,388.6,0.7753
361,15.060,173,208.3,229.1,222.4,258.2,0.3212
361,15.060,175,483.5,308.1,510.3,392.6,0.4010
361,15.060,181,237.1,228.9,257.3,272.6,0.3224
361,15.060,169,172.5,254.0,187.7,289.5,0.4249
362,15.102,4,981.4,392.8,1041.0,520.8,0.4976
362,15.102,5,373.8,262.4,392.6,321.6,0.4000
362,15.102,92,393.2,263.9,413.1,321.4,0.6620
362,15.102,94,443.9,306.2,472.9,359.6,0.2514
362,15.102,143,921.3,376.4,988.7,501.8,0.8078
362,15.102,166,515.3,304.1,544.4,387.6,0.7876
362,15.102,173,207.8,228.9,222.0,258.0,0.3183
362,15.102,175,483.2,308.2,509.7,391.8,0.3197
362,15.102,181,237.2,228.9,257.5,273.2,0.3387
362,15.102,169,172.0,254.0,187.0,289.2,0.3522
363,15.144,4,985.4,395.8,1044.4,521.6,0.6284
363,15.144,5,373.6,261.9,392.4,321.5,0.4176
363,15.144,92,393.1,263.9,413.0,321.4,0.6440
363,15.144,94,443.6,305.9,472.3,359.4,0.2632
363,15.144,143,928.5,377.3,996.3,499.0,0.7888
363,15.144,166,514.3,304.0,543.5,386.7,0.7864
363,15.144,173,207.4,228.8,221.6,258.1,0.2883
363,15.144,175,482.9,308.1,509.0,390.5,0.2822
363,15.144,181,237.3,228.9,257.6,273.6,0.3214
363,15.144,169,171.3,254.2,186.6,289.6,0.3473
364,15.186,4,986.4,397.0,1045.4,521.8,0.6259
364,15.186,5,373.6,261.7,392.3,321.4,0.4176
364,15.186,92,393.0,263.9,413.0,321.4,0.6443
364,15.186,94,443.6,305.8,472.0,359.4,0.2644
364,15.186,143,930.4,377.6,999.4,498.0,0.7884
364,15.186,166,513.9,304.0,543.2,386.3,0.7867
364,15.186,173,207.3,228.8,221.5,258.1,0.2883
364,15.186,175,482.8,308.1,508.8,390.1,0.2895
364,15.186,181,237.4,228.9,257.6,273.8,0.3214
364,15.186,169,171.0,254.2,186.4,289.7,0.3472
365,15.227,5,373.2,261.4,391.7,320.4,0.5155
365,15.227,92,392.8,262.8,413.0,320.7,0.7074
365,15.227,166,511.7,303.3,541.7,386.2,0.7827
365,15.227,173,207.5,228.5,221.8,257.8,0.3303
365,15.227,175,483.6,308.4,506.0,377.5,0.2963
365,15.227,181,236.6,227.2,257.7,274.6,0.2933
366,15.269,5,373.0,261.9,391.2,319.3,0.5659
366,15.269,92,392.8,262.0,412.9,319.5,0.7114
366,15.269,94,440.7,304.9,467.8,357.6,0.3590
366,15.269,166,510.4,303.7,540.5,385.8,0.7407
366,15.269,173,207.3,228.7,221.7,257.9,0.2885
366,15.269,181,236.2,226.6,257.6,275.3,0.2539
366,15.269,4,1010.3,389.5,1071.0,521.1,0.4632
367,15.311,5,372.9,261.9,391.0,318.8,0.5887
367,15.311,92,392.7,260.9,413.1,319.0,0.7340
367,15.311,94,439.5,305.1,466.2,357.7,0.4926
367,15.311,166,509.8,303.9,540.4,386.0,0.7872
367,15.311,173,207.6,229.0,221.8,257.5,0.2766
367,15.311,4,1015.3,383.9,1077.1,521.2,0.3281
368,15.353,5,372.9,262.3,390.8,318.4,0.5887
368,15.353,92,392.6,260.2,413.1,318.6,0.7497
368,15.353,94,439.0,305.2,465.0,357.1,0.4761
368,15.353,166,509.5,304.3,540.4,386.0,0.8028
368,15.353,173,208.1,228.9,221.8,256.1,0.3260
368,15.353,4,1017.4,383.9,1078.7,523.0,0.3717
368,15.353,143,970.7,374.4,1042.6,501.4,0.5116
369,15.394,5,372.7,262.3,390.7,318.2,0.5917
369,15.394,92,392.5,260.2,412.9,318.3,0.7371
369,15.394,94,438.5,305.4,464.2,356.8,0.3439
369,15.394,166,509.2,304.7,540.3,386.2,0.8093
369,15.394,173,208.4,229.0,222.0,255.1,0.3003
369,15.394,143,978.2,369.5,1057.6,510.3,0.3209
370,15.436,5,372.6,262.8,390.6,318.1,0.5748
370,15.436,92,392.3,260.2,412.6,318.1,0.7443
370,15.436,166,508.7,305.1,539.6,385.0,0.8111
370,15.436,4,1021.4,365.1,1089.7,521.8,0.2768
371,15.478,5,372.6,263.7,390.4,317.9,0.5797
371,15.478,92,392.1,260.3,412.2,317.8,0.7521
371,15.478,166,508.4,305.1,539.4,384.7,0.8179
371,15.478,4,1028.0,362.3,1086.5,494.8,0.4303
371,15.478,197,1009.4,362.1,1077.5,483.4,0.3979
371,15.478,143,999.3,361.8,1081.8,513.3,0.3330
372,15.519,5,372.4,265.3,390.0,318.4,0.5789
372,15.519,92,392.1,260.4,411.9,317.3,0.7495
372,15.519,166,508.1,304.8,539.5,384.8,0.8202
373,15.561,5,372.5,265.4,390.0,317.3,0.5905
373,15.561,92,392.1,261.1,411.5,316.5,0.7162
373,15.561,166,507.5,304.2,539.5,385.5,0.8301
373,15.561,173,209.6,229.4,223.8,254.5,0.3084
373,15.561,181,236.9,231.6,255.2,275.5,0.2609
374,15.603,5,372.5,265.4,390.1,317.1,0.6285
374,15.603,92,392.2,261.9,411.2,316.1,0.7068
374,15.603,166,507.1,303.6,539.2,385.0,0.8269
374,15.603,173,209.7,229.6,223.9,254.2,0.2875
374,15.603,181,236.6,231.2,254.8,275.1,0.2647
375,15.645,5,372.4,265.1,390.2,317.1,0.6446
375,15.645,92,392.2,262.3,411.1,315.8,0.6942
375,15.645,166,506.7,303.3,538.6,384.3,0.8337
376,15.686,5,372.3,264.9,390.3,317.2,0.6447
376,15.686,92,392.1,262.5,411.0,315.8,0.6942
376,15.686,166,506.6,303.2,538.4,384.0,0.8336
377,15.728,5,372.3,265.5,389.7,315.8,0.6565
377,15.728,92,392.0,262.4,410.7,315.2,0.6201
377,15.728,94,431.8,303.7,457.6,357.5,0.3186
377,15.728,166,505.3,302.6,536.9,383.4,0.8251
377,15.728,206,387.9,262.8,403.2,314.8,0.4281
378,15.770,5,372.3,265.3,389.7,315.1,0.6526
378,15.770,92,391.7,261.4,410.8,315.2,0.6305
378,15.770,166,504.3,301.7,535.8,382.9,0.8130
378,15.770,206,388.0,262.3,403.3,314.8,0.3895
379,15.811,5,372.2,265.7,389.5,314.8,0.6580
379,15.811,92,391.4,260.3,410.8,315.3,0.6094
379,15.811,166,503.5,301.1,535.1,382.9,0.8023
379,15.811,206,389.0,262.2,404.5,314.8,0.4225
380,15.853,5,372.0,265.8,389.3,314.6,0.6537
380,15.853,92,391.2,259.2,410.8,315.2,0.5826
380,15.853,94,429.8,304.1,455.6,358.0,0.4026
380,15.853,166,503.0,300.7,534.5,382.7,0.7910
380,15.853,206,389.7,261.7,405.3,314.6,0.4474
381,15.895,5,371.9,265.4,389.3,314.3,0.6470
381,15.895,92,390.5,258.9,410.2,315.2,0.5654
381,15.895,94,429.4,304.1,455.4,358.3,0.4773
381,15.895,166,502.4,299.9,534.1,382.7,0.7872
381,15.895,173,207.4,229.8,226.8,259.8,0.2767
382,15.937,5,371.5,264.6,389.1,314.1,0.6166
382,15.937,92,390.1,258.3,409.7,314.8,0.5742
382,15.937,94,428.7,303.9,454.7,358.4,0.3654
382,15.937,166,501.1,299.0,532.9,382.5,0.7816
382,15.937,173,207.7,228.7,226.4,257.6,0.2683
383,15.978,5,371.2,264.1,388.8,313.7,0.5794
383,15.978,92,390.1,258.0,409.4,314.1,0.5831
383,15.978,94,428.2,303.8,454.1,358.1,0.3242
383,15.978,166,500.2,298.5,532.2,382.5,0.7712
384,16.020,5,371.1,263.6,388.7,313.7,0.5312
384,16.020,94,427.7,303.2,453.7,357.9,0.3210
384,16.020,166,499.2,298.3,531.3,382.7,0.7654
384,16.020,206,391.5,258.4,407.9,314.0,0.5760
385,16.062,5,370.8,261.7,388.6,312.7,0.4889
385,16.062,166,497.9,298.6,529.9,382.7,0.7003
385,16.062,206,391.6,258.0,407.9,313.4,0.5316
386,16.103,5,370.8,261.2,388.4,312.7,0.5062
386,16.103,94,425.4,303.1,451.6,359.1,0.3259
386,16.103,166,496.8,299.2,528.6,382.9,0.6615
386,16.103,173,207.2,229.9,226.6,260.2,0.2534
386,16.103,206,391.6,258.0,407.8,313.0,0.5244
387,16.145,5,371.0,261.1,388.6,313.0,0.4876
387,16.145,94,424.6,303.3,450.5,359.2,0.5069
387,16.145,166,495.8,299.6,527.5,382.8,0.6060
387,16.145,206,391.6,258.1,407.7,312.6,0.5153
388,16.187,5,371.1,261.1,388.5,313.2,0.4876
388,16.187,94,424.4,303.4,450.0,359.3,0.5077
388,16.187,166,495.4,299.7,527.2,382.7,0.6074
388,16.187,206,391.7,258.2,407.6,312.5,0.5153
389,16.229,5,370.7,261.2,388.1,313.8,0.5213
389,16.229,94,422.6,303.2,448.0,359.4,0.5360
389,16.229,166,493.6,298.6,525.3,381.0,0.6104
389,16.229,92,389.2,258.3,408.0,313.5,0.5442
390,16.270,5,370.1,260.6,387.6,313.8,0.5371
390,16.270,94,421.4,302.8,446.6,359.4,0.4645
390,16.270,166,491.9,297.9,523.9,380.4,0.4944
390,16.270,207,1147.3,311.5,1204.4,411.5,0.4067
390,16.270,208,144.6,254.7,162.1,297.4,0.3624
390,16.270,92,388.6,259.6,407.1,314.3,0.5903
390,16.270,206,389.2,257.1,406.9,315.1,0.4063
391,16.312,5,369.7,260.2,387.1,313.4,0.5360
391,16.312,94,420.0,303.3,444.8,359.4,0.4205
391,16.312,166,490.9,297.4,522.3,378.5,0.3332
391,16.312,207,1147.6,309.3,1207.1,413.6,0.2881
391,16.312,208,144.2,254.3,161.5,296.4,0.3003
391,16.312,92,388.4,259.9,406.7,314.0,0.5967
391,16.312,206,388.2,256.8,406.8,315.8,0.3767
392,16.354,5,369.6,260.3,386.6,313.0,0.5591
392,16.354,94,419.0,303.5,443.4,359.3,0.5517
392,16.354,166,490.5,297.3,521.8,378.0,0.6469
392,16.354,92,388.3,260.0,406.4,313.6,0.6353
392,16.354,206,387.1,256.8,406.4,315.8,0.3887
393,16.395,5,369.2,260.0,386.3,313.1,0.5579
393,16.395,94,418.2,303.4,442.4,359.4,0.6139
393,16.395,166,490.1,297.5,521.3,378.0,0.7576
393,16.395,92,388.2,259.9,406.3,313.4,0.6218
393,16.395,206,386.1,256.6,406.1,315.8,0.3634
394,16.437,5,368.9,260.0,385.7,312.6,0.5878
394,16.437,94,416.9,303.1,441.0,359.5,0.6100
394,16.437,166,489.7,297.1,521.0,378.3,0.7862
394,16.437,92,388.2,259.6,406.3,312.7,0.6310
394,16.437,206,385.5,256.3,406.1,315.6,0.3535
395,16.479,5,368.9,259.9,385.6,312.6,0.6018
395,16.479,94,416.1,302.7,440.3,359.6,0.6359
395,16.479,166,489.6,297.0,520.9,378.3,0.7832
395,16.479,92,388.2,259.3,406.3,312.3,0.6183
395,16.479,206,384.9,256.0,406.3,315.6,0.3365
395,16.479,208,141.0,253.6,156.6,291.8,0.2672
396,16.521,5,368.7,260.0,385.3,312.8,0.5900
396,16.521,94,415.4,302.3,439.8,359.7,0.6245
396,16.521,166,489.6,297.0,520.7,378.1,0.7744
396,16.521,92,388.1,259.4,405.9,311.5,0.5962
396,16.521,208,139.8,253.2,155.7,292.0,0.2630
397,16.562,5,368.6,259.9,385.0,312.4,0.5693
397,16.562,94,414.2,300.3,439.3,359.3,0.6659
397,16.562,166,490.3,296.9,519.8,373.6,0.7359
397,16.562,92,388.2,259.4,405.6,310.1,0.5539
397,16.562,215,227.5,230.7,246.6,279.5,0.3747
398,16.604,5,368.9,259.9,385.1,312.1,0.5524
398,16.604,94,413.5,299.1,439.1,359.1,0.7153
398,16.604,166,491.0,296.7,518.7,368.1,0.7250
398,16.604,92,388.2,259.5,405.3,309.5,0.5188
398,16.604,208,136.8,251.4,154.7,295.5,0.2766
398,16.604,215,226.9,230.0,246.2,279.2,0.3951
399,16.646,5,368.9,259.8,385.0,312.3,0.5298
399,16.646,94,413.1,299.1,438.5,358.9,0.6526
399,16.646,166,491.7,297.6,517.6,364.0,0.5643
399,16.646,92,388.0,259.6,405.0,309.3,0.4871
399,16.646,208,136.1,251.4,154.5,296.8,0.3416
399,16.646,215,224.5,228.7,243.8,278.2,0.3823
400,16.688,5,368.9,259.8,385.0,312.3,0.5297
400,16.688,94,413.0,299.1,438.3,358.9,0.6525
400,16.688,166,492.0,298.0,517.4,362.7,0.5642
400,16.688,92,387.9,259.7,404.9,309.2,0.4870
400,16.688,208,135.9,251.4,154.4,297.3,0.3415
400,16.688,215,223.7,228.3,243.1,277.8,0.3823
400,16.688,218,76.2,277.1,98.9,314.6,0.3125
401,16.729,5,368.7,259.6,384.6,312.3,0.2962
401,16.729,94,412.1,300.1,437.3,359.5,0.3033
401,16.729,92,386.9,259.3,404.1,308.9,0.3446
401,16.729,208,135.1,252.6,152.7,296.6,0.2912
401,16.729,215,223.3,228.6,242.2,277.1,0.3369
402,16.771,5,368.5,259.6,384.2,311.8,0.3345
402,16.771,94,411.9,300.6,436.8,359.2,0.3891
402,16.771,92,386.8,259.1,403.7,307.0,0.4061
402,16.771,215,223.4,228.6,242.1,276.7,0.3695
403,16.813,5,368.4,259.8,383.9,311.6,0.4028
403,16.813,94,411.4,300.9,436.3,359.1,0.5100
403,16.813,92,387.0,259.2,403.5,305.0,0.4073
403,16.813,215,223.6,229.2,242.1,276.8,0.3492
403,16.813,218,83.2,276.0,111.8,323.8,0.3940
404,16.854,5,368.3,259.7,383.7,311.2,0.4609
404,16.854,94,410.9,300.9,435.9,359.0,0.5571
404,16.854,92,386.6,259.1,403.6,305.5,0.4480
404,16.854,215,223.8,229.5,242.1,276.6,0.3262
404,16.854,218,85.5,275.9,114.9,325.8,0.4603
405,16.896,5,367.9,259.6,383.1,310.5,0.5341
405,16.896,94,410.5,300.8,435.5,359.0,0.6202
405,16.896,92,386.1,259.0,403.8,307.1,0.5045
405,16.896,215,223.9,229.9,242.1,276.7,0.2778
405,16.896,218,86.6,275.3,116.7,327.2,0.4413
405,16.896,166,490.2,298.2,515.5,361.7,0.3345
406,16.938,5,367.6,259.2,382.9,310.4,0.4974
406,16.938,94,409.2,299.7,434.7,358.9,0.7163
406,16.938,92,385.2,258.7,403.7,308.8,0.5003
406,16.938,218,89.6,275.4,118.3,325.7,0.4115
406,16.938,166,489.6,297.2,515.8,362.1,0.4825
407,16.980,5,367.3,259.1,382.7,310.3,0.5044
407,16.980,94,408.2,298.8,433.9,358.6,0.7427
407,16.980,92,384.6,258.6,403.4,309.1,0.5676
407,16.980,208,129.9,255.2,145.7,294.6,0.3174
407,16.980,166,488.9,296.4,515.9,362.9,0.6012
408,17.021,5,367.1,259.1,382.8,310.9,0.4424
408,17.021,94,407.3,298.1,433.2,358.5,0.7297
408,17.021,92,384.0,258.7,402.9,309.1,0.5572
408,17.021,208,128.8,255.4,144.5,294.5,0.4320
408,17.021,218,93.7,273.3,120.5,321.2,0.4651
408,17.021,166,488.4,296.3,515.8,363.5,0.6137
409,17.063,5,367.2,260.3,382.6,311.1,0.2709
409,17.063,94,406.1,297.3,432.6,359.3,0.7121
409,17.063,92,383.3,258.5,402.5,309.4,0.4932
409,17.063,208,127.4,255.6,143.3,294.9,0.4763
409,17.063,215,220.9,230.2,239.2,277.3,0.2794
409,17.063,218,96.7,273.8,122.9,321.6,0.3919
409,17.063,166,487.3,297.3,514.5,363.7,0.4602
410,17.105,5,367.0,259.4,382.8,311.3,0.2755
410,17.105,94,405.4,297.2,432.2,359.8,0.7287
410,17.105,92,382.8,258.3,402.1,309.3,0.5075
410,17.105,208,127.6,256.0,142.8,293.5,0.5177
410,17.105,215,219.0,230.2,238.3,279.0,0.3498
410,17.105,218,98.9,273.9,124.2,320.9,0.3397
410,17.105,166,485.9,298.0,513.0,364.1,0.6115
411,17.146,5,366.7,259.6,382.5,311.2,0.2501
411,17.146,94,405.0,297.3,431.8,360.0,0.7052
411,17.146,92,382.3,258.0,401.9,309.5,0.5221
411,17.146,208,127.4,255.9,142.6,293.2,0.5198
411,17.146,215,217.7,230.2,237.8,280.8,0.4282
411,17.146,218,100.1,274.1,125.2,321.3,0.2969
411,17.146,166,484.5,298.3,511.5,364.5,0.6254
412,17.188,5,366.6,259.7,382.5,311.2,0.2502
412,17.188,94,404.9,297.3,431.7,360.1,0.7054
412,17.188,92,382.1,257.9,401.9,309.6,0.5221
412,17.188,208,127.3,255.8,142.6,293.1,0.5199
412,17.188,215,217.2,230.2,237.6,281.5,0.4282
412,17.188,218,100.6,274.2,125.3,321.4,0.2969
412,17.188,166,484.0,298.5,511.0,364.6,0.6256
413,17.230,94,403.5,297.7,430.0,360.1,0.7191
413,17.230,92,381.8,258.1,401.3,309.3,0.4814
413,17.230,208,125.4,255.8,141.2,294.0,0.2520
413,17.230,215,216.2,230.7,237.0,282.9,0.5018
413,17.230,166,483.2,298.1,510.4,364.1,0.7093
414,17.272,94,402.9,298.0,429.1,360.0,0.6884
414,17.272,92,381.5,258.2,400.8,309.1,0.4766
414,17.272,215,215.6,230.5,236.9,283.9,0.5656
414,17.272,166,482.0,298.2,509.1,363.4,0.6993
415,17.313,94,402.5,298.4,428.3,359.8,0.6400
415,17.313,92,381.2,258.1,400.5,309.5,0.5093
415,17.313,215,215.3,230.5,236.8,284.6,0.5953
415,17.313,166,481.1,298.2,508.1,362.8,0.7248
415,17.313,228,111.0,256.8,139.2,305.9,0.4215
416,17.355,94,401.9,298.9,427.4,359.8,0.5347
416,17.355,92,381.1,258.0,400.3,309.6,0.5207
416,17.355,215,215.4,231.2,236.5,284.4,0.6192
416,17.355,166,479.8,298.3,506.4,361.7,0.5866
416,17.355,228,111.8,256.6,140.6,306.8,0.6100
417,17.397,94,401.4,299.1,426.6,359.8,0.5066
417,17.397,92,381.0,258.0,400.1,309.5,0.5443
417,17.397,215,215.4,231.5,236.0,283.7,0.5701
417,17.397,166,477.7,298.2,503.9,360.8,0.6792
417,17.397,228,112.6,256.2,141.3,306.7,0.5329
418,17.438,94,400.2,298.6,425.5,360.1,0.5285
418,17.438,92,380.9,258.1,399.7,309.1,0.5658
418,17.438,215,215.1,231.6,235.3,282.7,0.3947
418,17.438,166,476.2,297.6,502.0,360.0,0.6715
419,17.480,94,399.1,298.2,424.5,360.3,0.4919
419,17.480,92,380.9,258.0,399.3,308.1,0.5478
419,17.480,215,214.4,231.8,235.0,284.1,0.3602
419,17.480,166,475.5,297.1,501.0,359.4,0.6898
420,17.522,94,398.4,298.4,423.8,360.4,0.5137
420,17.522,92,380.7,257.9,399.2,308.3,0.5650
420,17.522,215,213.3,231.3,234.5,285.6,0.2865
420,17.522,166,475.3,297.0,500.5,359.0,0.7019
420,17.522,228,114.8,256.1,142.8,306.7,0.4357
421,17.564,94,397.3,298.0,422.8,360.6,0.5213
421,17.564,92,380.2,257.4,398.6,307.4,0.3369
421,17.564,215,212.7,231.2,234.2,286.5,0.3155
421,17.564,166,475.0,297.2,499.8,359.0,0.7457
421,17.564,228,115.6,255.9,144.0,307.7,0.6297
422,17.605,5,363.4,254.8,383.3,312.0,0.2598
422,17.605,94,396.4,297.9,422.1,360.7,0.5796
422,17.605,92,380.1,256.7,398.0,305.0,0.3160
422,17.605,215,212.2,230.2,234.2,287.0,0.4666
422,17.605,166,474.8,297.2,499.3,358.8,0.6313
422,17.605,228,115.8,255.8,144.5,308.7,0.6337
423,17.647,5,362.8,254.5,383.1,311.9,0.2517
423,17.647,94,395.7,297.0,421.7,360.6,0.6420
423,17.647,215,212.2,229.9,233.9,286.3,0.4808
423,17.647,166,474.5,296.9,498.9,358.8,0.6613
423,17.647,228,115.8,256.3,144.1,308.4,0.5541
424,17.689,5,362.4,254.3,383.1,311.9,0.2518
424,17.689,94,395.5,296.6,421.6,360.5,0.6423
424,17.689,215,212.2,229.8,233.8,286.0,0.4809
424,17.689,166,474.4,296.8,498.7,358.9,0.6618
424,17.689,228,115.7,256.5,143.9,308.3,0.5541
425,17.730,94,394.4,296.2,420.8,360.6,0.7287
425,17.730,92,379.3,256.4,396.0,299.4,0.3370
425,17.730,215,211.5,229.4,233.2,285.8,0.6280
425,17.730,166,473.2,296.5,497.4,358.4,0.6271
425,17.730,208,112.2,257.7,128.3,296.9,0.3028
426,17.772,94,393.7,296.1,420.3,360.8,0.7249
426,17.772,92,378.1,256.3,396.1,302.2,0.3200
426,17.772,215,211.2,229.0,233.4,286.7,0.6361
426,17.772,166,472.6,296.3,496.5,357.7,0.7702
426,17.772,208,111.5,257.6,127.4,296.1,0.2567
427,17.814,94,393.1,296.0,419.8,360.9,0.7308
427,17.814,92,377.7,256.4,395.9,302.4,0.2949
427,17.814,215,211.1,229.2,233.3,286.5,0.5615
427,17.814,166,472.3,296.4,496.2,357.9,0.7590
428,17.856,94,392.5,295.9,419.3,360.9,0.7299
428,17.856,215,211.2,229.5,232.8,285.1,0.5478
428,17.856,166,472.2,296.6,496.0,357.4,0.4753
429,17.897,94,391.7,295.5,418.8,361.7,0.7254
429,17.897,215,210.7,230.0,232.3,285.3,0.5772
429,17.897,166,471.6,296.3,496.0,358.3,0.4719
429,17.897,208,109.9,256.7,124.5,291.3,0.2616
430,17.939,5,357.0,256.8,378.1,309.1,0.3924
430,17.939,94,390.9,295.4,418.2,362.1,0.7566
430,17.939,215,209.7,231.7,230.8,285.8,0.4892
430,17.939,166,470.7,295.7,495.6,358.8,0.7327
430,17.939,208,109.2,256.3,122.4,287.8,0.2830
431,17.981,5,356.3,257.8,376.3,307.6,0.3947
431,17.981,94,390.6,294.9,417.7,361.7,0.7710
431,17.981,215,209.3,234.2,229.7,286.1,0.4550
431,17.981,166,469.8,295.0,495.3,359.1,0.7818
432,18.023,5,355.8,258.2,375.1,306.8,0.4007
432,18.023,94,390.1,294.0,417.3,361.2,0.7797
432,18.023,215,208.9,236.8,228.4,286.2,0.4294
432,18.023,166,469.3,294.0,495.6,359.3,0.7805
432,18.023,238,439.6,302.0,465.3,359.3,0.5970
432,18.023,208,106.8,257.3,121.9,293.8,0.3129
433,18.064,5,354.8,258.7,373.9,307.1,0.4511
433,18.064,94,389.3,292.8,416.7,360.7,0.7523
433,18.064,215,207.8,236.9,227.7,287.1,0.3957
433,18.064,166,468.6,293.6,495.2,359.0,0.7826
433,18.064,238,439.1,301.6,464.9,359.3,0.6023
433,18.064,208,105.9,257.2,121.2,294.1,0.2767
434,18.106,5,354.4,258.2,373.4,307.3,0.4842
434,18.106,94,388.9,292.0,416.3,360.2,0.7505
434,18.106,215,206.8,238.3,226.4,287.9,0.3914
434,18.106,166,468.0,293.2,495.0,358.8,0.7904
434,18.106,238,438.9,300.9,465.0,359.3,0.5892
435,18.148,5,354.1,258.1,373.1,307.4,0.4953
435,18.148,94,388.7,291.6,416.1,360.1,0.7557
435,18.148,215,206.1,238.7,225.5,287.8,0.3534
435,18.148,166,467.6,293.4,494.6,358.6,0.7802
435,18.148,238,438.6,300.8,464.7,359.3,0.6102
436,18.189,5,354.1,258.0,373.0,307.5,0.4974
436,18.189,94,388.7,291.5,416.0,360.0,0.7556
436,18.189,215,206.0,238.8,225.2,287.7,0.3534
436,18.189,166,467.5,293.6,494.6,358.6,0.7802
436,18.189,238,438.5,300.8,464.6,359.3,0.6101
436,18.189,246,141.8,268.4,161.0,311.6,0.3339
437,18.231,5,353.3,258.5,371.6,307.3,0.5397
437,18.231,94,387.8,290.8,415.9,361.9,0.7576
437,18.231,215,205.4,242.3,223.4,287.8,0.4560
437,18.231,166,466.3,294.5,493.2,358.9,0.8187
437,18.231,238,438.4,302.1,464.1,359.6,0.6555
437,18.231,246,144.5,267.9,163.7,311.2,0.3981
438,18.273,5,353.1,258.4,371.1,307.3,0.5578
438,18.273,94,387.5,290.7,415.6,362.6,0.7288
438,18.273,215,204.6,244.4,221.7,287.3,0.4260
438,18.273,166,465.5,294.5,492.5,359.0,0.8140
438,18.273,238,437.8,302.1,463.3,359.3,0.4655
438,18.273,246,146.4,267.8,164.9,309.5,0.4116
438,18.273,249,369.2,253.6,389.6,307.8,0.4062
438,18.273,250,220.1,227.7,236.5,272.5,0.3266
439,18.315,5,353.1,258.1,370.8,307.3,0.5738
439,18.315,94,387.5,291.2,415.2,362.8,0.6924
439,18.315,215,204.1,245.0,220.9,287.1,0.3809
439,18.315,166,464.5,293.9,491.9,359.1,0.8374
439,18.315,238,437.4,301.8,463.1,359.7,0.5867
439,18.315,246,147.8,267.8,165.6,307.5,0.3229
439,18.315,249,369.7,253.9,389.7,307.2,0.3995
439,18.315,250,220.1,227.4,236.8,273.1,0.3333
440,18.356,5,353.2,258.3,370.6,307.4,0.5558
440,18.356,94,387.3,291.8,414.5,362.8,0.6712
440,18.356,215,203.9,246.1,220.1,286.2,0.3006
440,18.356,166,463.5,293.5,490.9,359.2,0.8522
440,18.356,238,436.9,301.9,462.5,359.9,0.6613
440,18.356,246,149.3,268.8,166.4,306.8,0.3064
440,18.356,249,370.0,254.1,389.9,307.1,0.3634
440,18.356,250,220.0,227.3,237.0,273.7,0.3356
441,18.398,5,353.4,258.7,370.5,307.6,0.5231
441,18.398,94,387.1,292.3,414.0,363.3,0.6764
441,18.398,215,203.4,247.6,219.2,286.3,0.2628
441,18.398,166,462.2,292.8,489.9,359.2,0.8452
441,18.398,238,436.1,301.9,461.6,359.9,0.6417
441,18.398,246,150.4,270.0,167.6,307.6,0.2958
441,18.398,249,370.2,254.0,390.2,307.5,0.3304
441,18.398,250,220.1,227.2,236.8,272.8,0.3738
442,18.440,5,353.2,258.7,370.1,307.9,0.5100
442,18.440,94,386.8,293.0,413.4,363.5,0.6935
442,18.440,215,201.7,250.4,216.5,286.0,0.3817
442,18.440,166,460.8,292.7,488.6,359.2,0.8436
442,18.440,238,433.8,301.0,459.3,359.2,0.5948
442,18.440,249,370.8,254.5,390.3,306.6,0.2827
442,18.440,250,220.4,227.6,236.7,271.9,0.3639
443,18.481,5,353.4,258.5,369.9,307.0,0.5723
443,18.481,94,386.6,293.2,412.9,363.7,0.7082
443,18.481,215,200.9,251.4,215.4,286.3,0.3348
443,18.481,166,460.1,294.5,487.3,358.9,0.8450
443,18.481,238,432.7,300.5,458.2,358.9,0.5987
443,18.481,249,371.0,254.8,390.3,306.8,0.3112
443,18.481,250,220.6,228.0,236.6,271.6,0.3449
444,18.523,5,353.6,258.1,369.6,305.9,0.5839
444,18.523,94,386.2,293.5,412.2,363.9,0.7198
444,18.523,215,200.4,251.9,215.2,287.0,0.3265
444,18.523,166,459.5,295.0,486.8,358.9,0.8419
444,18.523,238,431.9,300.0,457.4,358.8,0.6155
444,18.523,246,153.9,267.4,171.4,303.7,0.3076
444,18.523,249,371.2,255.1,390.4,306.5,0.3158
444,18.523,250,221.0,228.5,236.6,270.7,0.3196
445,18.565,5,353.4,257.6,369.3,305.8,0.6021
445,18.565,94,385.6,293.0,411.5,363.5,0.7059
445,18.565,215,199.8,251.8,214.7,287.0,0.2803
445,18.565,166,457.7,292.3,486.3,359.4,0.8034
445,18.565,238,430.9,299.4,456.4,358.2,0.5492
445,18.565,246,155.5,265.8,172.8,301.5,0.3204
445,18.565,249,370.9,255.1,390.0,306.5,0.3404
445,18.565,250,222.0,230.7,237.0,271.4,0.2771
446,18.607,5,353.4,257.6,369.2,306.0,0.5955
446,18.607,94,385.1,292.5,410.9,363.3,0.7010
446,18.607,166,456.6,290.6,485.9,359.6,0.7985
446,18.607,238,430.2,299.2,455.7,358.3,0.5481
446,18.607,249,370.2,254.7,389.7,307.1,0.3529
446,18.607,250,222.2,231.5,237.1,272.3,0.3012
447,18.648,5,353.3,257.7,369.0,306.1,0.5724
447,18.648,94,384.7,291.9,410.5,363.3,0.6959
447,18.648,166,455.7,290.4,485.0,359.7,0.8004
447,18.648,238,429.8,299.7,455.1,358.1,0.6148
447,18.648,249,369.7,254.3,389.4,307.3,0.3171
447,18.648,250,222.4,231.8,237.3,272.4,0.3550
448,18.690,5,353.4,257.7,368.9,306.2,0.5724
448,18.690,94,384.6,291.7,410.3,363.3,0.6959
448,18.690,166,455.5,290.3,484.6,359.7,0.8004
448,18.690,238,429.7,300.0,454.9,358.0,0.6147
448,18.690,249,369.6,254.1,389.3,307.3,0.3171
448,18.690,250,222.5,231.8,237.3,272.4,0.3550
448,18.690,257,156.1,265.4,177.1,304.8,0.3042
449,18.732,5,353.1,258.1,368.2,305.9,0.5918
449,18.732,94,382.8,292.3,408.5,363.4,0.7237
449,18.732,166,454.9,291.1,483.4,359.1,0.7943
449,18.732,238,428.7,299.9,453.7,357.5,0.6544
449,18.732,249,369.1,253.5,388.7,306.5,0.3383
449,18.732,250,222.4,231.9,237.4,273.1,0.3727
449,18.732,257,157.2,264.7,179.7,306.9,0.3726
450,18.773,5,353.1,258.5,367.9,305.6,0.5832
450,18.773,94,381.7,292.6,407.7,363.5,0.7286
450,18.773,166,454.6,291.4,482.7,358.8,0.7873
450,18.773,238,428.2,299.6,453.3,357.5,0.6650
450,18.773,249,368.6,252.9,388.3,305.9,0.3517
450,18.773,250,222.5,231.7,237.7,273.4,0.3831
450,18.773,257,158.4,265.0,181.7,309.0,0.4047
450,18.773,215,195.4,245.3,212.3,285.7,0.3321
451,18.815,5,353.2,258.4,367.9,305.8,0.5700
451,18.815,94,381.1,292.8,407.2,363.4,0.7400
451,18.815,166,454.1,291.7,482.0,358.4,0.7861
451,18.815,238,427.9,299.6,453.0,357.6,0.7051
451,18.815,249,368.4,252.7,388.2,305.9,0.3208
451,18.815,250,222.6,231.4,237.9,273.5,0.4601
451,18.815,257,158.9,265.3,183.4,311.9,0.4770
451,18.815,215,193.9,243.6,211.4,285.4,0.3897
452,18.857,5,353.4,258.2,367.8,305.5,0.5435
452,18.857,94,380.7,292.6,407.1,363.5,0.7399
452,18.857,166,453.7,292.2,481.4,358.3,0.7718
452,18.857,238,427.7,299.6,453.0,358.0,0.7139
452,18.857,249,368.5,252.5,388.0,304.7,0.2991
452,18.857,250,222.4,231.2,237.9,273.5,0.4564
452,18.857,257,159.4,265.2,184.6,313.6,0.4747
452,18.857,215,193.1,243.2,211.1,286.4,0.4104
453,18.899,5,353.7,258.0,367.8,304.9,0.5290
453,18.899,94,380.3,292.5,407.1,363.9,0.7300
453,18.899,166,453.2,292.2,480.9,358.2,0.7690
453,18.899,238,427.3,299.3,452.7,358.7,0.6996
453,18.899,249,368.6,252.2,387.9,303.9,0.2813
453,18.899,250,222.6,231.0,238.0,273.4,0.4410
453,18.899,257,160.4,266.1,184.8,313.4,0.4067
453,18.899,215,193.1,244.2,210.4,285.7,0.3866
454,18.940,5,354.1,257.4,368.0,304.3,0.5663
454,18.940,94,380.0,292.6,407.2,364.6,0.7340
454,18.940,166,452.7,291.7,480.5,357.8,0.7647
454,18.940,238,426.8,299.1,452.1,358.9,0.6777
454,18.940,249,368.7,252.4,387.9,303.6,0.3418
454,18.940,250,222.5,229.6,238.3,273.2,0.4386
454,18.940,257,162.4,266.4,186.5,313.9,0.3741
454,18.940,215,193.1,245.2,209.4,283.9,0.3417
455,18.982,5,354.3,257.0,368.1,303.8,0.5559
455,18.982,94,379.9,292.5,407.2,364.4,0.7318
455,18.982,166,452.5,291.5,480.3,357.5,0.7542
455,18.982,238,426.6,298.6,451.8,358.8,0.6406
455,18.982,249,368.7,252.6,387.9,303.6,0.3738
455,18.982,250,222.6,229.0,238.5,273.0,0.4519
455,18.982,215,192.6,245.3,209.1,284.5,0.3509
456,19.024,5,354.6,256.8,368.2,303.8,0.5579
456,19.024,94,379.9,292.5,407.2,363.7,0.7437
456,19.024,166,452.0,291.0,480.1,357.5,0.7660
456,19.024,238,426.1,298.2,451.2,358.8,0.6215
456,19.024,249,368.7,252.7,387.9,304.0,0.3917
456,19.024,250,222.9,228.8,238.7,272.8,0.4405
456,19.024,215,191.9,244.9,209.0,285.7,0.3255
457,19.065,5,354.8,256.5,368.1,303.3,0.5375
457,19.065,94,379.8,291.8,407.4,363.7,0.7599
457,19.065,166,451.8,290.1,480.0,357.0,0.7975
457,19.065,238,426.1,297.9,451.3,359.0,0.6643
457,19.065,249,368.5,252.8,387.5,303.8,0.4062
457,19.065,250,223.4,229.9,238.7,272.5,0.3818
457,19.065,215,191.1,244.9,208.7,287.2,0.3276
457,19.065,264,357.9,252.1,382.5,304.8,0.3111
458,19.107,5,354.8,256.3,368.2,303.9,0.5328
458,19.107,94,379.7,291.6,407.7,364.6,0.7532
458,19.107,166,451.6,289.3,479.9,356.6,0.7967
458,19.107,238,426.2,298.0,451.3,359.1,0.7056
458,19.107,249,367.5,253.2,386.7,304.6,0.4303
458,19.107,250,223.8,230.5,238.8,272.5,0.3924
458,19.107,215,190.1,245.3,207.6,287.4,0.3628
458,19.107,264,357.6,252.3,382.4,305.3,0.3370
459,19.149,5,354.8,256.1,368.3,304.5,0.5500
459,19.149,94,379.6,291.3,407.9,365.1,0.7513
459,19.149,166,451.5,288.7,479.9,356.7,0.8005
459,19.149,238,426.0,297.4,451.3,359.2,0.7404
459,19.149,249,367.2,253.5,386.5,305.3,0.4387
459,19.149,250,223.8,230.4,238.9,272.6,0.4684
459,19.149,215,188.7,244.6,206.3,287.1,0.3733
459,19.149,264,357.3,252.5,382.4,306.0,0.3391
460,19.191,5,354.9,256.1,368.3,304.8,0.5499
460,19.191,94,379.6,291.2,408.0,365.3,0.7512
460,19.191,166,451.5,288.5,479.9,356.7,0.8004
460,19.191,238,426.0,297.2,451.3,359.2,0.7403
460,19.191,249,367.1,253.6,386.5,305.6,0.4386
460,19.191,250,223.9,230.4,239.0,272.7,0.4683
460,19.191,215,188.2,244.3,205.9,286.9,0.3733
460,19.191,264,357.3,252.6,382.4,306.2,0.3391
461,19.232,5,355.0,255.4,368.7,305.3,0.5280
461,19.232,94,379.9,290.7,407.7,363.5,0.7617
461,19.232,166,450.4,288.0,479.2,357.4,0.7646
461,19.232,238,425.4,295.2,451.3,359.1,0.6773
461,19.232,249,365.8,253.7,385.4,306.1,0.4261
461,19.232,250,223.9,229.9,239.3,272.8,0.4954
461,19.232,215,186.3,243.7,204.1,286.7,0.2562
461,19.232,264,357.1,252.6,382.5,306.8,0.3251
461,19.232,257,166.8,265.2,192.6,317.1,0.3235
462,19.274,5,355.0,255.4,368.6,305.5,0.5056
462,19.274,94,379.9,290.9,406.9,362.0,0.7749
462,19.274,166,449.9,287.5,478.7,357.5,0.7557
462,19.274,238,425.1,295.1,451.0,358.9,0.6842
462,19.274,249,365.3,254.1,384.9,306.3,0.3772
462,19.274,250,223.8,229.5,239.4,272.9,0.5109
462,19.274,264,356.9,252.9,382.2,306.7,0.2829
462,19.274,257,168.6,262.0,194.9,315.5,0.2975
463,19.316,5,354.9,255.5,368.5,305.1,0.5025
463,19.316,94,379.7,290.8,406.3,361.2,0.7979
463,19.316,166,449.6,287.2,478.3,357.5,0.7772
463,19.316,238,424.6,294.8,450.6,358.8,0.6886
463,19.316,249,365.1,254.5,384.4,305.9,0.3880
463,19.316,250,223.6,229.0,239.4,272.9,0.4965
463,19.316,264,356.8,253.3,381.8,306.3,0.2694
463,19.316,257,169.6,252.7,198.9,312.6,0.3938
464,19.358,5,354.9,255.7,368.4,305.0,0.5148
464,19.358,94,379.4,290.2,406.4,362.3,0.7974
464,19.358,166,449.5,287.5,478.0,357.6,0.7730
464,19.358,238,424.4,294.9,450.2,358.9,0.6982
464,19.358,249,365.0,254.7,384.1,305.7,0.3825
464,19.358,250,223.5,228.8,239.4,272.9,0.5008
464,19.358,264,356.6,253.4,381.3,306.1,0.2773
464,19.358,257,169.9,248.7,200.2,310.8,0.3662
465,19.399,5,354.9,255.8,368.3,304.7,0.5249
465,19.399,94,379.2,289.7,406.2,362.2,0.7971
465,19.399,166,449.6,288.0,477.7,357.6,0.7814
465,19.399,238,424.2,295.6,449.6,358.9,0.7086
465,19.399,249,364.8,254.9,383.8,305.3,0.3818
465,19.399,250,223.7,228.8,239.5,272.6,0.4386
465,19.399,264,356.4,253.5,381.0,305.8,0.2843
465,19.399,257,170.1,247.2,201.4,312.2,0.4162
466,19.441,5,354.9,255.9,368.3,304.5,0.5234
466,19.441,94,378.4,289.5,404.9,361.2,0.7821
466,19.441,166,448.4,288.2,476.5,358.5,0.7803
466,19.441,238,423.1,296.7,448.0,359.0,0.6946
466,19.441,249,364.7,255.0,383.4,305.0,0.3664
466,19.441,250,223.8,228.4,239.8,272.4,0.4033
466,19.441,264,356.0,253.8,380.4,305.8,0.2719
466,19.441,257,171.0,246.5,202.4,313.0,0.5186
467,19.483,5,354.9,255.8,368.4,304.2,0.5257
467,19.483,94,377.6,289.5,403.7,360.6,0.7691
467,19.483,166,447.7,288.3,475.5,358.9,0.7882
467,19.483,238,421.9,296.4,446.8,358.9,0.6814
467,19.483,249,364.5,254.9,383.1,304.7,0.3781
467,19.483,250,223.9,228.4,239.8,272.0,0.4055
467,19.483,264,355.9,253.8,380.2,305.7,0.2777
467,19.483,257,172.2,247.4,202.6,313.2,0.5155
468,19.524,5,354.9,255.6,368.5,304.0,0.4837
468,19.524,94,377.3,289.6,402.9,360.0,0.7740
468,19.524,166,447.5,288.6,474.7,358.0,0.7992
468,19.524,238,420.7,295.4,446.3,360.0,0.7134
468,19.524,249,364.2,254.7,382.8,304.8,0.3664
468,19.524,250,224.1,228.5,239.9,271.8,0.3750
468,19.524,257,173.2,247.8,202.1,311.9,0.3911
469,19.566,5,354.7,255.4,368.7,304.2,0.4935
469,19.566,94,376.2,289.3,402.1,361.3,0.7521
469,19.566,166,447.2,288.3,474.2,357.8,0.7980
469,19.566,238,418.8,293.0,445.5,360.8,0.7107
469,19.566,249,363.6,254.9,382.3,304.8,0.2653
469,19.566,250,224.3,228.6,240.1,271.9,0.3751
469,19.566,257,173.6,248.4,202.2,313.7,0.3449
470,19.608,5,355.0,255.3,369.2,304.2,0.4485
470,19.608,94,375.6,289.0,401.5,361.8,0.7418
470,19.608,166,446.6,287.6,473.9,358.9,0.8019
470,19.608,238,418.3,293.1,444.6,360.2,0.6592
470,19.608,250,224.4,228.6,240.3,272.0,0.4095
471,19.650,5,355.0,255.2,369.4,304.2,0.4590
471,19.650,94,374.8,288.5,400.9,362.4,0.7647
471,19.650,166,445.9,287.3,473.3,359.5,0.8217
471,19.650,238,417.5,292.5,443.7,360.0,0.6913
471,19.650,250,224.4,228.3,240.4,272.1,0.4390
472,19.691,5,354.9,255.2,369.6,304.3,0.4590
472,19.691,94,374.7,288.3,400.7,362.6,0.7647
472,19.691,166,445.7,287.2,473.0,359.8,0.8217
472,19.691,238,417.2,292.3,443.4,359.9,0.6913
472,19.691,250,224.4,228.2,240.5,272.1,0.4390
473,19.733,5,353.9,255.4,368.5,303.8,0.5635
473,19.733,94,374.0,288.0,399.7,361.6,0.7710
473,19.733,166,444.5,285.7,472.1,359.5,0.8517
473,19.733,238,415.8,290.8,442.5,360.0,0.7315
473,19.733,250,224.5,228.4,240.6,272.2,0.4483
473,19.733,257,174.7,247.4,202.5,312.8,0.2831
474,19.775,5,353.3,255.5,367.8,303.4,0.5990
474,19.775,94,373.6,287.9,398.9,360.7,0.7392
474,19.775,166,444.0,285.1,471.6,359.4,0.8456
474,19.775,238,415.0,290.2,442.0,360.0,0.7329
474,19.775,250,224.4,228.3,240.6,272.3,0.4817
475,19.816,5,353.0,255.6,367.7,303.2,0.6240
475,19.816,94,373.2,287.4,398.1,359.1,0.7121
475,19.816,166,443.6,284.2,471.1,358.4,0.8437
475,19.816,238,414.7,290.0,441.8,360.2,0.7524
475,19.816,250,224.2,228.3,240.5,272.4,0.5226
475,19.816,257,174.2,247.1,201.9,314.7,0.2814
476,19.858,5,352.9,255.6,367.8,303.2,0.6341
476,19.858,94,372.8,287.0,397.6,358.3,0.6833
476,19.858,166,443.5,284.3,470.8,358.0,0.8367
476,19.858,238,415.2,291.0,441.6,359.2,0.7587
476,19.858,250,223.8,228.0,240.3,272.5,0.5795
476,19.858,257,174.3,247.4,202.1,315.6,0.3808
477,19.900,5,352.6,255.4,367.8,303.1,0.6442
477,19.900,94,371.8,286.5,396.8,358.4,0.6874
477,19.900,166,443.5,284.5,470.6,357.9,0.8187
477,19.900,238,415.4,291.4,441.6,358.8,0.7740
477,19.900,250,223.7,228.0,240.3,272.5,0.6119
477,19.900,257,174.8,248.3,202.7,316.3,0.4068
478,19.942,5,352.2,255.1,367.7,303.1,0.6194
478,19.942,94,370.7,285.5,396.1,358.7,0.7457
478,19.942,166,443.5,284.7,470.7,358.6,0.8273
478,19.942,238,415.3,291.7,441.6,358.7,0.7837
478,19.942,250,223.4,227.7,240.2,272.7,0.6284
478,19.942,264,355.1,251.9,378.6,305.3,0.2592
478,19.942,257,174.4,248.6,202.7,316.5,0.3241
479,19.983,5,351.5,255.1,367.1,302.9,0.6317
479,19.983,94,370.4,286.0,395.6,358.9,0.7500
479,19.983,166,443.5,285.0,470.5,359.0,0.8174
479,19.983,238,415.3,291.9,441.6,358.6,0.7824
479,19.983,250,223.2,227.5,240.2,272.6,0.6171
479,19.983,264,355.3,251.0,378.7,305.0,0.2554
479,19.983,257,174.2,249.0,202.8,316.1,0.3292
480,20.025,5,350.8,255.2,366.4,302.6,0.6490
480,20.025,94,370.1,286.0,395.3,358.9,0.7419
480,20.025,166,443.5,285.2,470.3,359.1,0.8190
480,20.025,238,415.1,291.9,441.5,358.5,0.7886
480,20.025,250,223.2,227.5,240.2,272.5,0.6126
480,20.025,257,174.5,249.3,202.1,312.7,0.2830
481,20.067,5,350.4,255.4,366.0,302.9,0.6587
481,20.067,94,370.1,286.3,395.1,359.0,0.7133
481,20.067,166,443.5,285.2,470.2,359.1,0.8170
481,20.067,238,414.9,291.9,441.3,358.4,0.7916
481,20.067,250,223.4,227.7,240.3,272.5,0.5664
482,20.108,5,350.2,255.3,365.7,302.6,0.6492
482,20.108,94,369.9,285.9,394.9,358.9,0.7157
482,20.108,166,443.4,285.2,470.2,359.4,0.8120
482,20.108,238,414.8,291.7,441.3,358.4,0.7975
482,20.108,250,223.6,228.4,240.3,272.5,0.5343
483,20.150,5,350.1,255.5,365.3,301.8,0.6266
483,20.150,94,369.8,285.6,394.9,359.2,0.7237
483,20.150,166,443.4,284.4,470.4,359.5,0.8217
483,20.150,238,414.6,291.3,441.3,358.3,0.8092
483,20.150,250,224.1,229.2,240.4,272.2,0.4660
484,20.192,5,350.1,255.6,365.2,301.6,0.6265
484,20.192,94,369.8,285.6,394.8,359.3,0.7238
484,20.192,166,443.4,284.1,470.4,359.5,0.8217
484,20.192,238,414.6,291.2,441.3,358.2,0.8092
484,20.192,250,224.3,229.5,240.4,272.1,0.4660
484,20.192,284,188.3,271.3,209.0,317.3,0.3145
485,20.234,5,349.7,254.7,365.4,302.3,0.5700
485,20.234,94,369.5,286.0,393.7,358.2,0.7280
485,20.234,166,443.2,283.0,470.3,359.2,0.8358
485,20.234,238,413.9,291.3,440.3,357.9,0.8119
485,20.234,250,224.1,230.1,239.9,271.8,0.4374
486,20.275,5,349.5,254.5,365.5,302.6,0.4136
486,20.275,94,369.2,286.2,392.9,357.3,0.7199
486,20.275,166,443.1,282.5,470.1,358.4,0.8427
486,20.275,238,413.5,291.3,439.7,357.8,0.8016
486,20.275,250,224.2,230.1,240.0,271.6,0.3617
487,20.317,5,349.1,254.5,365.3,302.7,0.3873
487,20.317,94,369.3,287.0,392.5,357.0,0.7377
487,20.317,166,443.0,282.2,469.9,358.2,0.8334
487,20.317,238,413.1,291.4,439.2,357.8,0.7931
487,20.317,250,224.4,230.3,240.0,271.5,0.3326
488,20.359,5,349.2,254.6,365.6,302.8,0.3620
488,20.359,94,369.1,287.1,392.2,357.0,0.7468
488,20.359,166,442.6,280.9,470.1,358.6,0.8321
488,20.359,238,412.9,291.3,438.8,357.8,0.7973
488,20.359,250,224.5,230.3,240.1,271.4,0.3087
489,20.401,5,348.6,254.2,365.6,302.8,0.4288
489,20.401,94,368.8,286.5,391.9,356.9,0.7242
489,20.401,166,442.6,280.4,470.1,358.7,0.8310
489,20.401,238,412.8,291.2,438.8,357.9,0.7967
489,20.401,250,224.6,230.4,240.1,271.5,0.3124
490,20.442,5,347.8,254.0,365.3,302.9,0.2917
490,20.442,94,368.6,286.9,391.5,357.1,0.6880
490,20.442,166,442.9,281.0,469.8,358.0,0.8156
490,20.442,238,411.7,291.0,437.6,357.7,0.7309
490,20.442,250,224.5,229.7,240.3,271.4,0.3717
491,20.484,94,368.0,286.2,391.0,356.8,0.7673
491,20.484,166,442.8,281.1,469.5,357.9,0.8160
491,20.484,238,410.6,291.1,436.3,357.6,0.7424
491,20.484,250,224.6,229.4,240.4,271.3,0.4389
491,20.484,288,341.6,255.0,362.7,301.4,0.3153
492,20.526,94,367.0,284.8,390.5,356.7,0.7744
492,20.526,166,442.7,281.1,469.2,358.0,0.8140
492,20.526,238,409.8,290.9,435.5,357.6,0.7238
492,20.526,250,224.6,229.1,240.5,271.3,0.4456
492,20.526,288,341.3,255.3,362.2,301.1,0.3171
493,20.567,94,365.2,282.8,389.5,357.3,0.7306
493,20.567,166,442.4,281.6,468.6,357.9,0.7932
493,20.567,238,408.6,290.8,434.2,357.6,0.7063
493,20.567,250,224.7,229.1,240.5,270.8,0.4248
493,20.567,288,340.6,256.3,360.8,300.8,0.3076
494,20.609,94,363.9,280.6,388.8,357.3,0.7262
494,20.609,166,442.0,281.5,468.1,358.0,0.7929
494,20.609,238,408.2,290.6,433.7,357.7,0.6974
494,20.609,250,225.0,229.3,240.4,269.8,0.3989
494,20.609,288,340.0,256.8,359.6,300.1,0.3206
495,20.651,94,363.5,281.9,388.1,357.6,0.7342
495,20.651,166,441.7,281.4,467.7,358.0,0.7956
495,20.651,238,407.7,290.2,433.6,359.0,0.6945
495,20.651,250,225.0,229.2,240.4,269.4,0.4143
495,20.651,288,339.2,257.2,358.4,299.7,0.3699
495,20.651,290,158.8,247.7,177.0,291.0,0.3781
496,20.693,94,363.4,282.4,387.9,357.6,0.7347
496,20.693,166,441.6,281.4,467.5,358.0,0.7958
496,20.693,238,407.7,290.0,433.5,359.5,0.6940
496,20.693,250,225.0,229.2,240.4,269.3,0.4145
496,20.693,288,339.0,257.3,358.0,299.6,0.3713
496,20.693,290,158.7,247.5,177.0,291.2,0.3783
497,20.734,94,362.5,282.2,386.9,357.3,0.7266
497,20.734,166,440.9,281.9,466.3,357.0,0.8187
497,20.734,238,406.9,290.0,432.5,359.6,0.7744
497,20.734,250,224.9,229.8,240.1,269.0,0.3898
497,20.734,288,339.3,257.8,357.8,299.1,0.4684
497,20.734,290,157.1,248.2,175.1,291.1,0.3360
498,20.776,94,362.0,282.2,386.3,356.8,0.7168
498,20.776,166,440.3,282.6,465.3,356.5,0.8100
498,20.776,238,406.4,290.0,431.7,359.5,0.7614
498,20.776,250,224.7,230.0,240.1,269.2,0.3932
498,20.776,288,339.1,258.3,357.2,298.9,0.5286
498,20.776,290,156.1,248.7,173.8,291.0,0.4599
499,20.818,94,361.5,280.4,386.2,356.3,0.7178
499,20.818,166,439.7,283.1,464.5,356.1,0.8094
499,20.818,238,406.0,290.2,430.9,359.4,0.7586
499,20.818,250,224.6,229.7,240.3,269.2,0.3543
499,20.818,288,339.0,258.7,357.1,299.3,0.5358
499,20.818,290,155.1,248.1,172.9,290.8,0.5296
500,20.859,94,360.8,279.9,385.5,355.8,0.7074
500,20.859,166,439.3,282.7,464.1,355.7,0.8179
500,20.859,238,405.8,290.3,430.1,358.8,0.6730
500,20.859,250,224.7,228.3,241.1,270.0,0.4375
500,20.859,288,337.9,257.9,356.4,299.8,0.3803
500,20.859,290,154.2,247.5,172.3,290.9,0.4652
501,20.901,94,360.2,279.0,385.0,355.4,0.7334
501,20.901,166,438.6,282.3,463.6,355.4,0.8200
501,20.901,238,405.8,290.6,429.6,358.6,0.6562
501,20.901,250,224.7,228.0,241.0,269.0,0.4103
501,20.901,288,338.1,258.3,356.2,299.6,0.5091
501,20.901,290,153.9,247.7,171.6,290.5,0.4313
502,20.943,94,359.7,280.7,383.8,355.0,0.7200
502,20.943,166,438.1,282.2,463.2,355.2,0.8166
502,20.943,238,405.5,291.0,428.9,358.8,0.6518
502,20.943,250,225.2,227.6,240.9,266.9,0.3563
502,20.943,288,338.9,259.3,356.6,299.5,0.5218
502,20.943,290,153.2,247.9,170.6,290.5,0.4192
503,20.985,94,359.3,282.0,383.1,355.3,0.7209
503,20.985,166,437.4,281.3,463.3,356.0,0.8133
503,20.985,238,405.3,291.3,428.5,359.1,0.6927
503,20.985,250,225.3,227.3,240.9,266.4,0.3375
503,20.985,288,338.5,259.3,356.4,299.7,0.5498
503,20.985,290,152.0,247.0,170.3,291.6,0.4257
504,21.026,94,359.3,282.7,382.9,355.5,0.7148
504,21.026,166,436.9,281.0,463.0,356.2,0.8219
504,21.026,238,405.3,291.4,428.2,359.1,0.6869
504,21.026,250,225.4,227.6,240.6,265.3,0.3227
504,21.026,288,338.0,259.1,355.8,299.8,0.5491
504,21.026,290,151.7,246.9,169.9,291.5,0.3222
505,21.068,94,359.3,283.1,382.6,354.8,0.7209
505,21.068,166,436.5,281.0,462.6,356.3,0.8319
505,21.068,238,405.3,291.4,427.9,358.9,0.6860
505,21.068,288,336.8,258.4,354.9,300.2,0.5978
505,21.068,290,151.6,247.3,169.6,291.6,0.2732
506,21.110,94,359.2,283.8,382.1,354.4,0.7223
506,21.110,166,436.3,281.6,462.3,356.5,0.8367
506,21.110,238,405.1,291.3,427.7,359.0,0.6736
506,21.110,288,335.9,257.5,354.4,300.9,0.6215
506,21.110,290,150.4,247.1,168.9,292.6,0.2663
507,21.151,94,359.1,284.6,381.8,354.2,0.7380
507,21.151,166,436.2,282.2,462.0,356.4,0.8390
507,21.151,238,405.1,291.5,427.2,358.1,0.6726
507,21.151,288,335.6,256.9,354.0,300.9,0.6369
507,21.151,290,150.0,247.4,168.6,293.0,0.2917
508,21.193,94,359.0,284.9,381.8,354.2,0.7381
508,21.193,166,436.1,282.3,461.9,356.4,0.8391
508,21.193,238,405.2,291.6,427.0,357.8,0.6727
508,21.193,288,335.6,256.6,353.8,300.9,0.6370
508,21.193,290,149.8,247.4,168.5,293.2,0.2917
509,21.235,94,359.0,285.2,381.8,354.3,0.7570
509,21.235,166,436.1,282.8,461.3,355.1,0.8529
509,21.235,238,404.7,291.3,426.2,356.9,0.6920
509,21.235,288,335.6,256.3,353.2,299.9,0.5318
509,21.235,290,148.6,248.7,166.6,293.2,0.2527
510,21.277,94,358.6,283.8,381.8,354.3,0.7415
510,21.277,166,436.1,283.1,461.0,354.6,0.8371
510,21.277,238,404.4,291.2,425.7,356.2,0.6719
510,21.277,288,335.3,255.8,352.9,299.7,0.5766
510,21.277,290,147.6,249.1,165.3,293.0,0.2785
511,21.318,94,358.0,282.1,381.6,353.6,0.7387
511,21.318,166,436.1,283.2,461.0,354.7,0.8246
511,21.318,238,404.3,291.3,425.4,355.7,0.6706
511,21.318,288,335.2,255.5,352.7,299.4,0.5453
511,21.318,290,146.3,247.8,164.2,292.7,0.3449
512,21.360,94,357.7,280.1,381.8,353.0,0.7305
512,21.360,166,436.1,282.9,461.0,354.7,0.8236
512,21.360,238,404.3,291.1,425.0,355.1,0.6543
512,21.360,288,335.4,255.5,352.7,299.0,0.5121
512,21.360,290,144.9,247.9,162.7,292.8,0.3373
513,21.402,94,357.8,278.8,382.0,352.4,0.7106
513,21.402,166,436.1,282.3,461.1,354.4,0.8193
513,21.402,238,404.2,291.0,424.7,354.4,0.6039
513,21.402,288,335.4,255.8,352.5,299.1,0.5131
513,21.402,290,143.5,247.3,161.2,292.4,0.3990
514,21.443,94,357.8,278.1,382.1,352.2,0.7156
514,21.443,166,436.2,282.1,460.7,352.7,0.7836
514,21.443,238,403.8,291.0,424.2,354.0,0.6112
514,21.443,288,335.4,256.0,352.4,299.2,0.4412
514,21.443,290,142.7,247.5,160.5,293.4,0.4480
515,21.485,94,357.9,278.1,382.1,352.6,0.7048
515,21.485,166,436.2,282.1,460.5,352.3,0.7740
515,21.485,238,403.4,290.9,423.8,354.1,0.6170
515,21.485,288,335.2,255.7,352.5,299.4,0.4031
515,21.485,290,141.7,247.7,159.6,294.1,0.3867
516,21.527,94,358.0,278.1,382.1,352.7,0.6996
516,21.527,166,435.5,281.9,460.2,353.3,0.7875
516,21.527,238,403.0,290.6,423.6,354.6,0.6837
516,21.527,288,334.7,254.9,352.4,299.9,0.3898
516,21.527,290,141.2,248.4,158.9,294.3,0.4214
517,21.569,94,358.4,278.9,382.0,352.6,0.6903
517,21.569,166,434.8,281.3,459.6,353.0,0.8013
517,21.569,238,402.4,290.6,423.1,354.8,0.7214
517,21.569,288,333.9,254.1,351.7,299.6,0.4010
517,21.569,290,139.5,249.6,157.1,294.9,0.4733
518,21.610,94,358.5,279.5,381.8,352.2,0.6838
518,21.610,166,434.4,280.8,459.2,352.7,0.8223
518,21.610,238,402.1,290.7,422.8,354.9,0.7365
518,21.610,288,333.3,252.7,351.4,299.2,0.4267
518,21.610,290,138.0,250.0,155.7,295.4,0.5624
518,21.610,304,396.2,287.2,421.9,354.0,0.3397
519,21.652,94,358.8,280.3,381.6,351.7,0.6917
519,21.652,166,434.0,280.4,458.8,352.5,0.8351
519,21.652,238,401.8,290.5,422.5,355.1,0.7525
519,21.652,288,332.7,252.6,350.4,298.9,0.4386
519,21.652,290,136.8,249.9,155.2,296.8,0.5546
519,21.652,304,396.1,287.4,421.7,353.9,0.3823
520,21.694,94,358.9,280.6,381.5,351.5,0.6914
520,21.694,166,433.9,280.3,458.6,352.4,0.8351
520,21.694,238,401.7,290.4,422.4,355.1,0.7526
520,21.694,288,332.5,252.5,350.0,298.8,0.4386
520,21.694,290,136.4,249.9,155.1,297.3,0.5545
520,21.694,304,396.1,287.4,421.6,353.9,0.3825
521,21.736,94,358.7,282.4,381.0,352.2,0.7200
521,21.736,166,433.2,280.1,457.8,351.9,0.8335
521,21.736,238,400.8,290.3,421.5,355.1,0.7450
521,21.736,288,332.6,251.8,350.2,299.1,0.4896
521,21.736,290,135.5,250.1,154.2,297.5,0.3306
522,21.777,94,358.4,282.7,380.8,352.5,0.7278
522,21.777,166,432.7,280.1,457.3,351.9,0.8251
522,21.777,238,400.4,289.7,421.1,354.9,0.7558
522,21.777,288,332.5,251.2,350.2,299.1,0.5011
522,21.777,290,134.6,250.3,153.9,298.9,0.2737
523,21.819,94,358.2,282.3,380.8,352.4,0.6990
523,21.819,166,432.3,280.0,456.7,351.7,0.8313
523,21.819,238,400.1,290.0,420.5,354.6,0.7521
523,21.819,288,332.3,250.8,350.1,299.4,0.4759
524,21.861,94,358.3,282.2,380.7,351.5,0.6864
524,21.861,166,431.8,279.8,456.4,351.9,0.8108
524,21.861,238,399.8,290.2,420.1,354.2,0.7622
524,21.861,288,332.3,250.6,349.9,299.4,0.4630
525,21.902,94,358.1,281.0,380.6,350.6,0.6850
525,21.902,166,431.2,279.5,455.9,351.8,0.8153
525,21.902,238,399.1,289.2,419.6,353.8,0.7558
525,21.902,288,332.2,250.4,349.7,299.3,0.4365
525,21.902,308,350.4,249.7,365.4,297.1,0.3304
526,21.944,94,358.1,280.0,380.6,349.7,0.6697
526,21.944,166,430.3,278.9,455.2,351.6,0.8119
526,21.944,238,399.0,290.5,419.1,353.4,0.7221
526,21.944,288,332.4,250.5,349.7,299.4,0.4431
526,21.944,290,132.6,250.4,148.5,290.9,0.3481
526,21.944,308,350.1,249.6,365.5,298.1,0.3072
527,21.986,94,358.2,279.1,380.9,349.1,0.6775
527,21.986,166,429.6,278.8,454.5,351.3,0.8088
527,21.986,238,398.8,290.9,418.8,353.1,0.7080
527,21.986,288,332.5,250.4,349.8,299.7,0.4490
527,21.986,290,132.2,249.9,147.9,290.1,0.3452
527,21.986,308,350.2,249.6,365.6,298.2,0.3072
527,21.986,310,220.5,253.1,239.4,306.0,0.3852
528,22.028,94,358.2,278.7,381.0,348.9,0.7011
528,22.028,166,429.1,278.7,453.9,351.0,0.8272
528,22.028,238,398.8,291.5,418.8,353.3,0.7054
528,22.028,288,332.7,250.4,349.9,299.9,0.4728
528,22.028,290,131.3,249.9,147.3,290.6,0.4220
528,22.028,308,350.2,249.5,365.7,298.6,0.3138
528,22.028,310,220.9,253.1,239.7,305.4,0.3906
529,22.069,94,358.1,278.2,381.0,348.6,0.7104
529,22.069,166,428.0,278.3,453.1,351.1,0.8273
529,22.069,238,398.6,291.9,418.6,353.4,0.6877
529,22.069,288,332.4,249.6,349.6,299.6,0.4505
529,22.069,290,129.9,249.8,146.7,292.5,0.4930
529,22.069,308,350.2,248.8,365.6,297.8,0.2755
529,22.069,310,221.4,250.2,240.9,304.8,0.3690
530,22.111,94,358.2,278.2,381.0,348.2,0.7346
530,22.111,166,427.5,278.4,452.6,350.5,0.8136
530,22.111,238,398.4,292.1,418.6,353.5,0.6826
530,22.111,288,332.4,248.9,349.5,299.1,0.4237
530,22.111,290,128.9,249.8,146.3,293.6,0.5300
530,22.111,308,349.6,249.2,364.5,296.3,0.2718
530,22.111,310,221.9,247.3,241.6,302.2,0.2645
531,22.153,94,358.2,278.3,381.0,348.1,0.7344
531,22.153,166,427.0,278.7,452.1,350.2,0.8212
531,22.153,238,398.3,292.1,418.6,353.5,0.6802
531,22.153,288,332.4,248.2,349.6,298.9,0.4238
531,22.153,290,128.2,249.7,145.9,294.1,0.5139
531,22.153,308,349.2,249.0,364.0,295.9,0.2827
532,22.194,94,358.2,278.3,381.0,348.0,0.7344
532,22.194,166,426.8,278.8,452.0,350.2,0.8212
532,22.194,238,398.3,292.1,418.6,353.4,0.6802
532,22.194,288,332.4,248.0,349.6,298.9,0.4238
532,22.194,290,128.0,249.7,145.8,294.3,0.5140
532,22.194,308,349.1,249.0,363.9,295.7,0.2827
533,22.236,94,358.7,278.3,381.5,348.1,0.7373
533,22.236,166,426.3,278.6,451.8,350.0,0.8179
533,22.236,238,397.5,289.3,418.7,353.0,0.6799
533,22.236,288,334.1,247.8,351.4,298.2,0.4707
533,22.236,290,127.2,251.0,144.6,293.7,0.4877
534,22.278,94,359.1,278.3,381.8,348.0,0.7474
534,22.278,166,425.9,278.6,451.4,349.9,0.8209
534,22.278,238,397.1,288.0,418.6,353.0,0.6859
534,22.278,288,333.4,247.4,350.7,297.7,0.4534
534,22.278,290,126.6,252.0,143.5,293.2,0.4674
535,22.320,94,359.1,277.9,382.1,348.4,0.7515
535,22.320,166,425.5,278.3,451.1,349.6,0.8201
535,22.320,238,396.8,287.6,418.4,353.1,0.6883
535,22.320,288,333.6,247.3,351.1,297.6,0.4244
535,22.320,290,125.4,252.6,142.1,292.6,0.5247
536,22.361,94,359.3,277.6,382.4,348.7,0.7505
536,22.361,166,425.3,278.3,450.8,349.5,0.8215
536,22.361,238,396.6,287.4,418.2,352.8,0.6694
536,22.361,288,334.0,247.3,351.5,297.2,0.4132
536,22.361,290,123.6,251.9,140.4,292.0,0.4763
537,22.403,94,359.6,277.5,382.7,348.7,0.7466
537,22.403,166,425.0,278.0,450.6,349.4,0.8220
537,22.403,238,396.6,287.1,418.0,352.3,0.6545
537,22.403,288,333.9,247.7,351.5,297.4,0.4149
537,22.403,290,122.0,251.0,139.6,293.0,0.4834
538,22.445,94,360.0,277.3,382.9,348.1,0.7110
538,22.445,166,424.9,277.9,450.5,349.2,0.8215
538,22.445,238,396.6,287.1,417.8,351.4,0.6886
538,22.445,288,333.6,248.2,350.9,296.9,0.4181
538,22.445,290,120.1,250.5,138.4,294.4,0.2924
539,22.486,94,360.3,276.8,383.1,347.8,0.7031
539,22.486,166,424.7,277.9,450.3,349.1,0.8203
539,22.486,238,396.8,287.3,417.7,350.5,0.7133
539,22.486,288,333.7,248.4,351.0,296.6,0.3820
539,22.486,290,119.4,250.2,137.6,294.0,0.2989
540,22.528,94,360.6,276.8,383.3,347.4,0.7005
540,22.528,166,424.6,277.9,450.3,349.1,0.8078
540,22.528,238,396.7,287.1,417.5,350.0,0.7442
540,22.528,288,333.0,248.7,349.8,295.7,0.3984
540,22.528,290,118.5,250.7,136.8,294.9,0.3048
541,22.570,94,360.8,277.1,383.2,346.9,0.7033
541,22.570,166,424.5,276.9,450.1,347.5,0.8051
541,22.570,238,396.6,286.9,417.5,349.5,0.7457
541,22.570,288,332.6,248.8,349.2,295.0,0.3647
541,22.570,290,117.5,251.5,135.6,295.0,0.2749
542,22.612,94,361.0,277.0,383.4,346.5,0.6908
542,22.612,166,424.5,276.8,449.9,346.6,0.7962
542,22.612,238,396.6,286.7,417.6,349.1,0.7527
542,22.612,288,331.3,248.4,349.0,297.4,0.3307
542,22.612,290,116.1,252.2,134.6,296.7,0.2619
543,22.653,94,361.2,277.2,383.5,346.2,0.6796
543,22.653,166,424.5,276.7,449.9,346.5,0.8068
543,22.653,238,396.5,286.3,417.6,348.8,0.7457
543,22.653,288,330.7,248.3,348.8,298.0,0.3301
543,22.653,290,114.9,253.0,133.9,298.5,0.3196
544,22.695,94,361.3,277.2,383.5,346.0,0.6796
544,22.695,166,424.5,276.6,449.9,346.4,0.8067
544,22.695,238,396.4,286.1,417.7,348.7,0.7445
544,22.695,288,330.4,248.3,348.7,298.2,0.3301
544,22.695,290,114.5,253.3,133.6,299.2,0.3194
545,22.737,94,361.0,278.0,382.9,346.0,0.7129
545,22.737,166,424.1,277.9,448.9,345.5,0.7849
545,22.737,238,395.9,286.2,417.3,348.3,0.7279
545,22.737,288,330.0,248.7,348.4,298.4,0.3685
545,22.737,290,112.6,252.2,132.4,300.1,0.3007
546,22.778,94,360.8,278.2,382.7,346.3,0.7195
546,22.778,166,423.4,278.1,448.1,345.8,0.8103
546,22.778,238,395.5,286.0,417.2,348.4,0.7458
546,22.778,288,329.5,249.3,347.9,298.4,0.3559
547,22.820,94,360.5,277.8,382.7,346.7,0.7068
547,22.820,166,422.8,277.6,447.7,346.0,0.8227
547,22.820,238,395.1,285.8,417.0,348.0,0.7399
547,22.820,288,330.6,248.1,348.3,295.4,0.3910
548,22.862,94,360.3,277.6,382.5,347.1,0.7037
548,22.862,166,422.6,277.6,447.4,345.9,0.8235
548,22.862,238,394.7,285.6,416.9,348.2,0.7278
548,22.862,288,331.1,247.8,348.4,293.7,0.3801
549,22.904,94,360.1,277.6,382.4,347.2,0.6948
549,22.904,166,422.4,277.3,447.2,345.9,0.8226
549,22.904,238,394.3,285.7,416.6,348.1,0.7012
549,22.904,288,331.4,247.7,348.7,293.3,0.3911
550,22.945,94,359.9,277.5,382.2,347.3,0.7017
550,22.945,166,421.9,278.0,446.3,345.7,0.8124
550,22.945,238,394.2,285.6,416.5,347.6,0.7056
550,22.945,288,331.9,247.5,349.4,293.4,0.4155
551,22.987,94,359.8,277.3,382.0,347.3,0.7225
551,22.987,166,420.9,277.7,445.4,345.6,0.8304
551,22.987,238,393.6,285.0,416.2,347.1,0.7139
551,22.987,288,332.4,247.3,350.1,293.6,0.4337
552,23.029,94,359.8,277.3,381.9,347.2,0.7321
552,23.029,166,420.1,277.3,444.8,345.6,0.8422
552,23.029,238,393.2,284.6,416.0,347.2,0.7178
552,23.029,288,332.4,247.4,350.3,293.5,0.4296
553,23.071,94,359.6,276.9,381.6,346.8,0.7373
553,23.071,166,419.0,276.3,444.3,345.7,0.8434
553,23.071,238,393.1,284.8,416.2,347.6,0.7135
553,23.071,288,332.7,247.6,350.7,293.5,0.3934
554,23.112,94,359.6,276.8,381.6,346.8,0.7246
554,23.112,166,418.3,276.0,443.7,345.6,0.8548
554,23.112,238,392.9,284.2,416.3,347.6,0.7123
554,23.112,288,332.6,247.7,350.6,293.0,0.3826
555,23.154,94,359.7,277.2,381.6,346.9,0.7308
555,23.154,166,417.9,276.1,443.1,345.0,0.8626
555,23.154,238,392.6,284.2,416.2,347.7,0.7333
555,23.154,288,332.6,247.9,350.5,292.7,0.3762
556,23.196,94,359.7,277.3,381.5,346.9,0.7308
556,23.196,166,417.7,276.1,443.0,344.8,0.8626
556,23.196,238,392.4,284.2,416.1,347.8,0.7333
556,23.196,288,332.5,248.0,350.6,292.6,0.3762
557,23.237,94,360.0,277.6,381.4,346.0,0.7300
557,23.237,166,417.1,275.3,442.5,344.5,0.8545
557,23.237,238,392.1,284.2,415.9,347.7,0.7428
557,23.237,288,334.1,247.5,352.3,292.4,0.2945
558,23.279,94,360.2,277.3,381.7,345.8,0.7296
558,23.279,166,416.7,275.0,442.1,344.2,0.8515
558,23.279,238,391.8,284.2,415.6,347.6,0.7424
558,23.279,288,333.8,247.2,352.2,293.1,0.3014
558,23.279,324,327.0,248.7,347.7,296.1,0.3509
558,23.279,325,324.0,247.2,342.2,292.6,0.3681
559,23.321,94,360.5,277.0,381.9,345.5,0.7370
559,23.321,166,416.4,275.2,441.8,344.5,0.8517
559,23.321,238,391.5,284.0,415.5,347.6,0.7330
559,23.321,288,333.7,247.3,351.7,292.3,0.2831
559,23.321,324,326.7,248.6,347.5,296.1,0.3583
559,23.321,325,323.7,247.1,342.0,293.0,0.4226
560,23.363,94,360.6,276.7,382.2,345.8,0.7407
560,23.363,166,416.2,275.1,441.6,344.5,0.8539
560,23.363,238,391.4,283.9,415.5,347.6,0.7209
560,23.363,288,334.4,247.4,352.0,291.9,0.2710
560,23.363,324,326.5,248.9,347.1,296.1,0.3489
560,23.363,325,323.3,247.5,341.5,293.2,0.4508
561,23.404,94,360.6,276.4,382.4,346.1,0.7422
561,23.404,166,416.0,274.9,441.5,344.3,0.8546
561,23.404,238,391.4,283.6,415.6,347.6,0.7208
561,23.404,288,335.6,247.1,353.1,291.8,0.2548
561,23.404,324,325.9,248.7,346.6,296.2,0.3450
561,23.404,325,322.8,247.4,341.2,293.8,0.4978
562,23.446,94,360.7,276.3,382.5,346.3,0.7623
562,23.446,166,415.9,274.6,441.3,343.9,0.8500
562,23.446,238,391.3,283.2,415.8,347.6,0.7479
562,23.446,324,324.9,248.5,345.7,296.2,0.3062
562,23.446,325,322.0,247.7,340.4,294.1,0.5512
563,23.488,94,360.8,276.1,382.6,346.0,0.7573
563,23.488,166,415.7,274.6,441.1,343.8,0.8532
563,23.488,238,391.3,283.1,415.9,347.5,0.7448
563,23.488,324,324.6,248.7,345.2,296.1,0.2938
563,23.488,325,322.0,247.9,340.1,294.0,0.5430
564,23.529,94,360.9,276.1,382.5,345.4,0.7576
564,23.529,166,415.6,274.5,441.1,343.8,0.8532
564,23.529,238,391.3,283.1,415.8,347.3,0.7279
564,23.529,324,324.5,249.0,344.7,295.9,0.2684
564,23.529,325,321.8,248.2,339.6,293.5,0.5413
564,23.529,288,338.0,246.1,355.8,292.2,0.2934
565,23.571,94,361.0,275.8,382.6,344.8,0.7546
565,23.571,166,415.8,274.5,441.2,343.3,0.8455
565,23.571,238,391.5,283.0,416.0,346.9,0.7215
565,23.571,325,320.6,248.0,338.4,293.4,0.6002
565,23.571,288,338.6,245.7,356.3,291.9,0.3475
566,23.613,94,361.1,275.4,382.6,344.2,0.7526
566,23.613,166,415.9,274.5,441.3,343.2,0.8481
566,23.613,238,391.3,283.0,415.7,346.3,0.7064
566,23.613,325,319.5,247.8,337.3,293.2,0.5904
566,23.613,288,338.8,245.5,356.3,291.5,0.3842
566,23.613,330,234.1,238.6,255.2,294.3,0.3453
567,23.655,94,361.1,275.2,382.6,343.7,0.7638
567,23.655,166,416.0,274.4,441.5,343.2,0.8406
567,23.655,238,391.3,283.1,415.6,345.7,0.7114
567,23.655,325,318.7,247.4,336.6,293.2,0.5925
567,23.655,288,339.0,245.3,356.3,291.3,0.3957
567,23.655,330,233.3,237.9,256.1,298.2,0.3609
568,23.696,94,361.1,275.1,382.5,343.5,0.7638
568,23.696,166,416.0,274.4,441.6,343.2,0.8406
568,23.696,238,391.3,283.2,415.6,345.5,0.7115
568,23.696,325,318.4,247.2,336.4,293.2,0.5925
568,23.696,288,339.0,245.3,356.3,291.2,0.3944
568,23.696,330,233.1,237.7,256.3,299.5,0.3607
569,23.738,94,361.3,275.2,382.7,343.1,0.7664
569,23.738,166,416.0,274.1,441.4,342.7,0.8340
569,23.738,238,391.3,282.7,415.7,345.0,0.7173
569,23.738,325,318.0,246.8,335.8,292.5,0.5511
569,23.738,288,339.0,245.2,355.9,289.9,0.4038
569,23.738,330,232.3,236.6,257.1,302.6,0.4344
570,23.780,94,361.5,275.3,382.9,342.7,0.7807
570,23.780,166,416.0,273.8,441.4,342.4,0.8296
570,23.780,238,391.2,282.3,415.9,344.8,0.7345
570,23.780,325,317.9,246.7,335.7,292.0,0.5474
570,23.780,288,339.4,244.7,355.6,287.0,0.3735
570,23.780,330,232.9,236.2,256.6,299.3,0.4159
571,23.821,94,361.7,275.8,383.0,342.4,0.7694
571,23.821,166,415.9,273.5,441.3,342.3,0.8321
571,23.821,238,390.9,282.0,415.8,344.8,0.7431
571,23.821,325,317.6,247.0,335.3,292.1,0.5428
571,23.821,288,339.3,243.9,355.8,287.1,0.4278
571,23.821,330,234.2,235.7,255.4,291.8,0.4395
572,23.863,94,361.7,275.9,383.0,342.3,0.7720
572,23.863,166,416.1,273.4,441.3,342.1,0.8304
572,23.863,238,390.8,282.3,415.8,344.8,0.7364
572,23.863,325,317.4,246.8,335.1,292.0,0.5347
572,23.863,288,339.2,243.8,355.7,286.7,0.4294
572,23.863,330,235.0,235.1,254.8,287.0,0.4255
573,23.905,94,361.5,275.9,383.0,342.5,0.7643
573,23.905,166,416.2,273.4,441.1,341.8,0.8181
573,23.905,238,390.7,282.8,415.7,344.8,0.7241
573,23.905,325,317.0,246.5,334.7,291.8,0.5152
573,23.905,288,339.1,243.8,355.5,286.2,0.4423
573,23.905,330,235.0,234.3,254.9,286.1,0.4116
574,23.947,94,360.9,276.3,382.3,342.6,0.7338
574,23.947,166,415.3,274.0,440.2,342.3,0.8010
574,23.947,238,391.0,283.5,415.5,344.1,0.6679
574,23.947,325,316.6,246.1,334.2,291.5,0.4919
574,23.947,288,338.4,243.6,355.4,287.4,0.5159
574,23.947,330,235.0,234.4,255.0,286.0,0.4130
575,23.988,94,360.6,276.2,382.1,342.9,0.7378
575,23.988,166,415.6,273.6,440.5,342.1,0.8152
575,23.988,238,390.8,283.1,415.6,344.4,0.6746
575,23.988,325,316.2,245.8,333.8,291.7,0.4713
575,23.988,288,337.9,243.7,355.4,288.9,0.5145
575,23.988,330,235.2,235.2,255.2,286.5,0.4174
576,24.030,94,360.3,275.4,382.1,343.1,0.7549
576,24.030,166,415.7,273.4,440.6,342.2,0.8229
576,24.030,238,390.3,282.6,415.3,344.5,0.6836
576,24.030,325,316.0,245.9,333.7,292.3,0.4682
576,24.030,288,337.5,243.9,355.4,290.0,0.4998
576,24.030,330,235.4,236.0,255.6,287.8,0.4160
577,24.072,94,360.2,274.9,381.9,342.1,0.7594
577,24.072,166,415.2,274.1,439.9,342.8,0.8276
577,24.072,238,389.1,282.5,413.6,343.7,0.6874
577,24.072,325,315.6,246.7,332.6,292.0,0.4540
577,24.072,288,337.2,244.1,355.3,290.7,0.5213
577,24.072,330,235.8,237.1,255.9,288.3,0.3998
578,24.113,94,360.0,275.0,381.8,341.8,0.7736
578,24.113,166,415.1,274.4,439.6,342.9,0.8280
578,24.113,238,388.5,282.5,412.8,343.4,0.6757
578,24.113,325,315.5,246.6,332.6,292.3,0.4610
578,24.113,288,337.0,244.6,355.1,291.0,0.5274
578,24.113,330,236.1,237.6,255.7,287.1,0.4250
579,24.155,94,359.8,275.4,381.4,341.5,0.7916
579,24.155,166,414.9,274.5,439.3,343.1,0.8351
579,24.155,238,387.6,281.5,412.0,343.1,0.6974
579,24.155,325,315.4,246.8,332.4,292.4,0.4854
579,24.155,288,336.9,244.6,355.0,291.3,0.5470
579,24.155,330,236.6,237.8,255.6,285.4,0.4196
580,24.197,94,359.7,275.6,381.3,341.4,0.7917
580,24.197,166,414.9,274.6,439.1,343.2,0.8352
580,24.197,238,387.4,281.1,411.7,343.0,0.6975
580,24.197,325,315.4,246.8,332.3,292.4,0.4853
580,24.197,288,336.8,244.6,355.0,291.4,0.5470
580,24.197,330,236.7,237.9,255.6,285.0,0.4210
581,24.239,94,359.3,275.0,381.2,341.1,0.7905
581,24.239,166,414.4,274.5,438.2,342.5,0.8396
581,24.239,238,387.2,280.7,411.4,342.7,0.6996
581,24.239,325,314.8,247.0,331.5,292.4,0.3751
581,24.239,288,336.8,244.9,354.6,290.4,0.5439
581,24.239,330,236.4,235.7,255.7,284.1,0.3260
582,24.280,94,358.8,274.0,381.1,341.0,0.7931
582,24.280,166,414.3,274.0,438.0,342.2,0.8484
582,24.280,238,387.5,278.9,412.3,342.8,0.7133
582,24.280,325,314.4,246.7,331.0,292.3,0.3115
582,24.280,288,336.5,245.4,354.1,290.4,0.5182
582,24.280,330,236.5,234.7,256.2,284.1,0.3706
583,24.322,94,358.3,273.0,381.0,340.8,0.8104
583,24.322,166,414.2,273.9,437.8,342.0,0.8630
583,24.322,238,387.1,278.6,411.7,342.4,0.7355
583,24.322,325,314.7,246.7,331.0,292.1,0.2838
583,24.322,288,336.3,245.6,354.1,291.0,0.5497
583,24.322,330,235.6,232.4,255.5,282.4,0.3039
